X Y I J H K mass
   772.000    773.000    2.3689    2.3689    2.3689    2.3689   1.000
   776.000    773.000    1.4271    1.4271    1.4271    1.4271   1.000
   794.000    773.000    3.5849    3.5849    3.5849    3.5849   1.000
   782.000    774.000    2.4516    2.4516    2.4516    2.4516   1.000
   806.000    774.000    2.2782    2.2782    2.2782    2.2782   1.000
   797.000    775.000    2.7959    2.7959    2.7959    2.7959   1.000
   813.000    775.000   -0.6091   -0.6091   -0.6091   -0.6091   1.000
   790.000    776.000    1.4746    1.4746    1.4746    1.4746   1.000
   801.000    777.000    2.7524    2.7524    2.7524    2.7524   1.000
   809.000    777.000    1.6789    1.6789    1.6789    1.6789   1.000
   772.000    778.000    2.5965    2.5965    2.5965    2.5965   1.000
   825.000    778.000    2.8291    2.8291    2.8291    2.8291   1.000
   786.000    779.000    1.8078    1.8078    1.8078    1.8078   1.000
   818.000    779.000    1.9763    1.9763    1.9763    1.9763   1.000
   779.000    780.000    1.5483    1.5483    1.5483    1.5483   1.000
   804.000    781.000   -0.2843   -0.2843   -0.2843   -0.2843   1.000
   811.000    782.000    2.1874    2.1874    2.1874    2.1874   1.000
   825.000    783.000    2.6353    2.6353    2.6353    2.6353   1.000
   795.000    784.000    1.7399    1.7399    1.7399    1.7399   1.000
   775.000    785.000    2.3397    2.3397    2.3397    2.3397   1.000
   784.000    785.000    1.7080    1.7080    1.7080    1.7080   1.000
   787.000    785.000    1.9031    1.9031    1.9031    1.9031   1.000
   801.000    785.000    2.1943    2.1943    2.1943    2.1943   1.000
   817.000    785.000    1.9764    1.9764    1.9764    1.9764   1.000
   821.000    785.000    1.3510    1.3510    1.3510    1.3510   1.000
   796.000    786.000    1.9429    1.9429    1.9429    1.9429   1.000
   805.000    786.000    2.3694    2.3694    2.3694    2.3694   1.000
   825.000    786.000    2.9394    2.9394    2.9394    2.9394   1.000
   812.000    788.000    1.9872    1.9872    1.9872    1.9872   1.000
   776.000    789.000    2.6698    2.6698    2.6698    2.6698   1.000
   791.000    790.000    0.3196    0.3196    0.3196    0.3196   1.000
   808.000    790.000    1.8200    1.8200    1.8200    1.8200   1.000
   823.000    790.000    2.2041    2.2041    2.2041    2.2041   1.000
   783.000    792.000    2.5818    2.5818    2.5818    2.5818   1.000
   799.000    792.000    0.1519    0.1519    0.1519    0.1519   1.000
   803.000    792.000    0.0041    0.0041    0.0041    0.0041   1.000
   816.000    792.000    2.7832    2.7832    2.7832    2.7832   1.000
   827.000    792.000    2.0530    2.0530    2.0530    2.0530   1.000
   779.000    793.000    2.4473    2.4473    2.4473    2.4473   1.000
   787.000    795.000    2.1318    2.1318    2.1318    2.1318   1.000
   791.000    795.000    1.9763    1.9763    1.9763    1.9763   1.000
   794.000    795.000    1.8825    1.8825    1.8825    1.8825   1.000
   821.000    795.000    1.6980    1.6980    1.6980    1.6980   1.000
   781.000    797.000    2.2038    2.2038    2.2038    2.2038   1.000
   809.000    797.000    2.5857    2.5857    2.5857    2.5857   1.000
   816.000    797.000    3.1351    3.1351    3.1351    3.1351   1.000
   772.000    798.000    1.8556    1.8556    1.8556    1.8556   1.000
   777.000    798.000    2.4479    2.4479    2.4479    2.4479   1.000
   800.000    798.000    1.5877    1.5877    1.5877    1.5877   1.000
   820.000    798.000    1.5416    1.5416    1.5416    1.5416   1.000
   827.000    798.000    2.3424    2.3424    2.3424    2.3424   1.000
   784.000    800.000    2.4715    2.4715    2.4715    2.4715   1.000
   804.000    800.000    2.3146    2.3146    2.3146    2.3146   1.000
   825.000    800.000    1.8299    1.8299    1.8299    1.8299   1.000
   811.000    801.000    2.5764    2.5764    2.5764    2.5764   1.000
   793.000    802.000   -0.1445   -0.1445   -0.1445   -0.1445   1.000
   805.000    802.000    2.3319    2.3319    2.3319    2.3319   1.000
   815.000    802.000    2.6100    2.6100    2.6100    2.6100   1.000
   782.000    803.000    1.5738    1.5738    1.5738    1.5738   1.000
   800.000    803.000    1.8199    1.8199    1.8199    1.8199   1.000
   820.000    804.000    1.8591    1.8591    1.8591    1.8591   1.000
   809.000    805.000    1.0703    1.0703    1.0703    1.0703   1.000
   823.000    805.000    1.8280    1.8280    1.8280    1.8280   1.000
   785.000    806.000    1.8082    1.8082    1.8082    1.8082   1.000
   804.000    806.000    2.7101    2.7101    2.7101    2.7101   1.000
   795.000    807.000    0.3247    0.3247    0.3247    0.3247   1.000
   774.000    808.000    3.0000    3.0000    3.0000    3.0000   1.000
   779.000    808.000    2.8348    2.8348    2.8348    2.8348   1.000
   790.000    809.000    2.3549    2.3549    2.3549    2.3549   1.000
   827.000    809.000    1.6637    1.6637    1.6637    1.6637   1.000
   819.000    810.000    0.4577    0.4577    0.4577    0.4577   1.000
   776.000    811.000    1.1151    1.1151    1.1151    1.1151   1.000
   799.000    811.000    2.0149    2.0149    2.0149    2.0149   1.000
   807.000    811.000    2.3379    2.3379    2.3379    2.3379   1.000
   815.000    811.000    1.4635    1.4635    1.4635    1.4635   1.000
   790.000    812.000    2.6043    2.6043    2.6043    2.6043   1.000
   823.000    812.000    1.8859    1.8859    1.8859    1.8859   1.000
   781.000    813.000    1.2765    1.2765    1.2765    1.2765   1.000
   795.000    813.000    2.2911    2.2911    2.2911    2.2911   1.000
   810.000    814.000    1.8318    1.8318    1.8318    1.8318   1.000
   794.000    815.000    2.1203    2.1203    2.1203    2.1203   1.000
   802.000    815.000    1.8301    1.8301    1.8301    1.8301   1.000
   798.000    816.000    1.8036    1.8036    1.8036    1.8036   1.000
   819.000    816.000    1.3437    1.3437    1.3437    1.3437   1.000
   776.000    817.000    2.1942    2.1942    2.1942    2.1942   1.000
   786.000    818.000    1.7265    1.7265    1.7265    1.7265   1.000
   780.000    819.000    2.2544    2.2544    2.2544    2.2544   1.000
   793.000    819.000    2.4072    2.4072    2.4072    2.4072   1.000
   799.000    819.000    1.6243    1.6243    1.6243    1.6243   1.000
   803.000    820.000    2.6618    2.6618    2.6618    2.6618   1.000
   807.000    820.000    2.5337    2.5337    2.5337    2.5337   1.000
   815.000    820.000    1.9770    1.9770    1.9770    1.9770   1.000
   819.000    821.000    0.7893    0.7893    0.7893    0.7893   1.000
   824.000    821.000    1.5232    1.5232    1.5232    1.5232   1.000
   779.000    823.000    0.7030    0.7030    0.7030    0.7030   1.000
   787.000    823.000    2.1266    2.1266    2.1266    2.1266   1.000
   772.000    824.000    1.6789    1.6789    1.6789    1.6789   1.000
   791.000    825.000    2.7092    2.7092    2.7092    2.7092   1.000
   825.000    825.000    2.5290    2.5290    2.5290    2.5290   1.000
   775.000    827.000    1.6813    1.6813    1.6813    1.6813   1.000
   803.000    827.000    2.0916    2.0916    2.0916    2.0916   1.000
   822.000    827.000    1.9882    1.9882    1.9882    1.9882   1.000
   844.000    772.000    2.3737    2.3737    2.3737    2.3737   1.000
   856.000    772.000    2.2793    2.2793    2.2793    2.2793   1.000
   876.000    772.000    2.1854    2.1854    2.1854    2.1854   1.000
   888.000    773.000    2.4219    2.4219    2.4219    2.4219   1.000
   860.000    774.000    0.9443    0.9443    0.9443    0.9443   1.000
   890.000    775.000    2.0574    2.0574    2.0574    2.0574   1.000
   853.000    776.000    2.1778    2.1778    2.1778    2.1778   1.000
   868.000    776.000    1.0973    1.0973    1.0973    1.0973   1.000
   873.000    776.000    1.6908    1.6908    1.6908    1.6908   1.000
   881.000    776.000    2.0484    2.0484    2.0484    2.0484   1.000
   840.000    778.000    2.1662    2.1662    2.1662    2.1662   1.000
   845.000    778.000    3.0314    3.0314    3.0314    3.0314   1.000
   857.000    778.000    2.3041    2.3041    2.3041    2.3041   1.000
   859.000    780.000    2.1034    2.1034    2.1034    2.1034   1.000
   876.000    780.000    1.7158    1.7158    1.7158    1.7158   1.000
   849.000    781.000    1.5315    1.5315    1.5315    1.5315   1.000
   852.000    781.000    2.1473    2.1473    2.1473    2.1473   1.000
   863.000    781.000    2.3637    2.3637    2.3637    2.3637   1.000
   882.000    781.000    1.4326    1.4326    1.4326    1.4326   1.000
   842.000    782.000    0.7005    0.7005    0.7005    0.7005   1.000
   890.000    782.000    1.7978    1.7978    1.7978    1.7978   1.000
   887.000    783.000    2.2813    2.2813    2.2813    2.2813   1.000
   857.000    784.000    0.8677    0.8677    0.8677    0.8677   1.000
   872.000    784.000    1.4053    1.4053    1.4053    1.4053   1.000
   879.000    785.000    2.9519    2.9519    2.9519    2.9519   1.000
   839.000    786.000   -0.3765   -0.3765   -0.3765   -0.3765   1.000
   845.000    786.000   -0.7488   -0.7488   -0.7488   -0.7488   1.000
   863.000    787.000    2.6180    2.6180    2.6180    2.6180   1.000
   875.000    787.000    2.1636    2.1636    2.1636    2.1636   1.000
   867.000    788.000    1.6969    1.6969    1.6969    1.6969   1.000
   878.000    788.000    2.6144    2.6144    2.6144    2.6144   1.000
   884.000    788.000    2.2958    2.2958    2.2958    2.2958   1.000
   850.000    790.000    2.0018    2.0018    2.0018    2.0018   1.000
   885.000    790.000    1.8624    1.8624    1.8624    1.8624   1.000
   878.000    791.000    2.3914    2.3914    2.3914    2.3914   1.000
   863.000    792.000    2.5269    2.5269    2.5269    2.5269   1.000
   868.000    792.000    2.0221    2.0221    2.0221    2.0221   1.000
   882.000    792.000    2.2960    2.2960    2.2960    2.2960   1.000
   859.000    793.000    2.1913    2.1913    2.1913    2.1913   1.000
   845.000    794.000    1.0553    1.0553    1.0553    1.0553   1.000
   854.000    794.000    0.8005    0.8005    0.8005    0.8005   1.000
   836.000    795.000    2.0582    2.0582    2.0582    2.0582   1.000
   887.000    795.000    1.8145    1.8145    1.8145    1.8145   1.000
   875.000    796.000    2.2294    2.2294    2.2294    2.2294   1.000
   891.000    796.000    2.5570    2.5570    2.5570    2.5570   1.000
   862.000    797.000    2.4179    2.4179    2.4179    2.4179   1.000
   879.000    797.000    2.5936    2.5936    2.5936    2.5936   1.000
   840.000    798.000    1.8959    1.8959    1.8959    1.8959   1.000
   857.000    798.000    2.6637    2.6637    2.6637    2.6637   1.000
   843.000    799.000    1.4960    1.4960    1.4960    1.4960   1.000
   845.000    799.000    1.3138    1.3138    1.3138    1.3138   1.000
   871.000    800.000    1.6962    1.6962    1.6962    1.6962   1.000
   887.000    800.000    2.0123    2.0123    2.0123    2.0123   1.000
   838.000    803.000    1.5029    1.5029    1.5029    1.5029   1.000
   879.000    803.000    2.5279    2.5279    2.5279    2.5279   1.000
   856.000    804.000   -0.6648   -0.6648   -0.6648   -0.6648   1.000
   865.000    804.000    0.8864    0.8864    0.8864    0.8864   1.000
   845.000    805.000    1.7289    1.7289    1.7289    1.7289   1.000
   883.000    805.000    1.8532    1.8532    1.8532    1.8532   1.000
   877.000    806.000    2.8663    2.8663    2.8663    2.8663   1.000
   887.000    806.000    0.8840    0.8840    0.8840    0.8840   1.000
   850.000    808.000    2.0430    2.0430    2.0430    2.0430   1.000
   856.000    809.000    2.3728    2.3728    2.3728    2.3728   1.000
   865.000    809.000    1.8755    1.8755    1.8755    1.8755   1.000
   889.000    810.000    2.2217    2.2217    2.2217    2.2217   1.000
   854.000    811.000    2.4957    2.4957    2.4957    2.4957   1.000
   861.000    811.000    2.2900    2.2900    2.2900    2.2900   1.000
   870.000    811.000    2.7131    2.7131    2.7131    2.7131   1.000
   845.000    812.000    1.5560    1.5560    1.5560    1.5560   1.000
   850.000    813.000    2.7897    2.7897    2.7897    2.7897   1.000
   885.000    813.000    1.8307    1.8307    1.8307    1.8307   1.000
   877.000    814.000    1.4793    1.4793    1.4793    1.4793   1.000
   883.000    814.000    1.0040    1.0040    1.0040    1.0040   1.000
   839.000    815.000    2.1574    2.1574    2.1574    2.1574   1.000
   865.000    815.000    1.8368    1.8368    1.8368    1.8368   1.000
   871.000    815.000    2.2574    2.2574    2.2574    2.2574   1.000
   847.000    816.000    2.7257    2.7257    2.7257    2.7257   1.000
   855.000    816.000    2.1246    2.1246    2.1246    2.1246   1.000
   851.000    818.000    2.2376    2.2376    2.2376    2.2376   1.000
   867.000    818.000    1.4381    1.4381    1.4381    1.4381   1.000
   875.000    818.000    3.3781    3.3781    3.3781    3.3781   1.000
   856.000    819.000    2.5731    2.5731    2.5731    2.5731   1.000
   844.000    820.000    2.1817    2.1817    2.1817    2.1817   1.000
   860.000    820.000    2.4735    2.4735    2.4735    2.4735   1.000
   879.000    820.000    2.7855    2.7855    2.7855    2.7855   1.000
   885.000    820.000    1.9951    1.9951    1.9951    1.9951   1.000
   864.000    821.000    2.8419    2.8419    2.8419    2.8419   1.000
   886.000    822.000    1.8301    1.8301    1.8301    1.8301   1.000
   852.000    824.000    2.1310    2.1310    2.1310    2.1310   1.000
   867.000    824.000    0.1664    0.1664    0.1664    0.1664   1.000
   879.000    824.000    2.0632    2.0632    2.0632    2.0632   1.000
   848.000    826.000    1.6467    1.6467    1.6467    1.6467   1.000
   844.000    827.000    2.2132    2.2132    2.2132    2.2132   1.000
   874.000    827.000    2.8914    2.8914    2.8914    2.8914   1.000
   929.000    772.000    2.0920    2.0920    2.0920    2.0920   1.000
   947.000    772.000    2.3014    2.3014    2.3014    2.3014   1.000
   913.000    773.000    2.0037    2.0037    2.0037    2.0037   1.000
   936.000    773.000    1.8272    1.8272    1.8272    1.8272   1.000
   941.000    773.000    1.5607    1.5607    1.5607    1.5607   1.000
   901.000    774.000    2.6806    2.6806    2.6806    2.6806   1.000
   907.000    774.000   -0.6558   -0.6558   -0.6558   -0.6558   1.000
   915.000    774.000    1.7099    1.7099    1.7099    1.7099   1.000
   925.000    774.000    2.5217    2.5217    2.5217    2.5217   1.000
   934.000    774.000    1.5790    1.5790    1.5790    1.5790   1.000
   954.000    774.000    2.3826    2.3826    2.3826    2.3826   1.000
   948.000    775.000    2.2502    2.2502    2.2502    2.2502   1.000
   921.000    776.000    1.8999    1.8999    1.8999    1.8999   1.000
   943.000    776.000    3.1559    3.1559    3.1559    3.1559   1.000
   938.000    777.000    1.9949    1.9949    1.9949    1.9949   1.000
   900.000    778.000    2.1555    2.1555    2.1555    2.1555   1.000
   928.000    778.000    2.1009    2.1009    2.1009    2.1009   1.000
   934.000    778.000    1.5943    1.5943    1.5943    1.5943   1.000
   904.000    779.000    2.9411    2.9411    2.9411    2.9411   1.000
   912.000    779.000    2.4082    2.4082    2.4082    2.4082   1.000
   919.000    780.000    2.5301    2.5301    2.5301    2.5301   1.000
   944.000    781.000    2.6709    2.6709    2.6709    2.6709   1.000
   936.000    782.000    2.1452    2.1452    2.1452    2.1452   1.000
   906.000    783.000    1.7923    1.7923    1.7923    1.7923   1.000
   915.000    783.000    1.3914    1.3914    1.3914    1.3914   1.000
   940.000    783.000    2.2396    2.2396    2.2396    2.2396   1.000
   949.000    783.000    1.7011    1.7011    1.7011    1.7011   1.000
   901.000    784.000    2.5952    2.5952    2.5952    2.5952   1.000
   948.000    785.000    1.6785    1.6785    1.6785    1.6785   1.000
   912.000    786.000    2.5595    2.5595    2.5595    2.5595   1.000
   917.000    787.000    1.2248    1.2248    1.2248    1.2248   1.000
   929.000    787.000    2.0614    2.0614    2.0614    2.0614   1.000
   923.000    788.000   -0.1296   -0.1296   -0.1296   -0.1296   1.000
   942.000    788.000    2.5633    2.5633    2.5633    2.5633   1.000
   904.000    789.000    2.6696    2.6696    2.6696    2.6696   1.000
   933.000    789.000    2.5117    2.5117    2.5117    2.5117   1.000
   953.000    789.000    2.2567    2.2567    2.2567    2.2567   1.000
   900.000    790.000    1.8366    1.8366    1.8366    1.8366   1.000
   919.000    791.000    2.9543    2.9543    2.9543    2.9543   1.000
   930.000    792.000    2.7326    2.7326    2.7326    2.7326   1.000
   912.000    793.000    2.1532    2.1532    2.1532    2.1532   1.000
   925.000    793.000    2.6609    2.6609    2.6609    2.6609   1.000
   941.000    793.000    1.8424    1.8424    1.8424    1.8424   1.000
   947.000    793.000    1.4556    1.4556    1.4556    1.4556   1.000
   915.000    794.000    2.2598    2.2598    2.2598    2.2598   1.000
   905.000    795.000    2.0172    2.0172    2.0172    2.0172   1.000
   936.000    795.000    2.4686    2.4686    2.4686    2.4686   1.000
   933.000    796.000    1.4860    1.4860    1.4860    1.4860   1.000
   942.000    796.000    2.5327    2.5327    2.5327    2.5327   1.000
   946.000    796.000    1.8676    1.8676    1.8676    1.8676   1.000
   900.000    798.000    1.5438    1.5438    1.5438    1.5438   1.000
   909.000    798.000    1.1635    1.1635    1.1635    1.1635   1.000
   922.000    798.000    2.5006    2.5006    2.5006    2.5006   1.000
   950.000    799.000    2.5305    2.5305    2.5305    2.5305   1.000
   904.000    800.000    3.4250    3.4250    3.4250    3.4250   1.000
   939.000    800.000    2.2545    2.2545    2.2545    2.2545   1.000
   912.000    803.000    0.5717    0.5717    0.5717    0.5717   1.000
   921.000    803.000    2.2325    2.2325    2.2325    2.2325   1.000
   908.000    804.000    2.5399    2.5399    2.5399    2.5399   1.000
   924.000    804.000    1.0030    1.0030    1.0030    1.0030   1.000
   931.000    804.000    1.3678    1.3678    1.3678    1.3678   1.000
   938.000    805.000    2.8413    2.8413    2.8413    2.8413   1.000
   946.000    805.000    0.0751    0.0751    0.0751    0.0751   1.000
   952.000    805.000   -0.8424   -0.8424   -0.8424   -0.8424   1.000
   901.000    809.000    2.2399    2.2399    2.2399    2.2399   1.000
   928.000    809.000    2.3131    2.3131    2.3131    2.3131   1.000
   903.000    810.000    2.0272    2.0272    2.0272    2.0272   1.000
   945.000    810.000    1.4059    1.4059    1.4059    1.4059   1.000
   949.000    810.000    2.7665    2.7665    2.7665    2.7665   1.000
   953.000    810.000    2.5156    2.5156    2.5156    2.5156   1.000
   909.000    811.000    1.6420    1.6420    1.6420    1.6420   1.000
   936.000    811.000    2.4245    2.4245    2.4245    2.4245   1.000
   940.000    811.000    2.4219    2.4219    2.4219    2.4219   1.000
   914.000    812.000    2.4013    2.4013    2.4013    2.4013   1.000
   917.000    812.000    2.3282    2.3282    2.3282    2.3282   1.000
   931.000    812.000    2.5430    2.5430    2.5430    2.5430   1.000
   947.000    814.000    2.2638    2.2638    2.2638    2.2638   1.000
   912.000    815.000    1.9300    1.9300    1.9300    1.9300   1.000
   928.000    815.000    2.8314    2.8314    2.8314    2.8314   1.000
   903.000    816.000    2.0551    2.0551    2.0551    2.0551   1.000
   943.000    816.000    1.9925    1.9925    1.9925    1.9925   1.000
   935.000    818.000    1.5591    1.5591    1.5591    1.5591   1.000
   955.000    818.000    1.5423    1.5423    1.5423    1.5423   1.000
   914.000    819.000    1.6941    1.6941    1.6941    1.6941   1.000
   919.000    819.000    2.7515    2.7515    2.7515    2.7515   1.000
   926.000    819.000    1.8566    1.8566    1.8566    1.8566   1.000
   931.000    819.000    2.0384    2.0384    2.0384    2.0384   1.000
   947.000    819.000    2.1396    2.1396    2.1396    2.1396   1.000
   907.000    820.000    1.5981    1.5981    1.5981    1.5981   1.000
   945.000    820.000    2.4122    2.4122    2.4122    2.4122   1.000
   900.000    822.000    1.5481    1.5481    1.5481    1.5481   1.000
   923.000    822.000    1.9763    1.9763    1.9763    1.9763   1.000
   945.000    822.000    2.2970    2.2970    2.2970    2.2970   1.000
   950.000    822.000    1.8546    1.8546    1.8546    1.8546   1.000
   902.000    823.000    1.5246    1.5246    1.5246    1.5246   1.000
   927.000    823.000    2.4320    2.4320    2.4320    2.4320   1.000
   936.000    823.000    2.0871    2.0871    2.0871    2.0871   1.000
   912.000    824.000    0.2230    0.2230    0.2230    0.2230   1.000
   917.000    824.000    1.8597    1.8597    1.8597    1.8597   1.000
   940.000    825.000    2.7937    2.7937    2.7937    2.7937   1.000
   906.000    826.000    1.7096    1.7096    1.7096    1.7096   1.000
   903.000    827.000    0.8659    0.8659    0.8659    0.8659   1.000
   923.000    827.000    1.7544    1.7544    1.7544    1.7544   1.000
   948.000    827.000    2.4256    2.4256    2.4256    2.4256   1.000
  1003.000    772.000    1.6150    1.6150    1.6150    1.6150   1.000
  1016.000    772.000    1.6842    1.6842    1.6842    1.6842   1.000
   993.000    775.000    2.4618    2.4618    2.4618    2.4618   1.000
   966.000    776.000    1.9083    1.9083    1.9083    1.9083   1.000
   970.000    776.000    0.8447    0.8447    0.8447    0.8447   1.000
   974.000    776.000    1.9155    1.9155    1.9155    1.9155   1.000
   990.000    776.000    1.7071    1.7071    1.7071    1.7071   1.000
   997.000    776.000    2.2569    2.2569    2.2569    2.2569   1.000
  1010.000    776.000    2.7749    2.7749    2.7749    2.7749   1.000
   982.000    778.000    2.0112    2.0112    2.0112    2.0112   1.000
   986.000    778.000    2.6449    2.6449    2.6449    2.6449   1.000
  1005.000    779.000    3.0060    3.0060    3.0060    3.0060   1.000
   997.000    780.000    2.3265    2.3265    2.3265    2.3265   1.000
  1009.000    782.000   -0.3673   -0.3673   -0.3673   -0.3673   1.000
  1013.000    782.000   -0.2893   -0.2893   -0.2893   -0.2893   1.000
   982.000    783.000    2.0335    2.0335    2.0335    2.0335   1.000
  1001.000    783.000    1.7951    1.7951    1.7951    1.7951   1.000
   995.000    784.000    2.1156    2.1156    2.1156    2.1156   1.000
  1005.000    784.000    0.3477    0.3477    0.3477    0.3477   1.000
   971.000    786.000    2.0095    2.0095    2.0095    2.0095   1.000
   985.000    787.000    1.5119    1.5119    1.5119    1.5119   1.000
  1012.000    788.000    2.6092    2.6092    2.6092    2.6092   1.000
   981.000    789.000   -0.4386   -0.4386   -0.4386   -0.4386   1.000
  1004.000    789.000    1.0077    1.0077    1.0077    1.0077   1.000
   988.000    791.000    2.7449    2.7449    2.7449    2.7449   1.000
  1008.000    791.000    1.2798    1.2798    1.2798    1.2798   1.000
  1001.000    792.000    1.9001    1.9001    1.9001    1.9001   1.000
  1019.000    792.000    2.4559    2.4559    2.4559    2.4559   1.000
   996.000    793.000    1.9020    1.9020    1.9020    1.9020   1.000
   992.000    795.000    2.1270    2.1270    2.1270    2.1270   1.000
   997.000    795.000    1.9449    1.9449    1.9449    1.9449   1.000
   980.000    796.000    2.2592    2.2592    2.2592    2.2592   1.000
  1005.000    796.000    2.2766    2.2766    2.2766    2.2766   1.000
  1010.000    796.000    2.1314    2.1314    2.1314    2.1314   1.000
   967.000    797.000    2.2967    2.2967    2.2967    2.2967   1.000
   972.000    798.000   -0.2395   -0.2395   -0.2395   -0.2395   1.000
  1012.000    798.000    1.5191    1.5191    1.5191    1.5191   1.000
   977.000    799.000    2.3849    2.3849    2.3849    2.3849   1.000
   996.000    799.000    2.4152    2.4152    2.4152    2.4152   1.000
  1000.000    799.000    1.6734    1.6734    1.6734    1.6734   1.000
   964.000    801.000    1.0815    1.0815    1.0815    1.0815   1.000
   991.000    801.000    2.0434    2.0434    2.0434    2.0434   1.000
  1010.000    801.000    2.3851    2.3851    2.3851    2.3851   1.000
   977.000    804.000    2.2330    2.2330    2.2330    2.2330   1.000
   982.000    804.000   -0.3508   -0.3508   -0.3508   -0.3508   1.000
   998.000    804.000    1.7668    1.7668    1.7668    1.7668   1.000
   986.000    805.000    1.7914    1.7914    1.7914    1.7914   1.000
   992.000    805.000    1.3131    1.3131    1.3131    1.3131   1.000
   969.000    806.000    0.2070    0.2070    0.2070    0.2070   1.000
  1001.000    807.000    2.5356    2.5356    2.5356    2.5356   1.000
   997.000    808.000    1.5694    1.5694    1.5694    1.5694   1.000
  1006.000    808.000    1.4898    1.4898    1.4898    1.4898   1.000
   972.000    809.000    2.4246    2.4246    2.4246    2.4246   1.000
   978.000    809.000    1.8291    1.8291    1.8291    1.8291   1.000
   989.000    810.000    2.2878    2.2878    2.2878    2.2878   1.000
   992.000    810.000    1.7356    1.7356    1.7356    1.7356   1.000
   969.000    811.000    2.5083    2.5083    2.5083    2.5083   1.000
   984.000    811.000    1.9944    1.9944    1.9944    1.9944   1.000
   975.000    813.000    2.3960    2.3960    2.3960    2.3960   1.000
  1005.000    813.000    1.4881    1.4881    1.4881    1.4881   1.000
   996.000    814.000    1.3689    1.3689    1.3689    1.3689   1.000
   980.000    815.000    2.1870    2.1870    2.1870    2.1870   1.000
  1012.000    815.000    1.8539    1.8539    1.8539    1.8539   1.000
   976.000    816.000    1.6251    1.6251    1.6251    1.6251   1.000
   983.000    816.000    2.6387    2.6387    2.6387    2.6387   1.000
   999.000    816.000    2.5631    2.5631    2.5631    2.5631   1.000
  1018.000    817.000    2.4643    2.4643    2.4643    2.4643   1.000
   993.000    819.000    2.0583    2.0583    2.0583    2.0583   1.000
   981.000    820.000    2.5566    2.5566    2.5566    2.5566   1.000
  1006.000    820.000    0.7808    0.7808    0.7808    0.7808   1.000
  1010.000    820.000    1.7835    1.7835    1.7835    1.7835   1.000
  1015.000    820.000    1.9623    1.9623    1.9623    1.9623   1.000
   964.000    821.000    1.7466    1.7466    1.7466    1.7466   1.000
   986.000    821.000    1.9166    1.9166    1.9166    1.9166   1.000
  1001.000    822.000    0.2030    0.2030    0.2030    0.2030   1.000
   969.000    823.000    2.2858    2.2858    2.2858    2.2858   1.000
   991.000    823.000    1.8592    1.8592    1.8592    1.8592   1.000
   994.000    824.000    2.1390    2.1390    2.1390    2.1390   1.000
  1005.000    824.000    1.3944    1.3944    1.3944    1.3944   1.000
   986.000    825.000    2.8736    2.8736    2.8736    2.8736   1.000
  1017.000    825.000    2.3949    2.3949    2.3949    2.3949   1.000
   981.000    826.000    1.4081    1.4081    1.4081    1.4081   1.000
  1003.000    826.000    1.7895    1.7895    1.7895    1.7895   1.000
  1010.000    826.000    1.3768    1.3768    1.3768    1.3768   1.000
   969.000    827.000    2.5179    2.5179    2.5179    2.5179   1.000
  1040.000    772.000    2.1719    2.1719    2.1719    2.1719   1.000
  1048.000    772.000    1.6959    1.6959    1.6959    1.6959   1.000
  1036.000    773.000    0.7582    0.7582    0.7582    0.7582   1.000
  1069.000    773.000    2.1172    2.1172    2.1172    2.1172   1.000
  1030.000    774.000    2.6992    2.6992    2.6992    2.6992   1.000
  1062.000    775.000    0.9079    0.9079    0.9079    0.9079   1.000
  1045.000    776.000    2.1405    2.1405    2.1405    2.1405   1.000
  1068.000    776.000    1.6373    1.6373    1.6373    1.6373   1.000
  1028.000    779.000    1.0273    1.0273    1.0273    1.0273   1.000
  1035.000    779.000    1.5052    1.5052    1.5052    1.5052   1.000
  1056.000    779.000    1.8871    1.8871    1.8871    1.8871   1.000
  1072.000    779.000    1.6287    1.6287    1.6287    1.6287   1.000
  1064.000    780.000    2.4503    2.4503    2.4503    2.4503   1.000
  1077.000    780.000    1.6290    1.6290    1.6290    1.6290   1.000
  1039.000    782.000    1.3804    1.3804    1.3804    1.3804   1.000
  1050.000    782.000    2.0022    2.0022    2.0022    2.0022   1.000
  1073.000    783.000    2.3303    2.3303    2.3303    2.3303   1.000
  1028.000    784.000    1.7951    1.7951    1.7951    1.7951   1.000
  1032.000    784.000    0.5159    0.5159    0.5159    0.5159   1.000
  1075.000    784.000    2.1038    2.1038    2.1038    2.1038   1.000
  1045.000    785.000   -0.6591   -0.6591   -0.6591   -0.6591   1.000
  1061.000    785.000    1.4085    1.4085    1.4085    1.4085   1.000
  1056.000    786.000    1.9816    1.9816    1.9816    1.9816   1.000
  1065.000    786.000    1.8440    1.8440    1.8440    1.8440   1.000
  1080.000    786.000    2.0035    2.0035    2.0035    2.0035   1.000
  1052.000    787.000    1.5140    1.5140    1.5140    1.5140   1.000
  1073.000    787.000    2.2038    2.2038    2.2038    2.2038   1.000
  1031.000    790.000    2.1284    2.1284    2.1284    2.1284   1.000
  1048.000    791.000    2.4360    2.4360    2.4360    2.4360   1.000
  1060.000    791.000    2.0753    2.0753    2.0753    2.0753   1.000
  1042.000    792.000    0.7805    0.7805    0.7805    0.7805   1.000
  1080.000    792.000    2.1794    2.1794    2.1794    2.1794   1.000
  1065.000    793.000    2.4983    2.4983    2.4983    2.4983   1.000
  1069.000    793.000    1.1543    1.1543    1.1543    1.1543   1.000
  1034.000    795.000    1.4240    1.4240    1.4240    1.4240   1.000
  1049.000    795.000    2.0294    2.0294    2.0294    2.0294   1.000
  1062.000    795.000    2.2449    2.2449    2.2449    2.2449   1.000
  1075.000    795.000   -0.1092   -0.1092   -0.1092   -0.1092   1.000
  1056.000    796.000   -0.7081   -0.7081   -0.7081   -0.7081   1.000
  1071.000    796.000    1.9068    1.9068    1.9068    1.9068   1.000
  1040.000    797.000    2.3219    2.3219    2.3219    2.3219   1.000
  1029.000    798.000    1.2868    1.2868    1.2868    1.2868   1.000
  1042.000    798.000    2.3635    2.3635    2.3635    2.3635   1.000
  1067.000    799.000    2.0649    2.0649    2.0649    2.0649   1.000
  1077.000    800.000    1.5048    1.5048    1.5048    1.5048   1.000
  1081.000    800.000    2.1562    2.1562    2.1562    2.1562   1.000
  1053.000    801.000    2.8884    2.8884    2.8884    2.8884   1.000
  1073.000    801.000    2.1890    2.1890    2.1890    2.1890   1.000
  1036.000    802.000    0.2437    0.2437    0.2437    0.2437   1.000
  1046.000    802.000    2.2452    2.2452    2.2452    2.2452   1.000
  1028.000    803.000   -0.0111   -0.0111   -0.0111   -0.0111   1.000
  1041.000    803.000    2.2621    2.2621    2.2621    2.2621   1.000
  1058.000    803.000    1.8919    1.8919    1.8919    1.8919   1.000
  1063.000    803.000    1.6741    1.6741    1.6741    1.6741   1.000
  1068.000    803.000    1.8647    1.8647    1.8647    1.8647   1.000
  1079.000    803.000    1.6613    1.6613    1.6613    1.6613   1.000
  1049.000    806.000    1.6143    1.6143    1.6143    1.6143   1.000
  1073.000    806.000    1.6662    1.6662    1.6662    1.6662   1.000
  1083.000    806.000    1.8772    1.8772    1.8772    1.8772   1.000
  1053.000    807.000    2.4464    2.4464    2.4464    2.4464   1.000
  1028.000    808.000    2.6696    2.6696    2.6696    2.6696   1.000
  1032.000    808.000    2.0290    2.0290    2.0290    2.0290   1.000
  1061.000    808.000    2.6554    2.6554    2.6554    2.6554   1.000
  1071.000    809.000    2.1976    2.1976    2.1976    2.1976   1.000
  1066.000    810.000    0.8108    0.8108    0.8108    0.8108   1.000
  1076.000    810.000    1.5485    1.5485    1.5485    1.5485   1.000
  1048.000    811.000    1.3919    1.3919    1.3919    1.3919   1.000
  1040.000    812.000    2.3875    2.3875    2.3875    2.3875   1.000
  1044.000    812.000    3.2006    3.2006    3.2006    3.2006   1.000
  1055.000    812.000    1.9466    1.9466    1.9466    1.9466   1.000
  1081.000    812.000    2.8731    2.8731    2.8731    2.8731   1.000
  1028.000    813.000    1.2918    1.2918    1.2918    1.2918   1.000
  1033.000    813.000    1.5849    1.5849    1.5849    1.5849   1.000
  1036.000    813.000    1.4574    1.4574    1.4574    1.4574   1.000
  1061.000    813.000    1.0698    1.0698    1.0698    1.0698   1.000
  1069.000    814.000    2.1718    2.1718    2.1718    2.1718   1.000
  1050.000    815.000    2.7033    2.7033    2.7033    2.7033   1.000
  1058.000    815.000    1.8336    1.8336    1.8336    1.8336   1.000
  1076.000    815.000    2.1173    2.1173    2.1173    2.1173   1.000
  1041.000    816.000    2.9669    2.9669    2.9669    2.9669   1.000
  1066.000    817.000    2.0134    2.0134    2.0134    2.0134   1.000
  1029.000    818.000    2.4802    2.4802    2.4802    2.4802   1.000
  1031.000    818.000    2.1504    2.1504    2.1504    2.1504   1.000
  1063.000    819.000    1.6850    1.6850    1.6850    1.6850   1.000
  1042.000    820.000    1.4704    1.4704    1.4704    1.4704   1.000
  1079.000    820.000    2.0100    2.0100    2.0100    2.0100   1.000
  1054.000    821.000    1.7720    1.7720    1.7720    1.7720   1.000
  1076.000    821.000    1.9618    1.9618    1.9618    1.9618   1.000
  1032.000    822.000    1.7134    1.7134    1.7134    1.7134   1.000
  1060.000    823.000    2.4129    2.4129    2.4129    2.4129   1.000
  1080.000    823.000    1.9467    1.9467    1.9467    1.9467   1.000
  1052.000    824.000    2.1052    2.1052    2.1052    2.1052   1.000
  1041.000    826.000    1.4796    1.4796    1.4796    1.4796   1.000
  1047.000    826.000    3.2337    3.2337    3.2337    3.2337   1.000
  1032.000    827.000    1.4525    1.4525    1.4525    1.4525   1.000
  1055.000    827.000    2.4799    2.4799    2.4799    2.4799   1.000
  1068.000    827.000    1.5401    1.5401    1.5401    1.5401   1.000
  1116.000    772.000    1.3988    1.3988    1.3988    1.3988   1.000
  1138.000    772.000    3.2735    3.2735    3.2735    3.2735   1.000
  1129.000    774.000    2.2640    2.2640    2.2640    2.2640   1.000
  1134.000    774.000    2.4314    2.4314    2.4314    2.4314   1.000
  1141.000    774.000    1.6623    1.6623    1.6623    1.6623   1.000
  1147.000    774.000    1.8571    1.8571    1.8571    1.8571   1.000
  1098.000    775.000    3.0543    3.0543    3.0543    3.0543   1.000
  1102.000    775.000    1.5581    1.5581    1.5581    1.5581   1.000
  1108.000    776.000    2.1453    2.1453    2.1453    2.1453   1.000
  1113.000    776.000    1.4657    1.4657    1.4657    1.4657   1.000
  1126.000    776.000    2.2662    2.2662    2.2662    2.2662   1.000
  1138.000    777.000    2.6326    2.6326    2.6326    2.6326   1.000
  1143.000    777.000    2.3172    2.3172    2.3172    2.3172   1.000
  1129.000    778.000    2.1379    2.1379    2.1379    2.1379   1.000
  1099.000    779.000    1.8852    1.8852    1.8852    1.8852   1.000
  1106.000    779.000    2.2187    2.2187    2.2187    2.2187   1.000
  1134.000    779.000    1.7366    1.7366    1.7366    1.7366   1.000
  1093.000    780.000    2.4063    2.4063    2.4063    2.4063   1.000
  1141.000    780.000    1.6712    1.6712    1.6712    1.6712   1.000
  1114.000    781.000    1.3184    1.3184    1.3184    1.3184   1.000
  1123.000    781.000    2.3420    2.3420    2.3420    2.3420   1.000
  1138.000    783.000    1.8417    1.8417    1.8417    1.8417   1.000
  1101.000    784.000    2.1259    2.1259    2.1259    2.1259   1.000
  1107.000    784.000    1.6907    1.6907    1.6907    1.6907   1.000
  1129.000    784.000    2.3944    2.3944    2.3944    2.3944   1.000
  1133.000    784.000    2.3705    2.3705    2.3705    2.3705   1.000
  1147.000    784.000    2.7632    2.7632    2.7632    2.7632   1.000
  1096.000    785.000   -0.2852   -0.2852   -0.2852   -0.2852   1.000
  1137.000    786.000    1.7550    1.7550    1.7550    1.7550   1.000
  1142.000    787.000    2.5030    2.5030    2.5030    2.5030   1.000
  1126.000    788.000    2.3185    2.3185    2.3185    2.3185   1.000
  1113.000    789.000    2.5938    2.5938    2.5938    2.5938   1.000
  1130.000    789.000    2.2598    2.2598    2.2598    2.2598   1.000
  1098.000    791.000   -0.5018   -0.5018   -0.5018   -0.5018   1.000
  1134.000    791.000    1.3585    1.3585    1.3585    1.3585   1.000
  1121.000    792.000    1.8398    1.8398    1.8398    1.8398   1.000
  1139.000    792.000   -0.3022   -0.3022   -0.3022   -0.3022   1.000
  1112.000    793.000    2.2277    2.2277    2.2277    2.2277   1.000
  1107.000    794.000    2.6150    2.6150    2.6150    2.6150   1.000
  1125.000    795.000    2.1581    2.1581    2.1581    2.1581   1.000
  1128.000    795.000    1.8904    1.8904    1.8904    1.8904   1.000
  1146.000    795.000    1.1126    1.1126    1.1126    1.1126   1.000
  1103.000    796.000    1.9503    1.9503    1.9503    1.9503   1.000
  1109.000    796.000    2.0700    2.0700    2.0700    2.0700   1.000
  1115.000    796.000    1.9108    1.9108    1.9108    1.9108   1.000
  1093.000    797.000    2.7418    2.7418    2.7418    2.7418   1.000
  1122.000    797.000    1.9926    1.9926    1.9926    1.9926   1.000
  1138.000    797.000    1.3196    1.3196    1.3196    1.3196   1.000
  1130.000    799.000    2.2781    2.2781    2.2781    2.2781   1.000
  1105.000    800.000    2.2545    2.2545    2.2545    2.2545   1.000
  1096.000    801.000    0.7012    0.7012    0.7012    0.7012   1.000
  1111.000    801.000    1.8950    1.8950    1.8950    1.8950   1.000
  1125.000    801.000    1.8697    1.8697    1.8697    1.8697   1.000
  1134.000    801.000   -1.5656   -1.5656   -1.5656   -1.5656   1.000
  1116.000    802.000    2.9426    2.9426    2.9426    2.9426   1.000
  1121.000    802.000    3.1464    3.1464    3.1464    3.1464   1.000
  1101.000    803.000    2.6128    2.6128    2.6128    2.6128   1.000
  1142.000    803.000    2.1914    2.1914    2.1914    2.1914   1.000
  1108.000    804.000    2.7180    2.7180    2.7180    2.7180   1.000
  1112.000    804.000    2.0326    2.0326    2.0326    2.0326   1.000
  1146.000    804.000    2.5318    2.5318    2.5318    2.5318   1.000
  1113.000    806.000    1.7986    1.7986    1.7986    1.7986   1.000
  1103.000    808.000    2.4886    2.4886    2.4886    2.4886   1.000
  1118.000    808.000    0.0534    0.0534    0.0534    0.0534   1.000
  1126.000    808.000    2.2512    2.2512    2.2512    2.2512   1.000
  1142.000    808.000    0.8644    0.8644    0.8644    0.8644   1.000
  1099.000    809.000    2.5744    2.5744    2.5744    2.5744   1.000
  1130.000    810.000    1.7004    1.7004    1.7004    1.7004   1.000
  1095.000    812.000    1.3700    1.3700    1.3700    1.3700   1.000
  1114.000    812.000    2.7490    2.7490    2.7490    2.7490   1.000
  1109.000    813.000    2.1807    2.1807    2.1807    2.1807   1.000
  1099.000    814.000    2.4196    2.4196    2.4196    2.4196   1.000
  1103.000    814.000    2.1610    2.1610    2.1610    2.1610   1.000
  1120.000    814.000    0.8561    0.8561    0.8561    0.8561   1.000
  1126.000    814.000    2.8356    2.8356    2.8356    2.8356   1.000
  1144.000    814.000    2.0880    2.0880    2.0880    2.0880   1.000
  1139.000    815.000    1.7297    1.7297    1.7297    1.7297   1.000
  1110.000    816.000    2.3327    2.3327    2.3327    2.3327   1.000
  1134.000    816.000    0.1764    0.1764    0.1764    0.1764   1.000
  1107.000    818.000    2.5075    2.5075    2.5075    2.5075   1.000
  1114.000    818.000    2.6499    2.6499    2.6499    2.6499   1.000
  1127.000    818.000    2.9291    2.9291    2.9291    2.9291   1.000
  1146.000    818.000    1.8992    1.8992    1.8992    1.8992   1.000
  1118.000    819.000    2.4731    2.4731    2.4731    2.4731   1.000
  1114.000    820.000    2.3321    2.3321    2.3321    2.3321   1.000
  1098.000    821.000    1.3981    1.3981    1.3981    1.3981   1.000
  1138.000    821.000   -0.4002   -0.4002   -0.4002   -0.4002   1.000
  1109.000    822.000    0.9443    0.9443    0.9443    0.9443   1.000
  1125.000    822.000    1.2414    1.2414    1.2414    1.2414   1.000
  1121.000    823.000    2.5643    2.5643    2.5643    2.5643   1.000
  1102.000    824.000    1.6223    1.6223    1.6223    1.6223   1.000
  1141.000    825.000    1.3770    1.3770    1.3770    1.3770   1.000
  1136.000    826.000    2.8527    2.8527    2.8527    2.8527   1.000
  1118.000    827.000    2.0769    2.0769    2.0769    2.0769   1.000
  1138.000    827.000    2.5990    2.5990    2.5990    2.5990   1.000
  1146.000    827.000    1.8094    1.8094    1.8094    1.8094   1.000
  1181.000    772.000    2.4880    2.4880    2.4880    2.4880   1.000
  1163.000    773.000   -0.0810   -0.0810   -0.0810   -0.0810   1.000
  1178.000    773.000    1.8908    1.8908    1.8908    1.8908   1.000
  1201.000    773.000    2.4104    2.4104    2.4104    2.4104   1.000
  1168.000    774.000   -1.1259   -1.1259   -1.1259   -1.1259   1.000
  1186.000    774.000   -0.2027   -0.2027   -0.2027   -0.2027   1.000
  1205.000    774.000    1.1608    1.1608    1.1608    1.1608   1.000
  1159.000    775.000    1.8836    1.8836    1.8836    1.8836   1.000
  1177.000    776.000    0.4242    0.4242    0.4242    0.4242   1.000
  1157.000    777.000    1.6405    1.6405    1.6405    1.6405   1.000
  1198.000    777.000    2.5768    2.5768    2.5768    2.5768   1.000
  1181.000    778.000    2.5205    2.5205    2.5205    2.5205   1.000
  1192.000    778.000    2.9569    2.9569    2.9569    2.9569   1.000
  1201.000    778.000    2.8589    2.8589    2.8589    2.8589   1.000
  1165.000    780.000    1.9632    1.9632    1.9632    1.9632   1.000
  1183.000    780.000    1.6338    1.6338    1.6338    1.6338   1.000
  1211.000    781.000    2.1333    2.1333    2.1333    2.1333   1.000
  1157.000    782.000    2.6046    2.6046    2.6046    2.6046   1.000
  1195.000    782.000    2.2190    2.2190    2.2190    2.2190   1.000
  1204.000    782.000    0.1329    0.1329    0.1329    0.1329   1.000
  1172.000    783.000    1.8819    1.8819    1.8819    1.8819   1.000
  1179.000    783.000    1.9913    1.9913    1.9913    1.9913   1.000
  1191.000    783.000    0.0973    0.0973    0.0973    0.0973   1.000
  1176.000    784.000    1.7701    1.7701    1.7701    1.7701   1.000
  1199.000    784.000    2.5606    2.5606    2.5606    2.5606   1.000
  1158.000    786.000    2.3047    2.3047    2.3047    2.3047   1.000
  1167.000    786.000    1.6925    1.6925    1.6925    1.6925   1.000
  1203.000    786.000    1.9785    1.9785    1.9785    1.9785   1.000
  1191.000    787.000    2.3362    2.3362    2.3362    2.3362   1.000
  1183.000    788.000   -0.0697   -0.0697   -0.0697   -0.0697   1.000
  1172.000    789.000    2.5506    2.5506    2.5506    2.5506   1.000
  1156.000    790.000    2.5172    2.5172    2.5172    2.5172   1.000
  1160.000    790.000    2.1039    2.1039    2.1039    2.1039   1.000
  1176.000    790.000    1.6335    1.6335    1.6335    1.6335   1.000
  1194.000    790.000    1.6348    1.6348    1.6348    1.6348   1.000
  1199.000    793.000    2.8771    2.8771    2.8771    2.8771   1.000
  1205.000    794.000    2.2202    2.2202    2.2202    2.2202   1.000
  1158.000    795.000    2.0078    2.0078    2.0078    2.0078   1.000
  1162.000    796.000    1.1616    1.1616    1.1616    1.1616   1.000
  1182.000    797.000    1.3146    1.3146    1.3146    1.3146   1.000
  1197.000    797.000    1.9943    1.9943    1.9943    1.9943   1.000
  1206.000    797.000    2.9751    2.9751    2.9751    2.9751   1.000
  1201.000    798.000    2.3731    2.3731    2.3731    2.3731   1.000
  1174.000    799.000    2.5311    2.5311    2.5311    2.5311   1.000
  1188.000    799.000    1.7801    1.7801    1.7801    1.7801   1.000
  1193.000    799.000    1.9047    1.9047    1.9047    1.9047   1.000
  1210.000    799.000    1.7526    1.7526    1.7526    1.7526   1.000
  1175.000    803.000    2.8466    2.8466    2.8466    2.8466   1.000
  1200.000    803.000    2.7340    2.7340    2.7340    2.7340   1.000
  1179.000    804.000    2.6410    2.6410    2.6410    2.6410   1.000
  1193.000    804.000    2.5497    2.5497    2.5497    2.5497   1.000
  1156.000    805.000    1.6313    1.6313    1.6313    1.6313   1.000
  1187.000    805.000    1.9714    1.9714    1.9714    1.9714   1.000
  1182.000    806.000    2.3985    2.3985    2.3985    2.3985   1.000
  1162.000    807.000    2.7095    2.7095    2.7095    2.7095   1.000
  1168.000    807.000    0.3324    0.3324    0.3324    0.3324   1.000
  1197.000    807.000    2.5406    2.5406    2.5406    2.5406   1.000
  1210.000    808.000    2.2463    2.2463    2.2463    2.2463   1.000
  1173.000    809.000    1.5574    1.5574    1.5574    1.5574   1.000
  1193.000    809.000    3.2746    3.2746    3.2746    3.2746   1.000
  1157.000    811.000    1.1415    1.1415    1.1415    1.1415   1.000
  1177.000    811.000    2.2918    2.2918    2.2918    2.2918   1.000
  1187.000    811.000    2.3915    2.3915    2.3915    2.3915   1.000
  1181.000    812.000    3.0645    3.0645    3.0645    3.0645   1.000
  1190.000    812.000    2.4805    2.4805    2.4805    2.4805   1.000
  1200.000    813.000    1.8686    1.8686    1.8686    1.8686   1.000
  1173.000    814.000    1.9502    1.9502    1.9502    1.9502   1.000
  1195.000    814.000    1.8923    1.8923    1.8923    1.8923   1.000
  1211.000    814.000    1.4388    1.4388    1.4388    1.4388   1.000
  1184.000    815.000    1.9896    1.9896    1.9896    1.9896   1.000
  1199.000    815.000    1.8391    1.8391    1.8391    1.8391   1.000
  1204.000    815.000    2.3441    2.3441    2.3441    2.3441   1.000
  1158.000    817.000    1.9292    1.9292    1.9292    1.9292   1.000
  1177.000    817.000    2.8530    2.8530    2.8530    2.8530   1.000
  1188.000    817.000   -0.3384   -0.3384   -0.3384   -0.3384   1.000
  1204.000    817.000    1.9024    1.9024    1.9024    1.9024   1.000
  1164.000    818.000    2.0077    2.0077    2.0077    2.0077   1.000
  1171.000    818.000    2.7492    2.7492    2.7492    2.7492   1.000
  1207.000    819.000    2.8399    2.8399    2.8399    2.8399   1.000
  1166.000    821.000    2.6803    2.6803    2.6803    2.6803   1.000
  1208.000    821.000    1.9185    1.9185    1.9185    1.9185   1.000
  1159.000    822.000    1.4218    1.4218    1.4218    1.4218   1.000
  1170.000    822.000    2.7784    2.7784    2.7784    2.7784   1.000
  1184.000    822.000    2.2404    2.2404    2.2404    2.2404   1.000
  1177.000    823.000    2.7316    2.7316    2.7316    2.7316   1.000
  1174.000    825.000    2.0279    2.0279    2.0279    2.0279   1.000
  1185.000    825.000    2.5308    2.5308    2.5308    2.5308   1.000
  1157.000    826.000    2.8614    2.8614    2.8614    2.8614   1.000
  1210.000    827.000    2.7960    2.7960    2.7960    2.7960   1.000
  1231.000    772.000    2.3603    2.3603    2.3603    2.3603   1.000
  1248.000    772.000    2.7740    2.7740    2.7740    2.7740   1.000
  1273.000    772.000    2.5486    2.5486    2.5486    2.5486   1.000
  1223.000    773.000    2.1182    2.1182    2.1182    2.1182   1.000
  1268.000    773.000    2.4107    2.4107    2.4107    2.4107   1.000
  1260.000    775.000    2.3860    2.3860    2.3860    2.3860   1.000
  1228.000    776.000    0.7180    0.7180    0.7180    0.7180   1.000
  1245.000    776.000    1.9041    1.9041    1.9041    1.9041   1.000
  1220.000    777.000    1.4898    1.4898    1.4898    1.4898   1.000
  1241.000    777.000    2.1332    2.1332    2.1332    2.1332   1.000
  1249.000    777.000    2.1355    2.1355    2.1355    2.1355   1.000
  1254.000    777.000    2.0787    2.0787    2.0787    2.0787   1.000
  1223.000    778.000    1.7408    1.7408    1.7408    1.7408   1.000
  1234.000    779.000    1.8483    1.8483    1.8483    1.8483   1.000
  1252.000    780.000    1.9734    1.9734    1.9734    1.9734   1.000
  1228.000    781.000    2.0450    2.0450    2.0450    2.0450   1.000
  1243.000    781.000    2.1293    2.1293    2.1293    2.1293   1.000
  1258.000    781.000    2.4597    2.4597    2.4597    2.4597   1.000
  1262.000    781.000   -0.6234   -0.6234   -0.6234   -0.6234   1.000
  1270.000    781.000    1.2290    1.2290    1.2290    1.2290   1.000
  1220.000    782.000    2.2174    2.2174    2.2174    2.2174   1.000
  1225.000    782.000    1.7939    1.7939    1.7939    1.7939   1.000
  1254.000    783.000    1.9162    1.9162    1.9162    1.9162   1.000
  1234.000    785.000    2.1053    2.1053    2.1053    2.1053   1.000
  1227.000    786.000    1.1711    1.1711    1.1711    1.1711   1.000
  1245.000    786.000    1.4738    1.4738    1.4738    1.4738   1.000
  1249.000    787.000    0.5376    0.5376    0.5376    0.5376   1.000
  1259.000    787.000    1.5985    1.5985    1.5985    1.5985   1.000
  1264.000    788.000    2.7915    2.7915    2.7915    2.7915   1.000
  1269.000    788.000    2.2002    2.2002    2.2002    2.2002   1.000
  1241.000    789.000    2.6210    2.6210    2.6210    2.6210   1.000
  1222.000    790.000    1.9959    1.9959    1.9959    1.9959   1.000
  1232.000    790.000    2.1482    2.1482    2.1482    2.1482   1.000
  1254.000    790.000    2.8338    2.8338    2.8338    2.8338   1.000
  1251.000    791.000    2.3066    2.3066    2.3066    2.3066   1.000
  1225.000    792.000    2.2527    2.2527    2.2527    2.2527   1.000
  1269.000    792.000    2.5034    2.5034    2.5034    2.5034   1.000
  1239.000    794.000    2.4095    2.4095    2.4095    2.4095   1.000
  1244.000    794.000    2.5833    2.5833    2.5833    2.5833   1.000
  1259.000    794.000    1.8206    1.8206    1.8206    1.8206   1.000
  1234.000    795.000    1.0607    1.0607    1.0607    1.0607   1.000
  1237.000    795.000    2.1087    2.1087    2.1087    2.1087   1.000
  1254.000    795.000    2.3569    2.3569    2.3569    2.3569   1.000
  1263.000    795.000    1.2756    1.2756    1.2756    1.2756   1.000
  1248.000    796.000    2.2240    2.2240    2.2240    2.2240   1.000
  1226.000    797.000    2.3538    2.3538    2.3538    2.3538   1.000
  1251.000    797.000    2.1150    2.1150    2.1150    2.1150   1.000
  1246.000    799.000    1.9117    1.9117    1.9117    1.9117   1.000
  1271.000    799.000    0.0911    0.0911    0.0911    0.0911   1.000
  1221.000    800.000    1.8208    1.8208    1.8208    1.8208   1.000
  1226.000    801.000    0.5945    0.5945    0.5945    0.5945   1.000
  1230.000    801.000    1.3377    1.3377    1.3377    1.3377   1.000
  1261.000    801.000    1.1039    1.1039    1.1039    1.1039   1.000
  1252.000    802.000    2.1492    2.1492    2.1492    2.1492   1.000
  1257.000    803.000   -0.8867   -0.8867   -0.8867   -0.8867   1.000
  1265.000    803.000    3.3512    3.3512    3.3512    3.3512   1.000
  1233.000    805.000    1.7649    1.7649    1.7649    1.7649   1.000
  1271.000    805.000    1.0000    1.0000    1.0000    1.0000   1.000
  1239.000    806.000    2.1628    2.1628    2.1628    2.1628   1.000
  1261.000    806.000    2.8446    2.8446    2.8446    2.8446   1.000
  1242.000    807.000    2.5637    2.5637    2.5637    2.5637   1.000
  1251.000    807.000    2.6014    2.6014    2.6014    2.6014   1.000
  1267.000    808.000    2.6818    2.6818    2.6818    2.6818   1.000
  1227.000    809.000    2.3885    2.3885    2.3885    2.3885   1.000
  1235.000    809.000    2.6313    2.6313    2.6313    2.6313   1.000
  1256.000    809.000    0.7555    0.7555    0.7555    0.7555   1.000
  1272.000    809.000    2.2683    2.2683    2.2683    2.2683   1.000
  1246.000    810.000    2.3118    2.3118    2.3118    2.3118   1.000
  1242.000    811.000    1.6992    1.6992    1.6992    1.6992   1.000
  1263.000    811.000    0.9066    0.9066    0.9066    0.9066   1.000
  1226.000    812.000    2.1157    2.1157    2.1157    2.1157   1.000
  1233.000    812.000    2.1925    2.1925    2.1925    2.1925   1.000
  1252.000    812.000    1.4101    1.4101    1.4101    1.4101   1.000
  1273.000    814.000    2.0426    2.0426    2.0426    2.0426   1.000
  1223.000    816.000    0.9942    0.9942    0.9942    0.9942   1.000
  1227.000    816.000    1.9939    1.9939    1.9939    1.9939   1.000
  1241.000    816.000    1.8874    1.8874    1.8874    1.8874   1.000
  1264.000    816.000    2.0973    2.0973    2.0973    2.0973   1.000
  1254.000    817.000    2.5254    2.5254    2.5254    2.5254   1.000
  1222.000    818.000    1.1590    1.1590    1.1590    1.1590   1.000
  1232.000    818.000    2.5921    2.5921    2.5921    2.5921   1.000
  1269.000    818.000    2.4717    2.4717    2.4717    2.4717   1.000
  1238.000    819.000    2.2522    2.2522    2.2522    2.2522   1.000
  1260.000    821.000    2.2634    2.2634    2.2634    2.2634   1.000
  1263.000    821.000    2.1014    2.1014    2.1014    2.1014   1.000
  1252.000    822.000    1.2288    1.2288    1.2288    1.2288   1.000
  1270.000    822.000    1.8194    1.8194    1.8194    1.8194   1.000
  1222.000    823.000    2.0271    2.0271    2.0271    2.0271   1.000
  1274.000    824.000    2.6680    2.6680    2.6680    2.6680   1.000
  1232.000    825.000    2.5443    2.5443    2.5443    2.5443   1.000
  1264.000    825.000    2.5936    2.5936    2.5936    2.5936   1.000
  1256.000    826.000    1.3492    1.3492    1.3492    1.3492   1.000
  1224.000    827.000    1.4767    1.4767    1.4767    1.4767   1.000
   818.000    836.000    1.5758    1.5758    1.5758    1.5758   1.000
   827.000    836.000    1.9791    1.9791    1.9791    1.9791   1.000
   803.000    837.000    1.9927    1.9927    1.9927    1.9927   1.000
   810.000    837.000    2.3619    2.3619    2.3619    2.3619   1.000
   781.000    838.000    2.7060    2.7060    2.7060    2.7060   1.000
   791.000    838.000    1.7028    1.7028    1.7028    1.7028   1.000
   814.000    838.000    2.4327    2.4327    2.4327    2.4327   1.000
   801.000    839.000    2.2311    2.2311    2.2311    2.2311   1.000
   777.000    840.000    2.0149    2.0149    2.0149    2.0149   1.000
   824.000    840.000    2.2424    2.2424    2.2424    2.2424   1.000
   792.000    841.000    2.4246    2.4246    2.4246    2.4246   1.000
   796.000    841.000    2.7710    2.7710    2.7710    2.7710   1.000
   806.000    841.000    2.2838    2.2838    2.2838    2.2838   1.000
   813.000    843.000    1.9779    1.9779    1.9779    1.9779   1.000
   816.000    843.000    2.1309    2.1309    2.1309    2.1309   1.000
   778.000    844.000    2.6913    2.6913    2.6913    2.6913   1.000
   785.000    844.000    2.6741    2.6741    2.6741    2.6741   1.000
   774.000    845.000    1.8403    1.8403    1.8403    1.8403   1.000
   790.000    846.000    2.4370    2.4370    2.4370    2.4370   1.000
   779.000    848.000    1.8959    1.8959    1.8959    1.8959   1.000
   784.000    850.000    2.3156    2.3156    2.3156    2.3156   1.000
   793.000    850.000    2.6891    2.6891    2.6891    2.6891   1.000
   809.000    850.000    2.0817    2.0817    2.0817    2.0817   1.000
   812.000    850.000    1.1967    1.1967    1.1967    1.1967   1.000
   816.000    851.000    2.8503    2.8503    2.8503    2.8503   1.000
   821.000    851.000   -0.0653   -0.0653   -0.0653   -0.0653   1.000
   826.000    851.000    2.7312    2.7312    2.7312    2.7312   1.000
   798.000    852.000    2.1008    2.1008    2.1008    2.1008   1.000
   780.000    853.000    1.7748    1.7748    1.7748    1.7748   1.000
   804.000    853.000    1.8899    1.8899    1.8899    1.8899   1.000
   773.000    854.000    3.0784    3.0784    3.0784    3.0784   1.000
   790.000    855.000    1.3989    1.3989    1.3989    1.3989   1.000
   795.000    855.000    2.2003    2.2003    2.2003    2.2003   1.000
   824.000    855.000    3.0410    3.0410    3.0410    3.0410   1.000
   787.000    857.000    1.9873    1.9873    1.9873    1.9873   1.000
   802.000    857.000    2.6649    2.6649    2.6649    2.6649   1.000
   821.000    858.000    2.5707    2.5707    2.5707    2.5707   1.000
   774.000    859.000    2.7146    2.7146    2.7146    2.7146   1.000
   778.000    859.000    2.5000    2.5000    2.5000    2.5000   1.000
   792.000    859.000    2.5441    2.5441    2.5441    2.5441   1.000
   814.000    859.000    0.0835    0.0835    0.0835    0.0835   1.000
   787.000    861.000    1.3864    1.3864    1.3864    1.3864   1.000
   808.000    861.000    2.3851    2.3851    2.3851    2.3851   1.000
   774.000    862.000    2.0343    2.0343    2.0343    2.0343   1.000
   792.000    862.000    2.0252    2.0252    2.0252    2.0252   1.000
   818.000    862.000    3.1311    3.1311    3.1311    3.1311   1.000
   823.000    862.000    2.4820    2.4820    2.4820    2.4820   1.000
   779.000    864.000    2.3075    2.3075    2.3075    2.3075   1.000
   784.000    864.000    2.3015    2.3015    2.3015    2.3015   1.000
   795.000    864.000    2.8000    2.8000    2.8000    2.8000   1.000
   800.000    864.000    1.5988    1.5988    1.5988    1.5988   1.000
   813.000    864.000    2.6240    2.6240    2.6240    2.6240   1.000
   817.000    865.000    2.8856    2.8856    2.8856    2.8856   1.000
   826.000    866.000   -0.0814   -0.0814   -0.0814   -0.0814   1.000
   808.000    867.000    2.5767    2.5767    2.5767    2.5767   1.000
   821.000    867.000    2.7652    2.7652    2.7652    2.7652   1.000
   786.000    869.000    2.0235    2.0235    2.0235    2.0235   1.000
   812.000    869.000    2.2828    2.2828    2.2828    2.2828   1.000
   800.000    870.000    2.1074    2.1074    2.1074    2.1074   1.000
   777.000    871.000   -0.3112   -0.3112   -0.3112   -0.3112   1.000
   796.000    871.000    2.2996    2.2996    2.2996    2.2996   1.000
   825.000    871.000    0.9228    0.9228    0.9228    0.9228   1.000
   813.000    873.000    2.3536    2.3536    2.3536    2.3536   1.000
   772.000    874.000    1.7328    1.7328    1.7328    1.7328   1.000
   801.000    874.000    2.7097    2.7097    2.7097    2.7097   1.000
   788.000    875.000    0.5551    0.5551    0.5551    0.5551   1.000
   798.000    876.000    2.7377    2.7377    2.7377    2.7377   1.000
   823.000    876.000    2.3723    2.3723    2.3723    2.3723   1.000
   803.000    877.000    2.1844    2.1844    2.1844    2.1844   1.000
   806.000    877.000    2.8801    2.8801    2.8801    2.8801   1.000
   780.000    878.000    2.1350    2.1350    2.1350    2.1350   1.000
   814.000    878.000    2.2589    2.2589    2.2589    2.2589   1.000
   785.000    879.000    1.2347    1.2347    1.2347    1.2347   1.000
   790.000    880.000    1.9451    1.9451    1.9451    1.9451   1.000
   810.000    881.000    2.5240    2.5240    2.5240    2.5240   1.000
   817.000    881.000    2.2550    2.2550    2.2550    2.2550   1.000
   774.000    882.000    2.5023    2.5023    2.5023    2.5023   1.000
   799.000    882.000    0.4089    0.4089    0.4089    0.4089   1.000
   781.000    883.000    2.7373    2.7373    2.7373    2.7373   1.000
   825.000    883.000    2.2249    2.2249    2.2249    2.2249   1.000
   773.000    884.000    2.7958    2.7958    2.7958    2.7958   1.000
   815.000    885.000    1.5177    1.5177    1.5177    1.5177   1.000
   777.000    886.000    1.6338    1.6338    1.6338    1.6338   1.000
   789.000    886.000    1.9777    1.9777    1.9777    1.9777   1.000
   808.000    887.000    0.3279    0.3279    0.3279    0.3279   1.000
   827.000    887.000    2.4591    2.4591    2.4591    2.4591   1.000
   791.000    888.000    1.7568    1.7568    1.7568    1.7568   1.000
   804.000    890.000    2.4661    2.4661    2.4661    2.4661   1.000
   821.000    890.000    2.2535    2.2535    2.2535    2.2535   1.000
   783.000    891.000   -1.6879   -1.6879   -1.6879   -1.6879   1.000
   796.000    891.000    2.2788    2.2788    2.2788    2.2788   1.000
   845.000    836.000    2.2638    2.2638    2.2638    2.2638   1.000
   863.000    836.000    1.6149    1.6149    1.6149    1.6149   1.000
   878.000    836.000    1.6464    1.6464    1.6464    1.6464   1.000
   872.000    837.000    0.2969    0.2969    0.2969    0.2969   1.000
   890.000    837.000    1.5674    1.5674    1.5674    1.5674   1.000
   838.000    838.000    2.2711    2.2711    2.2711    2.2711   1.000
   854.000    839.000    1.3991    1.3991    1.3991    1.3991   1.000
   848.000    840.000    2.1549    2.1549    2.1549    2.1549   1.000
   862.000    840.000    1.5226    1.5226    1.5226    1.5226   1.000
   868.000    841.000   -0.9093   -0.9093   -0.9093   -0.9093   1.000
   878.000    841.000    0.4346    0.4346    0.4346    0.4346   1.000
   886.000    841.000    2.5885    2.5885    2.5885    2.5885   1.000
   842.000    842.000    2.7565    2.7565    2.7565    2.7565   1.000
   857.000    842.000    2.7275    2.7275    2.7275    2.7275   1.000
   860.000    843.000    1.6836    1.6836    1.6836    1.6836   1.000
   836.000    844.000    1.4132    1.4132    1.4132    1.4132   1.000
   851.000    844.000    2.5361    2.5361    2.5361    2.5361   1.000
   843.000    845.000    2.1318    2.1318    2.1318    2.1318   1.000
   847.000    846.000    2.6892    2.6892    2.6892    2.6892   1.000
   870.000    847.000    2.8041    2.8041    2.8041    2.8041   1.000
   878.000    847.000    2.4304    2.4304    2.4304    2.4304   1.000
   875.000    848.000    2.5632    2.5632    2.5632    2.5632   1.000
   853.000    849.000    2.4702    2.4702    2.4702    2.4702   1.000
   861.000    849.000    2.4303    2.4303    2.4303    2.4303   1.000
   837.000    850.000    2.2756    2.2756    2.2756    2.2756   1.000
   881.000    850.000    1.6602    1.6602    1.6602    1.6602   1.000
   859.000    851.000    2.3822    2.3822    2.3822    2.3822   1.000
   890.000    851.000    2.2138    2.2138    2.2138    2.2138   1.000
   836.000    852.000    2.3586    2.3586    2.3586    2.3586   1.000
   849.000    852.000    2.5692    2.5692    2.5692    2.5692   1.000
   854.000    852.000    0.3594    0.3594    0.3594    0.3594   1.000
   884.000    852.000    1.8432    1.8432    1.8432    1.8432   1.000
   843.000    853.000    2.4218    2.4218    2.4218    2.4218   1.000
   874.000    854.000    1.6408    1.6408    1.6408    1.6408   1.000
   860.000    855.000    2.3171    2.3171    2.3171    2.3171   1.000
   847.000    856.000    1.9783    1.9783    1.9783    1.9783   1.000
   869.000    856.000    1.1818    1.1818    1.1818    1.1818   1.000
   880.000    856.000    1.2283    1.2283    1.2283    1.2283   1.000
   887.000    856.000    1.8003    1.8003    1.8003    1.8003   1.000
   838.000    857.000    0.9222    0.9222    0.9222    0.9222   1.000
   862.000    858.000    1.7440    1.7440    1.7440    1.7440   1.000
   866.000    858.000   -0.3723   -0.3723   -0.3723   -0.3723   1.000
   872.000    859.000    1.7248    1.7248    1.7248    1.7248   1.000
   840.000    861.000    2.3931    2.3931    2.3931    2.3931   1.000
   849.000    861.000    2.2463    2.2463    2.2463    2.2463   1.000
   853.000    862.000    1.9894    1.9894    1.9894    1.9894   1.000
   860.000    862.000    2.9239    2.9239    2.9239    2.9239   1.000
   879.000    862.000    1.4837    1.4837    1.4837    1.4837   1.000
   882.000    863.000    1.5407    1.5407    1.5407    1.5407   1.000
   856.000    864.000    2.0871    2.0871    2.0871    2.0871   1.000
   875.000    864.000    1.5264    1.5264    1.5264    1.5264   1.000
   844.000    865.000    1.6583    1.6583    1.6583    1.6583   1.000
   860.000    865.000    3.0465    3.0465    3.0465    3.0465   1.000
   870.000    865.000    2.0108    2.0108    2.0108    2.0108   1.000
   838.000    866.000    3.0128    3.0128    3.0128    3.0128   1.000
   864.000    866.000    2.8878    2.8878    2.8878    2.8878   1.000
   847.000    867.000    1.9460    1.9460    1.9460    1.9460   1.000
   855.000    868.000    2.7211    2.7211    2.7211    2.7211   1.000
   873.000    869.000    2.2854    2.2854    2.2854    2.2854   1.000
   883.000    869.000    2.7673    2.7673    2.7673    2.7673   1.000
   888.000    869.000    1.9876    1.9876    1.9876    1.9876   1.000
   837.000    870.000    1.9464    1.9464    1.9464    1.9464   1.000
   842.000    870.000    1.7355    1.7355    1.7355    1.7355   1.000
   845.000    870.000    2.2376    2.2376    2.2376    2.2376   1.000
   852.000    870.000    2.2322    2.2322    2.2322    2.2322   1.000
   861.000    870.000    2.4246    2.4246    2.4246    2.4246   1.000
   876.000    870.000    2.1279    2.1279    2.1279    2.1279   1.000
   853.000    872.000    2.3000    2.3000    2.3000    2.3000   1.000
   891.000    872.000    1.9546    1.9546    1.9546    1.9546   1.000
   880.000    873.000    1.6778    1.6778    1.6778    1.6778   1.000
   849.000    874.000    2.4351    2.4351    2.4351    2.4351   1.000
   860.000    874.000    2.5543    2.5543    2.5543    2.5543   1.000
   864.000    874.000    1.3241    1.3241    1.3241    1.3241   1.000
   837.000    875.000    2.4120    2.4120    2.4120    2.4120   1.000
   845.000    875.000    1.8246    1.8246    1.8246    1.8246   1.000
   841.000    876.000    2.4185    2.4185    2.4185    2.4185   1.000
   861.000    876.000    1.9785    1.9785    1.9785    1.9785   1.000
   889.000    876.000    2.2723    2.2723    2.2723    2.2723   1.000
   873.000    878.000    0.7413    0.7413    0.7413    0.7413   1.000
   857.000    879.000    2.8507    2.8507    2.8507    2.8507   1.000
   838.000    880.000    2.0733    2.0733    2.0733    2.0733   1.000
   840.000    880.000    2.2706    2.2706    2.2706    2.2706   1.000
   850.000    880.000    1.0616    1.0616    1.0616    1.0616   1.000
   866.000    880.000    0.7250    0.7250    0.7250    0.7250   1.000
   889.000    880.000    2.4750    2.4750    2.4750    2.4750   1.000
   883.000    881.000    1.6056    1.6056    1.6056    1.6056   1.000
   844.000    882.000    0.8008    0.8008    0.8008    0.8008   1.000
   854.000    882.000    1.7245    1.7245    1.7245    1.7245   1.000
   860.000    882.000    2.4611    2.4611    2.4611    2.4611   1.000
   837.000    884.000    2.3998    2.3998    2.3998    2.3998   1.000
   842.000    885.000    2.1012    2.1012    2.1012    2.1012   1.000
   862.000    885.000    3.0145    3.0145    3.0145    3.0145   1.000
   870.000    886.000    0.5601    0.5601    0.5601    0.5601   1.000
   876.000    886.000    2.4774    2.4774    2.4774    2.4774   1.000
   885.000    887.000   -0.4241   -0.4241   -0.4241   -0.4241   1.000
   846.000    888.000    2.5131    2.5131    2.5131    2.5131   1.000
   837.000    889.000    2.3754    2.3754    2.3754    2.3754   1.000
   849.000    889.000    1.7100    1.7100    1.7100    1.7100   1.000
   859.000    889.000   -0.1544   -0.1544   -0.1544   -0.1544   1.000
   841.000    890.000    2.6007    2.6007    2.6007    2.6007   1.000
   848.000    891.000    2.0040    2.0040    2.0040    2.0040   1.000
   853.000    891.000    2.4709    2.4709    2.4709    2.4709   1.000
   889.000    891.000    2.7167    2.7167    2.7167    2.7167   1.000
   900.000    836.000    1.7649    1.7649    1.7649    1.7649   1.000
   912.000    838.000    1.9572    1.9572    1.9572    1.9572   1.000
   929.000    838.000    0.1452    0.1452    0.1452    0.1452   1.000
   937.000    838.000    2.3673    2.3673    2.3673    2.3673   1.000
   945.000    838.000    2.3081    2.3081    2.3081    2.3081   1.000
   900.000    840.000    1.9880    1.9880    1.9880    1.9880   1.000
   906.000    840.000    1.9660    1.9660    1.9660    1.9660   1.000
   955.000    840.000    0.1997    0.1997    0.1997    0.1997   1.000
   936.000    841.000    2.3314    2.3314    2.3314    2.3314   1.000
   940.000    841.000    1.9410    1.9410    1.9410    1.9410   1.000
   908.000    842.000    2.4126    2.4126    2.4126    2.4126   1.000
   914.000    842.000    2.3251    2.3251    2.3251    2.3251   1.000
   950.000    842.000    1.5448    1.5448    1.5448    1.5448   1.000
   948.000    843.000    1.9076    1.9076    1.9076    1.9076   1.000
   917.000    844.000    2.2145    2.2145    2.2145    2.2145   1.000
   927.000    844.000    1.6408    1.6408    1.6408    1.6408   1.000
   922.000    845.000    2.0491    2.0491    2.0491    2.0491   1.000
   932.000    845.000    2.3099    2.3099    2.3099    2.3099   1.000
   927.000    846.000    1.4089    1.4089    1.4089    1.4089   1.000
   944.000    846.000    1.4900    1.4900    1.4900    1.4900   1.000
   902.000    847.000    2.4104    2.4104    2.4104    2.4104   1.000
   914.000    847.000    0.8285    0.8285    0.8285    0.8285   1.000
   935.000    847.000    1.9859    1.9859    1.9859    1.9859   1.000
   908.000    848.000    0.3620    0.3620    0.3620    0.3620   1.000
   920.000    848.000    1.0665    1.0665    1.0665    1.0665   1.000
   927.000    848.000    1.3243    1.3243    1.3243    1.3243   1.000
   951.000    849.000    2.1976    2.1976    2.1976    2.1976   1.000
   930.000    850.000    2.0125    2.0125    2.0125    2.0125   1.000
   900.000    851.000    1.2148    1.2148    1.2148    1.2148   1.000
   928.000    851.000    2.0906    2.0906    2.0906    2.0906   1.000
   907.000    852.000    2.3654    2.3654    2.3654    2.3654   1.000
   915.000    852.000    2.4699    2.4699    2.4699    2.4699   1.000
   924.000    854.000    0.7569    0.7569    0.7569    0.7569   1.000
   934.000    854.000    2.0892    2.0892    2.0892    2.0892   1.000
   908.000    855.000    2.0332    2.0332    2.0332    2.0332   1.000
   913.000    856.000    1.4765    1.4765    1.4765    1.4765   1.000
   940.000    856.000    0.5028    0.5028    0.5028    0.5028   1.000
   954.000    856.000    2.2818    2.2818    2.2818    2.2818   1.000
   926.000    857.000    2.7261    2.7261    2.7261    2.7261   1.000
   946.000    857.000    1.8566    1.8566    1.8566    1.8566   1.000
   952.000    860.000    2.4352    2.4352    2.4352    2.4352   1.000
   913.000    861.000    3.0459    3.0459    3.0459    3.0459   1.000
   924.000    861.000    2.4434    2.4434    2.4434    2.4434   1.000
   931.000    861.000    2.3210    2.3210    2.3210    2.3210   1.000
   939.000    861.000    2.6727    2.6727    2.6727    2.6727   1.000
   945.000    861.000    1.2846    1.2846    1.2846    1.2846   1.000
   919.000    862.000    2.4447    2.4447    2.4447    2.4447   1.000
   909.000    863.000    1.4191    1.4191    1.4191    1.4191   1.000
   927.000    863.000    2.2267    2.2267    2.2267    2.2267   1.000
   951.000    865.000    2.6311    2.6311    2.6311    2.6311   1.000
   916.000    866.000    1.4709    1.4709    1.4709    1.4709   1.000
   923.000    866.000    2.2666    2.2666    2.2666    2.2666   1.000
   934.000    866.000    2.2985    2.2985    2.2985    2.2985   1.000
   907.000    867.000    1.9408    1.9408    1.9408    1.9408   1.000
   946.000    869.000    2.2218    2.2218    2.2218    2.2218   1.000
   953.000    869.000    1.4836    1.4836    1.4836    1.4836   1.000
   929.000    870.000    0.0914    0.0914    0.0914    0.0914   1.000
   936.000    871.000    1.4525    1.4525    1.4525    1.4525   1.000
   907.000    872.000    3.1358    3.1358    3.1358    3.1358   1.000
   917.000    872.000    1.2955    1.2955    1.2955    1.2955   1.000
   942.000    872.000    2.6638    2.6638    2.6638    2.6638   1.000
   912.000    873.000    2.5946    2.5946    2.5946    2.5946   1.000
   945.000    874.000    2.6342    2.6342    2.6342    2.6342   1.000
   951.000    875.000    1.8806    1.8806    1.8806    1.8806   1.000
   906.000    876.000    2.7673    2.7673    2.7673    2.7673   1.000
   917.000    877.000    2.6741    2.6741    2.6741    2.6741   1.000
   912.000    878.000    2.4148    2.4148    2.4148    2.4148   1.000
   921.000    878.000    2.0225    2.0225    2.0225    2.0225   1.000
   928.000    878.000    0.3580    0.3580    0.3580    0.3580   1.000
   947.000    878.000    2.4205    2.4205    2.4205    2.4205   1.000
   923.000    879.000    2.2915    2.2915    2.2915    2.2915   1.000
   912.000    880.000    2.1901    2.1901    2.1901    2.1901   1.000
   940.000    880.000    1.3569    1.3569    1.3569    1.3569   1.000
   905.000    881.000    2.4487    2.4487    2.4487    2.4487   1.000
   912.000    882.000    2.4211    2.4211    2.4211    2.4211   1.000
   927.000    882.000    1.8555    1.8555    1.8555    1.8555   1.000
   933.000    882.000    2.1168    2.1168    2.1168    2.1168   1.000
   951.000    882.000    1.8237    1.8237    1.8237    1.8237   1.000
   901.000    883.000    1.7447    1.7447    1.7447    1.7447   1.000
   954.000    885.000    2.7800    2.7800    2.7800    2.7800   1.000
   905.000    886.000    1.6208    1.6208    1.6208    1.6208   1.000
   931.000    886.000    1.1265    1.1265    1.1265    1.1265   1.000
   938.000    886.000    1.8664    1.8664    1.8664    1.8664   1.000
   924.000    887.000    1.1617    1.1617    1.1617    1.1617   1.000
   950.000    887.000    0.2240    0.2240    0.2240    0.2240   1.000
   903.000    888.000    0.4199    0.4199    0.4199    0.4199   1.000
   918.000    888.000    2.3085    2.3085    2.3085    2.3085   1.000
   921.000    888.000    1.9411    1.9411    1.9411    1.9411   1.000
   940.000    888.000    1.8234    1.8234    1.8234    1.8234   1.000
   929.000    889.000    1.8672    1.8672    1.8672    1.8672   1.000
   911.000    890.000    1.5532    1.5532    1.5532    1.5532   1.000
   907.000    891.000    3.0825    3.0825    3.0825    3.0825   1.000
   945.000    891.000    2.5321    2.5321    2.5321    2.5321   1.000
   967.000    836.000    0.7054    0.7054    0.7054    0.7054   1.000
   984.000    836.000    2.3018    2.3018    2.3018    2.3018   1.000
  1011.000    836.000    2.1978    2.1978    2.1978    2.1978   1.000
   976.000    838.000    1.3919    1.3919    1.3919    1.3919   1.000
   988.000    838.000    2.5453    2.5453    2.5453    2.5453   1.000
   995.000    838.000    2.1594    2.1594    2.1594    2.1594   1.000
  1005.000    838.000    1.3733    1.3733    1.3733    1.3733   1.000
  1009.000    838.000    1.9311    1.9311    1.9311    1.9311   1.000
   979.000    839.000    2.0541    2.0541    2.0541    2.0541   1.000
  1015.000    839.000    2.3488    2.3488    2.3488    2.3488   1.000
   972.000    840.000    1.3769    1.3769    1.3769    1.3769   1.000
   992.000    840.000    2.4145    2.4145    2.4145    2.4145   1.000
  1008.000    840.000    1.3476    1.3476    1.3476    1.3476   1.000
   965.000    841.000    2.6749    2.6749    2.6749    2.6749   1.000
   997.000    842.000    2.6545    2.6545    2.6545    2.6545   1.000
  1001.000    842.000    2.9547    2.9547    2.9547    2.9547   1.000
   987.000    845.000    1.3296    1.3296    1.3296    1.3296   1.000
  1009.000    845.000   -0.5140   -0.5140   -0.5140   -0.5140   1.000
   968.000    846.000    2.3428    2.3428    2.3428    2.3428   1.000
   973.000    846.000    2.2113    2.2113    2.2113    2.2113   1.000
   978.000    846.000    2.1455    2.1455    2.1455    2.1455   1.000
  1017.000    846.000    1.6331    1.6331    1.6331    1.6331   1.000
   964.000    847.000    3.2362    3.2362    3.2362    3.2362   1.000
   983.000    847.000    2.0681    2.0681    2.0681    2.0681   1.000
  1003.000    847.000    2.2825    2.2825    2.2825    2.2825   1.000
   981.000    851.000    1.9241    1.9241    1.9241    1.9241   1.000
   986.000    851.000    0.8376    0.8376    0.8376    0.8376   1.000
  1001.000    851.000    3.0881    3.0881    3.0881    3.0881   1.000
   964.000    852.000    1.7981    1.7981    1.7981    1.7981   1.000
  1008.000    852.000    2.1816    2.1816    2.1816    2.1816   1.000
   972.000    853.000    2.8648    2.8648    2.8648    2.8648   1.000
   995.000    853.000    2.1069    2.1069    2.1069    2.1069   1.000
  1004.000    854.000    2.8338    2.8338    2.8338    2.8338   1.000
   979.000    855.000    2.0702    2.0702    2.0702    2.0702   1.000
   986.000    856.000    1.7489    1.7489    1.7489    1.7489   1.000
  1015.000    856.000    1.7577    1.7577    1.7577    1.7577   1.000
   969.000    859.000    2.2007    2.2007    2.2007    2.2007   1.000
   975.000    859.000   -0.3341   -0.3341   -0.3341   -0.3341   1.000
  1006.000    859.000    2.2132    2.2132    2.2132    2.2132   1.000
   990.000    860.000    2.3115    2.3115    2.3115    2.3115   1.000
   995.000    860.000    0.2399    0.2399    0.2399    0.2399   1.000
   971.000    862.000    1.9038    1.9038    1.9038    1.9038   1.000
   983.000    862.000    2.2464    2.2464    2.2464    2.2464   1.000
  1012.000    862.000    1.8097    1.8097    1.8097    1.8097   1.000
   993.000    863.000    1.2325    1.2325    1.2325    1.2325   1.000
  1002.000    864.000    1.7104    1.7104    1.7104    1.7104   1.000
  1018.000    865.000    1.7068    1.7068    1.7068    1.7068   1.000
   987.000    866.000    1.5288    1.5288    1.5288    1.5288   1.000
   996.000    866.000    1.0900    1.0900    1.0900    1.0900   1.000
   976.000    867.000    2.3572    2.3572    2.3572    2.3572   1.000
   969.000    868.000    2.3261    2.3261    2.3261    2.3261   1.000
   992.000    869.000    2.4773    2.4773    2.4773    2.4773   1.000
  1002.000    869.000    1.4327    1.4327    1.4327    1.4327   1.000
   964.000    870.000    0.9369    0.9369    0.9369    0.9369   1.000
  1007.000    870.000   -1.5275   -1.5275   -1.5275   -1.5275   1.000
  1019.000    870.000    2.1968    2.1968    2.1968    2.1968   1.000
   988.000    871.000    2.8279    2.8279    2.8279    2.8279   1.000
   996.000    871.000    2.4813    2.4813    2.4813    2.4813   1.000
  1014.000    872.000    1.4962    1.4962    1.4962    1.4962   1.000
   967.000    873.000    1.1907    1.1907    1.1907    1.1907   1.000
   979.000    873.000    2.5423    2.5423    2.5423    2.5423   1.000
   992.000    874.000    2.0924    2.0924    2.0924    2.0924   1.000
  1006.000    877.000    2.1665    2.1665    2.1665    2.1665   1.000
   980.000    878.000    1.7824    1.7824    1.7824    1.7824   1.000
   985.000    878.000    2.5840    2.5840    2.5840    2.5840   1.000
   989.000    878.000    2.4704    2.4704    2.4704    2.4704   1.000
   965.000    879.000    2.3711    2.3711    2.3711    2.3711   1.000
   976.000    879.000    1.4889    1.4889    1.4889    1.4889   1.000
  1011.000    879.000    0.8338    0.8338    0.8338    0.8338   1.000
  1006.000    881.000    1.9564    1.9564    1.9564    1.9564   1.000
  1017.000    881.000    2.6074    2.6074    2.6074    2.6074   1.000
   970.000    882.000    2.6465    2.6465    2.6465    2.6465   1.000
   988.000    882.000    2.6465    2.6465    2.6465    2.6465   1.000
  1003.000    882.000    1.4685    1.4685    1.4685    1.4685   1.000
   993.000    884.000    1.2779    1.2779    1.2779    1.2779   1.000
  1014.000    884.000    1.1654    1.1654    1.1654    1.1654   1.000
   966.000    886.000    2.2945    2.2945    2.2945    2.2945   1.000
  1006.000    886.000   -0.2189   -0.2189   -0.2189   -0.2189   1.000
  1014.000    887.000    2.2686    2.2686    2.2686    2.2686   1.000
   973.000    888.000    2.3788    2.3788    2.3788    2.3788   1.000
   985.000    888.000    2.2223    2.2223    2.2223    2.2223   1.000
   999.000    889.000   -1.6894   -1.6894   -1.6894   -1.6894   1.000
   968.000    890.000    2.5131    2.5131    2.5131    2.5131   1.000
   993.000    890.000    2.4395    2.4395    2.4395    2.4395   1.000
   989.000    891.000    1.7457    1.7457    1.7457    1.7457   1.000
  1003.000    891.000    2.5726    2.5726    2.5726    2.5726   1.000
  1006.000    891.000    2.1185    2.1185    2.1185    2.1185   1.000
  1010.000    891.000    2.0789    2.0789    2.0789    2.0789   1.000
  1042.000    836.000    1.9397    1.9397    1.9397    1.9397   1.000
  1063.000    838.000    2.6430    2.6430    2.6430    2.6430   1.000
  1081.000    838.000    1.7190    1.7190    1.7190    1.7190   1.000
  1029.000    839.000    2.9809    2.9809    2.9809    2.9809   1.000
  1071.000    839.000    2.1009    2.1009    2.1009    2.1009   1.000
  1078.000    839.000    1.4516    1.4516    1.4516    1.4516   1.000
  1035.000    840.000    2.1525    2.1525    2.1525    2.1525   1.000
  1053.000    840.000    1.5756    1.5756    1.5756    1.5756   1.000
  1056.000    840.000   -0.6854   -0.6854   -0.6854   -0.6854   1.000
  1066.000    840.000    2.5920    2.5920    2.5920    2.5920   1.000
  1043.000    842.000    1.7857    1.7857    1.7857    1.7857   1.000
  1048.000    842.000    2.5159    2.5159    2.5159    2.5159   1.000
  1037.000    843.000    2.7259    2.7259    2.7259    2.7259   1.000
  1052.000    843.000    1.2590    1.2590    1.2590    1.2590   1.000
  1070.000    843.000    2.0304    2.0304    2.0304    2.0304   1.000
  1077.000    843.000    2.2407    2.2407    2.2407    2.2407   1.000
  1065.000    844.000    2.9330    2.9330    2.9330    2.9330   1.000
  1031.000    845.000   -1.1610   -1.1610   -1.1610   -1.1610   1.000
  1040.000    845.000    2.1121    2.1121    2.1121    2.1121   1.000
  1056.000    846.000    1.7494    1.7494    1.7494    1.7494   1.000
  1043.000    847.000    2.2969    2.2969    2.2969    2.2969   1.000
  1069.000    847.000    2.3398    2.3398    2.3398    2.3398   1.000
  1035.000    848.000    1.3896    1.3896    1.3896    1.3896   1.000
  1076.000    848.000    2.3244    2.3244    2.3244    2.3244   1.000
  1057.000    850.000    1.8344    1.8344    1.8344    1.8344   1.000
  1047.000    851.000    2.5624    2.5624    2.5624    2.5624   1.000
  1072.000    852.000    2.4099    2.4099    2.4099    2.4099   1.000
  1077.000    852.000    0.2663    0.2663    0.2663    0.2663   1.000
  1037.000    853.000    2.0157    2.0157    2.0157    2.0157   1.000
  1042.000    853.000    1.7404    1.7404    1.7404    1.7404   1.000
  1060.000    853.000   -0.2938   -0.2938   -0.2938   -0.2938   1.000
  1067.000    853.000    2.9064    2.9064    2.9064    2.9064   1.000
  1050.000    854.000    1.1856    1.1856    1.1856    1.1856   1.000
  1033.000    857.000    1.7859    1.7859    1.7859    1.7859   1.000
  1070.000    857.000    0.8578    0.8578    0.8578    0.8578   1.000
  1046.000    858.000    1.9379    1.9379    1.9379    1.9379   1.000
  1078.000    858.000    2.1647    2.1647    2.1647    2.1647   1.000
  1042.000    859.000    1.7499    1.7499    1.7499    1.7499   1.000
  1058.000    859.000    0.0051    0.0051    0.0051    0.0051   1.000
  1065.000    859.000    2.0837    2.0837    2.0837    2.0837   1.000
  1028.000    861.000    1.6749    1.6749    1.6749    1.6749   1.000
  1049.000    861.000    1.7499    1.7499    1.7499    1.7499   1.000
  1072.000    861.000    1.8657    1.8657    1.8657    1.8657   1.000
  1045.000    863.000    2.4255    2.4255    2.4255    2.4255   1.000
  1079.000    863.000    2.3157    2.3157    2.3157    2.3157   1.000
  1060.000    864.000    0.0249    0.0249    0.0249    0.0249   1.000
  1064.000    864.000    2.7069    2.7069    2.7069    2.7069   1.000
  1040.000    865.000    2.0452    2.0452    2.0452    2.0452   1.000
  1051.000    865.000    2.2356    2.2356    2.2356    2.2356   1.000
  1083.000    865.000    2.1446    2.1446    2.1446    2.1446   1.000
  1032.000    866.000    2.1474    2.1474    2.1474    2.1474   1.000
  1044.000    866.000    2.4359    2.4359    2.4359    2.4359   1.000
  1049.000    867.000    2.3719    2.3719    2.3719    2.3719   1.000
  1071.000    868.000    2.8065    2.8065    2.8065    2.8065   1.000
  1066.000    869.000    2.0712    2.0712    2.0712    2.0712   1.000
  1050.000    870.000    2.0717    2.0717    2.0717    2.0717   1.000
  1057.000    870.000    1.5785    1.5785    1.5785    1.5785   1.000
  1081.000    870.000    1.9403    1.9403    1.9403    1.9403   1.000
  1034.000    872.000    1.4523    1.4523    1.4523    1.4523   1.000
  1045.000    873.000    2.5681    2.5681    2.5681    2.5681   1.000
  1053.000    873.000    2.6981    2.6981    2.6981    2.6981   1.000
  1061.000    873.000    1.9808    1.9808    1.9808    1.9808   1.000
  1071.000    873.000    1.2266    1.2266    1.2266    1.2266   1.000
  1077.000    875.000    2.8171    2.8171    2.8171    2.8171   1.000
  1081.000    876.000    2.4946    2.4946    2.4946    2.4946   1.000
  1038.000    877.000    1.7935    1.7935    1.7935    1.7935   1.000
  1057.000    877.000    1.9732    1.9732    1.9732    1.9732   1.000
  1067.000    877.000    2.2875    2.2875    2.2875    2.2875   1.000
  1076.000    877.000    2.4739    2.4739    2.4739    2.4739   1.000
  1046.000    879.000    1.3393    1.3393    1.3393    1.3393   1.000
  1050.000    880.000   -0.0286   -0.0286   -0.0286   -0.0286   1.000
  1083.000    880.000    2.0844    2.0844    2.0844    2.0844   1.000
  1069.000    883.000   -0.1904   -0.1904   -0.1904   -0.1904   1.000
  1037.000    884.000    1.4070    1.4070    1.4070    1.4070   1.000
  1063.000    884.000    2.3373    2.3373    2.3373    2.3373   1.000
  1056.000    885.000    1.4910    1.4910    1.4910    1.4910   1.000
  1046.000    886.000    2.6425    2.6425    2.6425    2.6425   1.000
  1049.000    886.000    2.5619    2.5619    2.5619    2.5619   1.000
  1031.000    887.000    2.4113    2.4113    2.4113    2.4113   1.000
  1073.000    888.000   -0.9059   -0.9059   -0.9059   -0.9059   1.000
  1037.000    889.000    1.8980    1.8980    1.8980    1.8980   1.000
  1063.000    889.000    1.5458    1.5458    1.5458    1.5458   1.000
  1069.000    889.000    1.5908    1.5908    1.5908    1.5908   1.000
  1043.000    890.000    2.7059    2.7059    2.7059    2.7059   1.000
  1080.000    891.000    2.4786    2.4786    2.4786    2.4786   1.000
  1093.000    836.000    2.5912    2.5912    2.5912    2.5912   1.000
  1130.000    836.000    2.1656    2.1656    2.1656    2.1656   1.000
  1124.000    837.000    0.2389    0.2389    0.2389    0.2389   1.000
  1144.000    838.000    1.9434    1.9434    1.9434    1.9434   1.000
  1117.000    839.000   -1.7761   -1.7761   -1.7761   -1.7761   1.000
  1104.000    840.000    2.2031    2.2031    2.2031    2.2031   1.000
  1134.000    840.000    1.3894    1.3894    1.3894    1.3894   1.000
  1099.000    841.000    1.5058    1.5058    1.5058    1.5058   1.000
  1109.000    841.000   -0.0361   -0.0361   -0.0361   -0.0361   1.000
  1113.000    842.000    2.0304    2.0304    2.0304    2.0304   1.000
  1103.000    843.000    2.3591    2.3591    2.3591    2.3591   1.000
  1129.000    843.000    2.1558    2.1558    2.1558    2.1558   1.000
  1125.000    845.000    1.5885    1.5885    1.5885    1.5885   1.000
  1117.000    846.000    1.3071    1.3071    1.3071    1.3071   1.000
  1131.000    848.000    1.6716    1.6716    1.6716    1.6716   1.000
  1145.000    848.000    2.0747    2.0747    2.0747    2.0747   1.000
  1115.000    850.000    2.4771    2.4771    2.4771    2.4771   1.000
  1097.000    851.000    1.5036    1.5036    1.5036    1.5036   1.000
  1124.000    852.000    2.1545    2.1545    2.1545    2.1545   1.000
  1132.000    852.000    2.6834    2.6834    2.6834    2.6834   1.000
  1135.000    852.000    1.6360    1.6360    1.6360    1.6360   1.000
  1106.000    853.000   -0.9473   -0.9473   -0.9473   -0.9473   1.000
  1118.000    853.000    2.0802    2.0802    2.0802    2.0802   1.000
  1128.000    853.000    2.2296    2.2296    2.2296    2.2296   1.000
  1141.000    853.000    2.5836    2.5836    2.5836    2.5836   1.000
  1145.000    853.000    2.5712    2.5712    2.5712    2.5712   1.000
  1101.000    855.000    2.7292    2.7292    2.7292    2.7292   1.000
  1111.000    855.000    2.4056    2.4056    2.4056    2.4056   1.000
  1136.000    855.000    1.7321    1.7321    1.7321    1.7321   1.000
  1097.000    857.000    2.3378    2.3378    2.3378    2.3378   1.000
  1123.000    857.000    2.3185    2.3185    2.3185    2.3185   1.000
  1130.000    857.000    1.8615    1.8615    1.8615    1.8615   1.000
  1107.000    858.000    0.0400    0.0400    0.0400    0.0400   1.000
  1143.000    858.000    2.2698    2.2698    2.2698    2.2698   1.000
  1140.000    860.000    2.3113    2.3113    2.3113    2.3113   1.000
  1115.000    861.000    1.7896    1.7896    1.7896    1.7896   1.000
  1125.000    861.000    2.0238    2.0238    2.0238    2.0238   1.000
  1097.000    862.000    1.8741    1.8741    1.8741    1.8741   1.000
  1103.000    863.000    2.6717    2.6717    2.6717    2.6717   1.000
  1121.000    863.000    2.2358    2.2358    2.2358    2.2358   1.000
  1107.000    864.000    1.9255    1.9255    1.9255    1.9255   1.000
  1112.000    864.000    1.8023    1.8023    1.8023    1.8023   1.000
  1138.000    864.000    2.7738    2.7738    2.7738    2.7738   1.000
  1143.000    864.000    2.0151    2.0151    2.0151    2.0151   1.000
  1117.000    865.000    2.7452    2.7452    2.7452    2.7452   1.000
  1133.000    866.000    1.8442    1.8442    1.8442    1.8442   1.000
  1127.000    867.000    2.3173    2.3173    2.3173    2.3173   1.000
  1146.000    868.000    1.9564    1.9564    1.9564    1.9564   1.000
  1095.000    869.000   -1.4563   -1.4563   -1.4563   -1.4563   1.000
  1107.000    869.000    2.4319    2.4319    2.4319    2.4319   1.000
  1115.000    870.000    2.3078    2.3078    2.3078    2.3078   1.000
  1129.000    871.000    0.0627    0.0627    0.0627    0.0627   1.000
  1136.000    871.000    1.6100    1.6100    1.6100    1.6100   1.000
  1101.000    872.000    2.9177    2.9177    2.9177    2.9177   1.000
  1143.000    872.000    2.8627    2.8627    2.8627    2.8627   1.000
  1135.000    874.000    1.3586    1.3586    1.3586    1.3586   1.000
  1097.000    875.000    2.9201    2.9201    2.9201    2.9201   1.000
  1109.000    875.000   -0.2478   -0.2478   -0.2478   -0.2478   1.000
  1103.000    876.000   -0.2182   -0.2182   -0.2182   -0.2182   1.000
  1119.000    877.000    0.1212    0.1212    0.1212    0.1212   1.000
  1132.000    877.000    1.4583    1.4583    1.4583    1.4583   1.000
  1146.000    877.000    1.8231    1.8231    1.8231    1.8231   1.000
  1125.000    878.000    2.7055    2.7055    2.7055    2.7055   1.000
  1095.000    879.000    1.2677    1.2677    1.2677    1.2677   1.000
  1115.000    880.000    2.9558    2.9558    2.9558    2.9558   1.000
  1128.000    880.000    1.8701    1.8701    1.8701    1.8701   1.000
  1136.000    880.000    1.6414    1.6414    1.6414    1.6414   1.000
  1146.000    880.000    1.4512    1.4512    1.4512    1.4512   1.000
  1122.000    881.000    2.2612    2.2612    2.2612    2.2612   1.000
  1102.000    883.000    1.7942    1.7942    1.7942    1.7942   1.000
  1107.000    883.000    1.8667    1.8667    1.8667    1.8667   1.000
  1144.000    883.000    1.8098    1.8098    1.8098    1.8098   1.000
  1126.000    884.000    2.1943    2.1943    2.1943    2.1943   1.000
  1131.000    884.000    2.0951    2.0951    2.0951    2.0951   1.000
  1138.000    884.000    1.8594    1.8594    1.8594    1.8594   1.000
  1118.000    885.000    1.7259    1.7259    1.7259    1.7259   1.000
  1123.000    885.000    1.7648    1.7648    1.7648    1.7648   1.000
  1105.000    886.000    1.9954    1.9954    1.9954    1.9954   1.000
  1133.000    886.000    1.7461    1.7461    1.7461    1.7461   1.000
  1113.000    887.000    2.6401    2.6401    2.6401    2.6401   1.000
  1094.000    888.000    1.7012    1.7012    1.7012    1.7012   1.000
  1145.000    888.000    1.5665    1.5665    1.5665    1.5665   1.000
  1129.000    890.000    0.8873    0.8873    0.8873    0.8873   1.000
  1095.000    891.000    1.4677    1.4677    1.4677    1.4677   1.000
  1101.000    891.000    2.6821    2.6821    2.6821    2.6821   1.000
  1109.000    891.000    2.0051    2.0051    2.0051    2.0051   1.000
  1114.000    891.000    0.9588    0.9588    0.9588    0.9588   1.000
  1118.000    891.000    1.6896    1.6896    1.6896    1.6896   1.000
  1139.000    891.000    1.9684    1.9684    1.9684    1.9684   1.000
  1192.000    837.000    1.6158    1.6158    1.6158    1.6158   1.000
  1187.000    839.000   -0.4984   -0.4984   -0.4984   -0.4984   1.000
  1177.000    840.000    1.7163    1.7163    1.7163    1.7163   1.000
  1209.000    840.000    1.9955    1.9955    1.9955    1.9955   1.000
  1162.000    841.000    0.0963    0.0963    0.0963    0.0963   1.000
  1196.000    841.000    2.2943    2.2943    2.2943    2.2943   1.000
  1201.000    842.000    1.2785    1.2785    1.2785    1.2785   1.000
  1157.000    844.000    2.2834    2.2834    2.2834    2.2834   1.000
  1170.000    844.000   -0.3526   -0.3526   -0.3526   -0.3526   1.000
  1176.000    845.000    2.4354    2.4354    2.4354    2.4354   1.000
  1181.000    845.000    1.2472    1.2472    1.2472    1.2472   1.000
  1187.000    845.000    1.5628    1.5628    1.5628    1.5628   1.000
  1192.000    845.000   -0.3382   -0.3382   -0.3382   -0.3382   1.000
  1201.000    847.000    2.1978    2.1978    2.1978    2.1978   1.000
  1206.000    849.000   -0.5381   -0.5381   -0.5381   -0.5381   1.000
  1163.000    850.000    2.7359    2.7359    2.7359    2.7359   1.000
  1195.000    850.000    2.6190    2.6190    2.6190    2.6190   1.000
  1158.000    852.000    2.9072    2.9072    2.9072    2.9072   1.000
  1172.000    852.000    3.7175    3.7175    3.7175    3.7175   1.000
  1183.000    852.000    1.5707    1.5707    1.5707    1.5707   1.000
  1189.000    852.000    2.0682    2.0682    2.0682    2.0682   1.000
  1179.000    853.000    2.7155    2.7155    2.7155    2.7155   1.000
  1197.000    854.000    2.1569    2.1569    2.1569    2.1569   1.000
  1202.000    854.000    1.9262    1.9262    1.9262    1.9262   1.000
  1189.000    855.000    2.6568    2.6568    2.6568    2.6568   1.000
  1173.000    856.000    2.3366    2.3366    2.3366    2.3366   1.000
  1193.000    856.000    2.3974    2.3974    2.3974    2.3974   1.000
  1156.000    857.000   -0.4249   -0.4249   -0.4249   -0.4249   1.000
  1164.000    857.000    0.6907    0.6907    0.6907    0.6907   1.000
  1185.000    858.000    2.6447    2.6447    2.6447    2.6447   1.000
  1206.000    858.000    2.7580    2.7580    2.7580    2.7580   1.000
  1176.000    859.000    2.5339    2.5339    2.5339    2.5339   1.000
  1201.000    860.000    0.9852    0.9852    0.9852    0.9852   1.000
  1160.000    861.000    2.5860    2.5860    2.5860    2.5860   1.000
  1166.000    862.000    1.8029    1.8029    1.8029    1.8029   1.000
  1174.000    863.000    2.3930    2.3930    2.3930    2.3930   1.000
  1206.000    863.000    1.7437    1.7437    1.7437    1.7437   1.000
  1187.000    864.000    2.2661    2.2661    2.2661    2.2661   1.000
  1208.000    864.000    1.7589    1.7589    1.7589    1.7589   1.000
  1179.000    865.000    1.2733    1.2733    1.2733    1.2733   1.000
  1203.000    865.000    2.0900    2.0900    2.0900    2.0900   1.000
  1162.000    866.000    2.3201    2.3201    2.3201    2.3201   1.000
  1173.000    866.000    2.2508    2.2508    2.2508    2.2508   1.000
  1182.000    866.000    2.1418    2.1418    2.1418    2.1418   1.000
  1209.000    866.000    1.7717    1.7717    1.7717    1.7717   1.000
  1171.000    867.000    2.3778    2.3778    2.3778    2.3778   1.000
  1187.000    868.000    1.8783    1.8783    1.8783    1.8783   1.000
  1199.000    868.000    1.8668    1.8668    1.8668    1.8668   1.000
  1184.000    869.000    2.0339    2.0339    2.0339    2.0339   1.000
  1193.000    869.000    1.4743    1.4743    1.4743    1.4743   1.000
  1205.000    869.000    1.9767    1.9767    1.9767    1.9767   1.000
  1168.000    871.000    1.8453    1.8453    1.8453    1.8453   1.000
  1176.000    871.000    2.4058    2.4058    2.4058    2.4058   1.000
  1190.000    872.000    2.1584    2.1584    2.1584    2.1584   1.000
  1196.000    872.000    2.2910    2.2910    2.2910    2.2910   1.000
  1202.000    872.000    2.3927    2.3927    2.3927    2.3927   1.000
  1160.000    873.000    2.0295    2.0295    2.0295    2.0295   1.000
  1173.000    873.000    1.0971    1.0971    1.0971    1.0971   1.000
  1210.000    873.000    2.6854    2.6854    2.6854    2.6854   1.000
  1186.000    875.000   -0.2592   -0.2592   -0.2592   -0.2592   1.000
  1159.000    876.000    2.9649    2.9649    2.9649    2.9649   1.000
  1164.000    876.000    1.6540    1.6540    1.6540    1.6540   1.000
  1169.000    876.000    0.0343    0.0343    0.0343    0.0343   1.000
  1179.000    877.000    0.9901    0.9901    0.9901    0.9901   1.000
  1192.000    877.000    2.5669    2.5669    2.5669    2.5669   1.000
  1188.000    879.000    2.6628    2.6628    2.6628    2.6628   1.000
  1161.000    880.000    1.9608    1.9608    1.9608    1.9608   1.000
  1195.000    880.000    2.1979    2.1979    2.1979    2.1979   1.000
  1200.000    880.000    1.9716    1.9716    1.9716    1.9716   1.000
  1203.000    880.000    2.2656    2.2656    2.2656    2.2656   1.000
  1175.000    881.000    2.5172    2.5172    2.5172    2.5172   1.000
  1183.000    882.000    2.4854    2.4854    2.4854    2.4854   1.000
  1169.000    883.000    1.9364    1.9364    1.9364    1.9364   1.000
  1178.000    883.000    2.2158    2.2158    2.2158    2.2158   1.000
  1185.000    883.000    2.6505    2.6505    2.6505    2.6505   1.000
  1205.000    883.000    3.1051    3.1051    3.1051    3.1051   1.000
  1190.000    884.000    1.9581    1.9581    1.9581    1.9581   1.000
  1199.000    884.000    1.8460    1.8460    1.8460    1.8460   1.000
  1157.000    885.000    2.3263    2.3263    2.3263    2.3263   1.000
  1160.000    885.000    1.9403    1.9403    1.9403    1.9403   1.000
  1165.000    885.000    1.7366    1.7366    1.7366    1.7366   1.000
  1173.000    885.000    2.2139    2.2139    2.2139    2.2139   1.000
  1188.000    887.000    1.8491    1.8491    1.8491    1.8491   1.000
  1167.000    888.000    2.0944    2.0944    2.0944    2.0944   1.000
  1205.000    888.000    2.4539    2.4539    2.4539    2.4539   1.000
  1163.000    890.000    0.8115    0.8115    0.8115    0.8115   1.000
  1174.000    890.000    2.0692    2.0692    2.0692    2.0692   1.000
  1200.000    890.000    2.1908    2.1908    2.1908    2.1908   1.000
  1186.000    891.000    1.9606    1.9606    1.9606    1.9606   1.000
  1241.000    836.000    2.2578    2.2578    2.2578    2.2578   1.000
  1245.000    836.000    1.9747    1.9747    1.9747    1.9747   1.000
  1257.000    836.000    2.5584    2.5584    2.5584    2.5584   1.000
  1225.000    837.000    2.2240    2.2240    2.2240    2.2240   1.000
  1253.000    837.000    2.7114    2.7114    2.7114    2.7114   1.000
  1264.000    837.000    2.5202    2.5202    2.5202    2.5202   1.000
  1248.000    839.000    2.2080    2.2080    2.2080    2.2080   1.000
  1273.000    839.000    2.5760    2.5760    2.5760    2.5760   1.000
  1222.000    840.000    2.0543    2.0543    2.0543    2.0543   1.000
  1259.000    841.000    2.5291    2.5291    2.5291    2.5291   1.000
  1267.000    841.000    1.7495    1.7495    1.7495    1.7495   1.000
  1229.000    842.000    2.2239    2.2239    2.2239    2.2239   1.000
  1240.000    843.000    2.2925    2.2925    2.2925    2.2925   1.000
  1250.000    843.000    2.2425    2.2425    2.2425    2.2425   1.000
  1262.000    844.000    1.0547    1.0547    1.0547    1.0547   1.000
  1223.000    845.000   -0.5059   -0.5059   -0.5059   -0.5059   1.000
  1271.000    845.000   -0.4577   -0.4577   -0.4577   -0.4577   1.000
  1232.000    846.000    2.2804    2.2804    2.2804    2.2804   1.000
  1237.000    846.000    1.6275    1.6275    1.6275    1.6275   1.000
  1244.000    846.000    1.2742    1.2742    1.2742    1.2742   1.000
  1253.000    846.000    0.9903    0.9903    0.9903    0.9903   1.000
  1228.000    847.000    3.0189    3.0189    3.0189    3.0189   1.000
  1257.000    848.000    1.3707    1.3707    1.3707    1.3707   1.000
  1248.000    849.000    1.9574    1.9574    1.9574    1.9574   1.000
  1264.000    850.000    2.6063    2.6063    2.6063    2.6063   1.000
  1221.000    851.000    0.1333    0.1333    0.1333    0.1333   1.000
  1238.000    851.000    1.9173    1.9173    1.9173    1.9173   1.000
  1243.000    851.000    1.6706    1.6706    1.6706    1.6706   1.000
  1228.000    853.000   -0.4280   -0.4280   -0.4280   -0.4280   1.000
  1260.000    853.000    2.2230    2.2230    2.2230    2.2230   1.000
  1274.000    853.000    2.4151    2.4151    2.4151    2.4151   1.000
  1236.000    854.000    2.2551    2.2551    2.2551    2.2551   1.000
  1250.000    855.000    1.7397    1.7397    1.7397    1.7397   1.000
  1266.000    855.000    0.8117    0.8117    0.8117    0.8117   1.000
  1240.000    856.000    2.0181    2.0181    2.0181    2.0181   1.000
  1245.000    856.000    2.0894    2.0894    2.0894    2.0894   1.000
  1232.000    857.000    2.1742    2.1742    2.1742    2.1742   1.000
  1222.000    858.000    0.6952    0.6952    0.6952    0.6952   1.000
  1265.000    858.000    1.3376    1.3376    1.3376    1.3376   1.000
  1259.000    859.000    1.6708    1.6708    1.6708    1.6708   1.000
  1267.000    859.000    0.9965    0.9965    0.9965    0.9965   1.000
  1275.000    859.000    2.1918    2.1918    2.1918    2.1918   1.000
  1237.000    860.000    2.7450    2.7450    2.7450    2.7450   1.000
  1242.000    860.000    2.3564    2.3564    2.3564    2.3564   1.000
  1259.000    861.000    1.5251    1.5251    1.5251    1.5251   1.000
  1240.000    862.000    1.8392    1.8392    1.8392    1.8392   1.000
  1255.000    862.000    1.9958    1.9958    1.9958    1.9958   1.000
  1224.000    863.000    2.5305    2.5305    2.5305    2.5305   1.000
  1249.000    863.000    1.8581    1.8581    1.8581    1.8581   1.000
  1261.000    864.000    1.3744    1.3744    1.3744    1.3744   1.000
  1240.000    865.000    2.0865    2.0865    2.0865    2.0865   1.000
  1247.000    865.000    1.3015    1.3015    1.3015    1.3015   1.000
  1251.000    866.000    1.6142    1.6142    1.6142    1.6142   1.000
  1227.000    867.000    2.0840    2.0840    2.0840    2.0840   1.000
  1259.000    867.000    1.3113    1.3113    1.3113    1.3113   1.000
  1271.000    867.000    2.2824    2.2824    2.2824    2.2824   1.000
  1263.000    869.000    0.9164    0.9164    0.9164    0.9164   1.000
  1247.000    870.000    1.7517    1.7517    1.7517    1.7517   1.000
  1229.000    871.000    1.6305    1.6305    1.6305    1.6305   1.000
  1271.000    872.000    2.1466    2.1466    2.1466    2.1466   1.000
  1252.000    873.000    1.9883    1.9883    1.9883    1.9883   1.000
  1227.000    874.000    1.7489    1.7489    1.7489    1.7489   1.000
  1256.000    875.000    2.5907    2.5907    2.5907    2.5907   1.000
  1232.000    876.000    2.2808    2.2808    2.2808    2.2808   1.000
  1237.000    876.000    1.8573    1.8573    1.8573    1.8573   1.000
  1249.000    877.000    1.1799    1.1799    1.1799    1.1799   1.000
  1263.000    877.000    2.4033    2.4033    2.4033    2.4033   1.000
  1236.000    878.000    1.6312    1.6312    1.6312    1.6312   1.000
  1244.000    879.000    2.0086    2.0086    2.0086    2.0086   1.000
  1273.000    879.000    2.6371    2.6371    2.6371    2.6371   1.000
  1222.000    880.000    0.4563    0.4563    0.4563    0.4563   1.000
  1229.000    880.000    1.0437    1.0437    1.0437    1.0437   1.000
  1252.000    881.000    1.0026    1.0026    1.0026    1.0026   1.000
  1257.000    881.000    2.7710    2.7710    2.7710    2.7710   1.000
  1247.000    882.000    2.0146    2.0146    2.0146    2.0146   1.000
  1261.000    882.000    1.3839    1.3839    1.3839    1.3839   1.000
  1270.000    882.000    2.5996    2.5996    2.5996    2.5996   1.000
  1235.000    884.000    3.4462    3.4462    3.4462    3.4462   1.000
  1223.000    886.000    1.5992    1.5992    1.5992    1.5992   1.000
  1253.000    886.000    2.7528    2.7528    2.7528    2.7528   1.000
  1259.000    886.000    3.0675    3.0675    3.0675    3.0675   1.000
  1239.000    887.000    1.0576    1.0576    1.0576    1.0576   1.000
  1270.000    887.000    1.9732    1.9732    1.9732    1.9732   1.000
  1231.000    888.000    1.3322    1.3322    1.3322    1.3322   1.000
  1249.000    889.000    1.9790    1.9790    1.9790    1.9790   1.000
  1255.000    889.000    1.5764    1.5764    1.5764    1.5764   1.000
  1266.000    889.000    0.4066    0.4066    0.4066    0.4066   1.000
  1221.000    891.000    2.2808    2.2808    2.2808    2.2808   1.000
  1227.000    891.000    2.1077    2.1077    2.1077    2.1077   1.000
  1238.000    891.000    1.4085    1.4085    1.4085    1.4085   1.000
   790.000    900.000    2.5568    2.5568    2.5568    2.5568   1.000
   823.000    900.000    2.5235    2.5235    2.5235    2.5235   1.000
   797.000    901.000    1.4878    1.4878    1.4878    1.4878   1.000
   776.000    902.000    1.0407    1.0407    1.0407    1.0407   1.000
   779.000    903.000    1.2565    1.2565    1.2565    1.2565   1.000
   785.000    905.000    1.2680    1.2680    1.2680    1.2680   1.000
   802.000    905.000    2.8021    2.8021    2.8021    2.8021   1.000
   807.000    905.000   -0.1722   -0.1722   -0.1722   -0.1722   1.000
   818.000    906.000    1.8927    1.8927    1.8927    1.8927   1.000
   823.000    906.000    2.0624    2.0624    2.0624    2.0624   1.000
   792.000    907.000   -0.0224   -0.0224   -0.0224   -0.0224   1.000
   814.000    907.000    2.2633    2.2633    2.2633    2.2633   1.000
   798.000    908.000    2.1627    2.1627    2.1627    2.1627   1.000
   777.000    909.000    1.5471    1.5471    1.5471    1.5471   1.000
   806.000    909.000   -0.2423   -0.2423   -0.2423   -0.2423   1.000
   779.000    910.000    1.8434    1.8434    1.8434    1.8434   1.000
   824.000    910.000    2.9286    2.9286    2.9286    2.9286   1.000
   783.000    911.000    0.8299    0.8299    0.8299    0.8299   1.000
   818.000    912.000   -0.0188   -0.0188   -0.0188   -0.0188   1.000
   794.000    913.000    1.0188    1.0188    1.0188    1.0188   1.000
   802.000    913.000    2.2113    2.2113    2.2113    2.2113   1.000
   804.000    914.000    2.2521    2.2521    2.2521    2.2521   1.000
   811.000    914.000    2.3418    2.3418    2.3418    2.3418   1.000
   791.000    915.000    0.8353    0.8353    0.8353    0.8353   1.000
   815.000    915.000    2.5258    2.5258    2.5258    2.5258   1.000
   799.000    916.000    2.9237    2.9237    2.9237    2.9237   1.000
   824.000    916.000    2.3036    2.3036    2.3036    2.3036   1.000
   780.000    917.000    2.5331    2.5331    2.5331    2.5331   1.000
   795.000    917.000    2.1954    2.1954    2.1954    2.1954   1.000
   820.000    917.000    1.8607    1.8607    1.8607    1.8607   1.000
   827.000    919.000    2.6953    2.6953    2.6953    2.6953   1.000
   796.000    920.000    2.1005    2.1005    2.1005    2.1005   1.000
   803.000    920.000   -1.1637   -1.1637   -1.1637   -1.1637   1.000
   810.000    920.000    0.6063    0.6063    0.6063    0.6063   1.000
   777.000    921.000    2.4007    2.4007    2.4007    2.4007   1.000
   815.000    921.000    2.3016    2.3016    2.3016    2.3016   1.000
   821.000    923.000    3.0752    3.0752    3.0752    3.0752   1.000
   792.000    924.000    2.4684    2.4684    2.4684    2.4684   1.000
   786.000    925.000    1.9727    1.9727    1.9727    1.9727   1.000
   804.000    925.000    2.1788    2.1788    2.1788    2.1788   1.000
   818.000    925.000    2.5480    2.5480    2.5480    2.5480   1.000
   775.000    926.000    2.3022    2.3022    2.3022    2.3022   1.000
   795.000    926.000    2.3399    2.3399    2.3399    2.3399   1.000
   812.000    928.000    2.4000    2.4000    2.4000    2.4000   1.000
   820.000    929.000    2.4607    2.4607    2.4607    2.4607   1.000
   827.000    929.000    2.0752    2.0752    2.0752    2.0752   1.000
   785.000    930.000    0.3537    0.3537    0.3537    0.3537   1.000
   792.000    930.000    2.1096    2.1096    2.1096    2.1096   1.000
   776.000    931.000    1.9207    1.9207    1.9207    1.9207   1.000
   797.000    931.000    0.1930    0.1930    0.1930    0.1930   1.000
   802.000    932.000    1.0830    1.0830    1.0830    1.0830   1.000
   790.000    933.000    1.4318    1.4318    1.4318    1.4318   1.000
   809.000    933.000    2.3538    2.3538    2.3538    2.3538   1.000
   812.000    934.000    2.2949    2.2949    2.2949    2.2949   1.000
   825.000    934.000    2.0169    2.0169    2.0169    2.0169   1.000
   817.000    936.000    2.4970    2.4970    2.4970    2.4970   1.000
   782.000    937.000    2.1780    2.1780    2.1780    2.1780   1.000
   786.000    937.000    1.7930    1.7930    1.7930    1.7930   1.000
   795.000    937.000    2.0267    2.0267    2.0267    2.0267   1.000
   822.000    938.000    1.5515    1.5515    1.5515    1.5515   1.000
   825.000    938.000    2.5642    2.5642    2.5642    2.5642   1.000
   809.000    940.000    1.9089    1.9089    1.9089    1.9089   1.000
   788.000    942.000    1.7190    1.7190    1.7190    1.7190   1.000
   794.000    942.000    2.0486    2.0486    2.0486    2.0486   1.000
   812.000    942.000    2.4600    2.4600    2.4600    2.4600   1.000
   817.000    942.000    2.1471    2.1471    2.1471    2.1471   1.000
   773.000    943.000    2.4598    2.4598    2.4598    2.4598   1.000
   784.000    943.000    2.4364    2.4364    2.4364    2.4364   1.000
   798.000    943.000    0.0278    0.0278    0.0278    0.0278   1.000
   821.000    943.000    2.5085    2.5085    2.5085    2.5085   1.000
   793.000    944.000    2.1327    2.1327    2.1327    2.1327   1.000
   777.000    945.000    2.0955    2.0955    2.0955    2.0955   1.000
   813.000    946.000    2.3933    2.3933    2.3933    2.3933   1.000
   791.000    947.000    2.7047    2.7047    2.7047    2.7047   1.000
   814.000    948.000    1.9824    1.9824    1.9824    1.9824   1.000
   822.000    948.000    1.9734    1.9734    1.9734    1.9734   1.000
   809.000    949.000    1.5434    1.5434    1.5434    1.5434   1.000
   827.000    949.000    0.4440    0.4440    0.4440    0.4440   1.000
   787.000    950.000    1.3501    1.3501    1.3501    1.3501   1.000
   821.000    950.000    1.7734    1.7734    1.7734    1.7734   1.000
   777.000    951.000    1.8926    1.8926    1.8926    1.8926   1.000
   805.000    951.000    2.5918    2.5918    2.5918    2.5918   1.000
   813.000    951.000    2.1767    2.1767    2.1767    2.1767   1.000
   793.000    952.000    1.9353    1.9353    1.9353    1.9353   1.000
   800.000    952.000    2.0797    2.0797    2.0797    2.0797   1.000
   809.000    953.000    2.2648    2.2648    2.2648    2.2648   1.000
   819.000    954.000    1.6359    1.6359    1.6359    1.6359   1.000
   780.000    955.000    0.3986    0.3986    0.3986    0.3986   1.000
   837.000    900.000    2.7333    2.7333    2.7333    2.7333   1.000
   868.000    900.000    2.4105    2.4105    2.4105    2.4105   1.000
   870.000    900.000    2.4562    2.4562    2.4562    2.4562   1.000
   858.000    901.000    2.0149    2.0149    2.0149    2.0149   1.000
   853.000    902.000    2.7405    2.7405    2.7405    2.7405   1.000
   864.000    902.000    2.1693    2.1693    2.1693    2.1693   1.000
   889.000    902.000    1.8154    1.8154    1.8154    1.8154   1.000
   841.000    903.000    2.2603    2.2603    2.2603    2.2603   1.000
   848.000    903.000    0.8433    0.8433    0.8433    0.8433   1.000
   885.000    903.000    2.8401    2.8401    2.8401    2.8401   1.000
   872.000    904.000    1.8427    1.8427    1.8427    1.8427   1.000
   880.000    904.000    1.7253    1.7253    1.7253    1.7253   1.000
   836.000    905.000    1.5218    1.5218    1.5218    1.5218   1.000
   858.000    906.000    1.7718    1.7718    1.7718    1.7718   1.000
   850.000    907.000    2.2549    2.2549    2.2549    2.2549   1.000
   889.000    907.000    1.4848    1.4848    1.4848    1.4848   1.000
   855.000    908.000    2.1139    2.1139    2.1139    2.1139   1.000
   863.000    908.000    1.4471    1.4471    1.4471    1.4471   1.000
   886.000    908.000    2.7445    2.7445    2.7445    2.7445   1.000
   841.000    909.000    2.4107    2.4107    2.4107    2.4107   1.000
   846.000    909.000    2.2792    2.2792    2.2792    2.2792   1.000
   882.000    909.000    3.4001    3.4001    3.4001    3.4001   1.000
   877.000    910.000    2.0599    2.0599    2.0599    2.0599   1.000
   860.000    912.000    1.6048    1.6048    1.6048    1.6048   1.000
   837.000    913.000    1.8848    1.8848    1.8848    1.8848   1.000
   850.000    913.000   -0.3209   -0.3209   -0.3209   -0.3209   1.000
   876.000    913.000    2.3967    2.3967    2.3967    2.3967   1.000
   887.000    913.000    1.0737    1.0737    1.0737    1.0737   1.000
   856.000    914.000    0.2593    0.2593    0.2593    0.2593   1.000
   881.000    914.000    3.0870    3.0870    3.0870    3.0870   1.000
   840.000    915.000    2.0638    2.0638    2.0638    2.0638   1.000
   843.000    917.000    2.4037    2.4037    2.4037    2.4037   1.000
   864.000    917.000    1.9876    1.9876    1.9876    1.9876   1.000
   866.000    917.000    2.1395    2.1395    2.1395    2.1395   1.000
   872.000    917.000   -0.2025   -0.2025   -0.2025   -0.2025   1.000
   889.000    917.000    3.2973    3.2973    3.2973    3.2973   1.000
   849.000    919.000    1.6099    1.6099    1.6099    1.6099   1.000
   885.000    919.000    2.5894    2.5894    2.5894    2.5894   1.000
   857.000    921.000    1.9935    1.9935    1.9935    1.9935   1.000
   838.000    922.000    2.0780    2.0780    2.0780    2.0780   1.000
   853.000    922.000    2.3681    2.3681    2.3681    2.3681   1.000
   869.000    922.000    1.9605    1.9605    1.9605    1.9605   1.000
   878.000    922.000    0.5083    0.5083    0.5083    0.5083   1.000
   888.000    923.000    2.2586    2.2586    2.2586    2.2586   1.000
   846.000    924.000    2.3306    2.3306    2.3306    2.3306   1.000
   861.000    924.000    2.3007    2.3007    2.3007    2.3007   1.000
   841.000    926.000    1.3889    1.3889    1.3889    1.3889   1.000
   846.000    928.000    1.7689    1.7689    1.7689    1.7689   1.000
   862.000    928.000    1.4529    1.4529    1.4529    1.4529   1.000
   878.000    928.000    0.2646    0.2646    0.2646    0.2646   1.000
   887.000    928.000    1.1830    1.1830    1.1830    1.1830   1.000
   840.000    929.000    2.4037    2.4037    2.4037    2.4037   1.000
   852.000    929.000    2.1218    2.1218    2.1218    2.1218   1.000
   859.000    930.000    1.9868    1.9868    1.9868    1.9868   1.000
   883.000    930.000    0.8745    0.8745    0.8745    0.8745   1.000
   842.000    931.000    1.9833    1.9833    1.9833    1.9833   1.000
   873.000    931.000    2.3130    2.3130    2.3130    2.3130   1.000
   887.000    932.000    1.7542    1.7542    1.7542    1.7542   1.000
   856.000    933.000    2.3121    2.3121    2.3121    2.3121   1.000
   877.000    933.000    2.2490    2.2490    2.2490    2.2490   1.000
   867.000    935.000   -0.1098   -0.1098   -0.1098   -0.1098   1.000
   890.000    935.000    2.1568    2.1568    2.1568    2.1568   1.000
   842.000    936.000    2.1293    2.1293    2.1293    2.1293   1.000
   850.000    936.000    2.3701    2.3701    2.3701    2.3701   1.000
   862.000    936.000    2.0917    2.0917    2.0917    2.0917   1.000
   884.000    937.000    1.8477    1.8477    1.8477    1.8477   1.000
   871.000    938.000    1.8376    1.8376    1.8376    1.8376   1.000
   888.000    938.000    1.6483    1.6483    1.6483    1.6483   1.000
   838.000    940.000   -1.9906   -1.9906   -1.9906   -1.9906   1.000
   875.000    940.000    1.8845    1.8845    1.8845    1.8845   1.000
   849.000    941.000    2.1153    2.1153    2.1153    2.1153   1.000
   881.000    944.000    1.9625    1.9625    1.9625    1.9625   1.000
   889.000    944.000   -0.1514   -0.1514   -0.1514   -0.1514   1.000
   870.000    945.000    2.7006    2.7006    2.7006    2.7006   1.000
   844.000    946.000    2.5322    2.5322    2.5322    2.5322   1.000
   861.000    946.000    2.1525    2.1525    2.1525    2.1525   1.000
   837.000    947.000    2.1103    2.1103    2.1103    2.1103   1.000
   884.000    948.000    1.1211    1.1211    1.1211    1.1211   1.000
   855.000    949.000    2.0690    2.0690    2.0690    2.0690   1.000
   865.000    949.000    2.5591    2.5591    2.5591    2.5591   1.000
   840.000    950.000   -0.4459   -0.4459   -0.4459   -0.4459   1.000
   874.000    950.000    2.4909    2.4909    2.4909    2.4909   1.000
   888.000    950.000    2.6907    2.6907    2.6907    2.6907   1.000
   878.000    951.000    1.6011    1.6011    1.6011    1.6011   1.000
   845.000    952.000    1.3235    1.3235    1.3235    1.3235   1.000
   861.000    953.000    1.7269    1.7269    1.7269    1.7269   1.000
   866.000    953.000    3.0719    3.0719    3.0719    3.0719   1.000
   870.000    953.000    2.6517    2.6517    2.6517    2.6517   1.000
   837.000    954.000    2.2195    2.2195    2.2195    2.2195   1.000
   949.000    900.000    1.9573    1.9573    1.9573    1.9573   1.000
   952.000    902.000    2.0176    2.0176    2.0176    2.0176   1.000
   929.000    903.000    2.0304    2.0304    2.0304    2.0304   1.000
   905.000    904.000    0.4558    0.4558    0.4558    0.4558   1.000
   909.000    904.000    2.3631    2.3631    2.3631    2.3631   1.000
   946.000    904.000    2.0964    2.0964    2.0964    2.0964   1.000
   916.000    906.000    2.2142    2.2142    2.2142    2.2142   1.000
   919.000    907.000    2.1703    2.1703    2.1703    2.1703   1.000
   925.000    907.000    1.7960    1.7960    1.7960    1.7960   1.000
   942.000    907.000    0.1726    0.1726    0.1726    0.1726   1.000
   947.000    907.000    1.8944    1.8944    1.8944    1.8944   1.000
   952.000    907.000    2.5505    2.5505    2.5505    2.5505   1.000
   913.000    908.000    2.1835    2.1835    2.1835    2.1835   1.000
   902.000    909.000    2.6363    2.6363    2.6363    2.6363   1.000
   929.000    910.000    1.5703    1.5703    1.5703    1.5703   1.000
   955.000    910.000    2.8920    2.8920    2.8920    2.8920   1.000
   908.000    911.000    2.3299    2.3299    2.3299    2.3299   1.000
   916.000    912.000    1.9149    1.9149    1.9149    1.9149   1.000
   933.000    912.000    0.3671    0.3671    0.3671    0.3671   1.000
   939.000    912.000    2.6079    2.6079    2.6079    2.6079   1.000
   944.000    912.000   -0.6085   -0.6085   -0.6085   -0.6085   1.000
   951.000    912.000    2.0769    2.0769    2.0769    2.0769   1.000
   908.000    914.000    2.3040    2.3040    2.3040    2.3040   1.000
   924.000    914.000    2.7908    2.7908    2.7908    2.7908   1.000
   902.000    915.000    2.1662    2.1662    2.1662    2.1662   1.000
   950.000    916.000    1.4515    1.4515    1.4515    1.4515   1.000
   911.000    917.000    2.7261    2.7261    2.7261    2.7261   1.000
   940.000    917.000    2.2591    2.2591    2.2591    2.2591   1.000
   903.000    918.000    2.0241    2.0241    2.0241    2.0241   1.000
   932.000    918.000    2.6067    2.6067    2.6067    2.6067   1.000
   935.000    918.000    2.4281    2.4281    2.4281    2.4281   1.000
   944.000    918.000    2.0531    2.0531    2.0531    2.0531   1.000
   915.000    919.000    2.2940    2.2940    2.2940    2.2940   1.000
   953.000    919.000    3.1381    3.1381    3.1381    3.1381   1.000
   902.000    920.000    2.2164    2.2164    2.2164    2.2164   1.000
   924.000    920.000    2.1562    2.1562    2.1562    2.1562   1.000
   927.000    920.000    1.9750    1.9750    1.9750    1.9750   1.000
   949.000    920.000    2.6520    2.6520    2.6520    2.6520   1.000
   946.000    921.000    2.4346    2.4346    2.4346    2.4346   1.000
   905.000    923.000    1.9476    1.9476    1.9476    1.9476   1.000
   942.000    923.000    1.5805    1.5805    1.5805    1.5805   1.000
   903.000    924.000    1.8809    1.8809    1.8809    1.8809   1.000
   927.000    924.000    2.2917    2.2917    2.2917    2.2917   1.000
   936.000    924.000    0.5802    0.5802    0.5802    0.5802   1.000
   919.000    925.000    2.7041    2.7041    2.7041    2.7041   1.000
   925.000    925.000    2.3563    2.3563    2.3563    2.3563   1.000
   909.000    927.000   -1.3217   -1.3217   -1.3217   -1.3217   1.000
   949.000    927.000    2.0166    2.0166    2.0166    2.0166   1.000
   922.000    928.000    1.9815    1.9815    1.9815    1.9815   1.000
   933.000    928.000    2.0424    2.0424    2.0424    2.0424   1.000
   939.000    928.000    2.5220    2.5220    2.5220    2.5220   1.000
   903.000    929.000    1.7080    1.7080    1.7080    1.7080   1.000
   926.000    930.000    2.7836    2.7836    2.7836    2.7836   1.000
   943.000    930.000    1.8770    1.8770    1.8770    1.8770   1.000
   917.000    931.000    1.9632    1.9632    1.9632    1.9632   1.000
   930.000    932.000    2.2634    2.2634    2.2634    2.2634   1.000
   943.000    932.000    1.7643    1.7643    1.7643    1.7643   1.000
   950.000    932.000    2.6853    2.6853    2.6853    2.6853   1.000
   934.000    933.000    2.3835    2.3835    2.3835    2.3835   1.000
   937.000    933.000    1.9390    1.9390    1.9390    1.9390   1.000
   917.000    935.000    2.6521    2.6521    2.6521    2.6521   1.000
   926.000    935.000    1.6955    1.6955    1.6955    1.6955   1.000
   945.000    936.000    2.1472    2.1472    2.1472    2.1472   1.000
   907.000    937.000    2.1486    2.1486    2.1486    2.1486   1.000
   950.000    937.000    2.4444    2.4444    2.4444    2.4444   1.000
   930.000    938.000    2.2257    2.2257    2.2257    2.2257   1.000
   937.000    938.000    2.3733    2.3733    2.3733    2.3733   1.000
   912.000    939.000    2.3804    2.3804    2.3804    2.3804   1.000
   916.000    939.000    2.5962    2.5962    2.5962    2.5962   1.000
   922.000    939.000    2.1783    2.1783    2.1783    2.1783   1.000
   940.000    939.000    2.0699    2.0699    2.0699    2.0699   1.000
   902.000    940.000    2.5898    2.5898    2.5898    2.5898   1.000
   946.000    940.000    1.2530    1.2530    1.2530    1.2530   1.000
   906.000    941.000    2.7457    2.7457    2.7457    2.7457   1.000
   915.000    941.000    2.7699    2.7699    2.7699    2.7699   1.000
   910.000    942.000    2.3931    2.3931    2.3931    2.3931   1.000
   927.000    942.000    2.6680    2.6680    2.6680    2.6680   1.000
   919.000    943.000    2.5058    2.5058    2.5058    2.5058   1.000
   937.000    944.000    2.6525    2.6525    2.6525    2.6525   1.000
   942.000    944.000    1.2694    1.2694    1.2694    1.2694   1.000
   954.000    945.000    2.1565    2.1565    2.1565    2.1565   1.000
   901.000    946.000    2.1385    2.1385    2.1385    2.1385   1.000
   909.000    946.000    0.1538    0.1538    0.1538    0.1538   1.000
   951.000    946.000    2.2781    2.2781    2.2781    2.2781   1.000
   935.000    947.000    2.1611    2.1611    2.1611    2.1611   1.000
   947.000    948.000    2.7627    2.7627    2.7627    2.7627   1.000
   952.000    948.000    2.6824    2.6824    2.6824    2.6824   1.000
   923.000    949.000    0.8072    0.8072    0.8072    0.8072   1.000
   939.000    949.000    2.5944    2.5944    2.5944    2.5944   1.000
   930.000    951.000    1.5964    1.5964    1.5964    1.5964   1.000
   943.000    951.000    2.9098    2.9098    2.9098    2.9098   1.000
   955.000    951.000    2.6528    2.6528    2.6528    2.6528   1.000
   927.000    952.000    1.9323    1.9323    1.9323    1.9323   1.000
   907.000    953.000    2.4615    2.4615    2.4615    2.4615   1.000
   912.000    954.000    2.2474    2.2474    2.2474    2.2474   1.000
   936.000    954.000    1.7339    1.7339    1.7339    1.7339   1.000
   924.000    955.000    1.4747    1.4747    1.4747    1.4747   1.000
   977.000    900.000    3.4463    3.4463    3.4463    3.4463   1.000
   970.000    901.000    2.1209    2.1209    2.1209    2.1209   1.000
   966.000    902.000    2.1696    2.1696    2.1696    2.1696   1.000
   973.000    902.000    2.1181    2.1181    2.1181    2.1181   1.000
  1002.000    902.000    2.2181    2.2181    2.2181    2.2181   1.000
  1017.000    903.000    2.2470    2.2470    2.2470    2.2470   1.000
   979.000    905.000    2.2948    2.2948    2.2948    2.2948   1.000
   988.000    905.000    2.4317    2.4317    2.4317    2.4317   1.000
   993.000    905.000    0.4581    0.4581    0.4581    0.4581   1.000
  1006.000    905.000    2.3706    2.3706    2.3706    2.3706   1.000
  1012.000    905.000    1.7050    1.7050    1.7050    1.7050   1.000
   999.000    907.000    1.7981    1.7981    1.7981    1.7981   1.000
   968.000    909.000    1.0439    1.0439    1.0439    1.0439   1.000
   975.000    909.000    0.9501    0.9501    0.9501    0.9501   1.000
   978.000    909.000    2.5557    2.5557    2.5557    2.5557   1.000
   983.000    909.000    2.5267    2.5267    2.5267    2.5267   1.000
   991.000    909.000    2.3642    2.3642    2.3642    2.3642   1.000
  1011.000    909.000    1.6827    1.6827    1.6827    1.6827   1.000
  1017.000    909.000    1.5851    1.5851    1.5851    1.5851   1.000
  1008.000    911.000    2.1314    2.1314    2.1314    2.1314   1.000
  1003.000    913.000    1.9288    1.9288    1.9288    1.9288   1.000
  1011.000    913.000    1.6167    1.6167    1.6167    1.6167   1.000
   965.000    914.000    1.5390    1.5390    1.5390    1.5390   1.000
   992.000    914.000    2.5275    2.5275    2.5275    2.5275   1.000
  1016.000    914.000    1.9709    1.9709    1.9709    1.9709   1.000
   974.000    916.000    2.0321    2.0321    2.0321    2.0321   1.000
   982.000    916.000    1.4838    1.4838    1.4838    1.4838   1.000
   994.000    918.000   -0.0949   -0.0949   -0.0949   -0.0949   1.000
  1005.000    918.000    2.2208    2.2208    2.2208    2.2208   1.000
   971.000    919.000    1.8876    1.8876    1.8876    1.8876   1.000
   990.000    919.000    1.9886    1.9886    1.9886    1.9886   1.000
  1011.000    920.000    2.3595    2.3595    2.3595    2.3595   1.000
  1009.000    921.000    2.2131    2.2131    2.2131    2.2131   1.000
   979.000    923.000    2.0974    2.0974    2.0974    2.0974   1.000
   972.000    924.000    2.5620    2.5620    2.5620    2.5620   1.000
   969.000    925.000    2.1468    2.1468    2.1468    2.1468   1.000
  1003.000    925.000    2.4295    2.4295    2.4295    2.4295   1.000
  1016.000    925.000    1.2807    1.2807    1.2807    1.2807   1.000
   986.000    926.000    2.4680    2.4680    2.4680    2.4680   1.000
   980.000    927.000    1.9188    1.9188    1.9188    1.9188   1.000
   995.000    927.000    1.5981    1.5981    1.5981    1.5981   1.000
   967.000    929.000    1.6820    1.6820    1.6820    1.6820   1.000
   984.000    930.000    1.5105    1.5105    1.5105    1.5105   1.000
   996.000    930.000    1.9615    1.9615    1.9615    1.9615   1.000
  1009.000    930.000    2.1837    2.1837    2.1837    2.1837   1.000
  1012.000    930.000    2.1101    2.1101    2.1101    2.1101   1.000
  1017.000    930.000    2.0899    2.0899    2.0899    2.0899   1.000
  1003.000    931.000    1.2113    1.2113    1.2113    1.2113   1.000
   994.000    932.000    1.4963    1.4963    1.4963    1.4963   1.000
   964.000    933.000    2.4955    2.4955    2.4955    2.4955   1.000
   975.000    933.000    0.8856    0.8856    0.8856    0.8856   1.000
   979.000    933.000    2.7871    2.7871    2.7871    2.7871   1.000
  1007.000    935.000    1.9305    1.9305    1.9305    1.9305   1.000
  1017.000    936.000    1.7735    1.7735    1.7735    1.7735   1.000
   976.000    937.000    1.4121    1.4121    1.4121    1.4121   1.000
   986.000    937.000    1.7824    1.7824    1.7824    1.7824   1.000
   995.000    937.000    1.0953    1.0953    1.0953    1.0953   1.000
  1013.000    937.000    2.4720    2.4720    2.4720    2.4720   1.000
   967.000    939.000    1.1120    1.1120    1.1120    1.1120   1.000
   991.000    939.000    2.8105    2.8105    2.8105    2.8105   1.000
   973.000    940.000    2.0085    2.0085    2.0085    2.0085   1.000
  1008.000    940.000    2.1461    2.1461    2.1461    2.1461   1.000
  1017.000    940.000    2.4188    2.4188    2.4188    2.4188   1.000
  1000.000    942.000    2.0962    2.0962    2.0962    2.0962   1.000
  1004.000    942.000    2.5564    2.5564    2.5564    2.5564   1.000
  1011.000    942.000    2.6273    2.6273    2.6273    2.6273   1.000
   967.000    943.000    2.1246    2.1246    2.1246    2.1246   1.000
   976.000    944.000    2.1003    2.1003    2.1003    2.1003   1.000
   988.000    945.000   -0.5390   -0.5390   -0.5390   -0.5390   1.000
   992.000    945.000    1.7033    1.7033    1.7033    1.7033   1.000
  1019.000    945.000    1.9879    1.9879    1.9879    1.9879   1.000
  1004.000    946.000    2.3161    2.3161    2.3161    2.3161   1.000
   980.000    947.000    2.4086    2.4086    2.4086    2.4086   1.000
   999.000    947.000    1.8096    1.8096    1.8096    1.8096   1.000
  1008.000    947.000    1.2427    1.2427    1.2427    1.2427   1.000
   964.000    948.000    1.4753    1.4753    1.4753    1.4753   1.000
  1011.000    948.000    1.2273    1.2273    1.2273    1.2273   1.000
   967.000    949.000    1.9798    1.9798    1.9798    1.9798   1.000
   976.000    949.000    0.8027    0.8027    0.8027    0.8027   1.000
   973.000    950.000    1.9995    1.9995    1.9995    1.9995   1.000
   986.000    950.000    1.4337    1.4337    1.4337    1.4337   1.000
   995.000    951.000    2.4133    2.4133    2.4133    2.4133   1.000
   964.000    953.000    1.9459    1.9459    1.9459    1.9459   1.000
   989.000    953.000    1.7178    1.7178    1.7178    1.7178   1.000
  1019.000    953.000   -0.5723   -0.5723   -0.5723   -0.5723   1.000
  1000.000    954.000   -0.4191   -0.4191   -0.4191   -0.4191   1.000
  1013.000    954.000    0.9773    0.9773    0.9773    0.9773   1.000
   984.000    955.000    2.1054    2.1054    2.1054    2.1054   1.000
  1006.000    955.000    2.1668    2.1668    2.1668    2.1668   1.000
  1050.000    900.000    2.1098    2.1098    2.1098    2.1098   1.000
  1029.000    901.000    2.9684    2.9684    2.9684    2.9684   1.000
  1080.000    902.000    1.4283    1.4283    1.4283    1.4283   1.000
  1034.000    903.000    1.9592    1.9592    1.9592    1.9592   1.000
  1040.000    903.000    0.4548    0.4548    0.4548    0.4548   1.000
  1046.000    903.000    1.5310    1.5310    1.5310    1.5310   1.000
  1075.000    903.000    2.0576    2.0576    2.0576    2.0576   1.000
  1065.000    904.000    2.8643    2.8643    2.8643    2.8643   1.000
  1077.000    904.000    2.2277    2.2277    2.2277    2.2277   1.000
  1031.000    905.000    2.8884    2.8884    2.8884    2.8884   1.000
  1056.000    906.000    2.2380    2.2380    2.2380    2.2380   1.000
  1060.000    906.000    1.7838    1.7838    1.7838    1.7838   1.000
  1082.000    906.000    2.8987    2.8987    2.8987    2.8987   1.000
  1068.000    908.000    2.5185    2.5185    2.5185    2.5185   1.000
  1078.000    908.000    2.2291    2.2291    2.2291    2.2291   1.000
  1028.000    910.000    2.3049    2.3049    2.3049    2.3049   1.000
  1037.000    910.000    2.5190    2.5190    2.5190    2.5190   1.000
  1058.000    910.000    2.2573    2.2573    2.2573    2.2573   1.000
  1041.000    911.000    1.9588    1.9588    1.9588    1.9588   1.000
  1033.000    912.000    3.0747    3.0747    3.0747    3.0747   1.000
  1063.000    912.000    1.9825    1.9825    1.9825    1.9825   1.000
  1081.000    912.000    1.7977    1.7977    1.7977    1.7977   1.000
  1050.000    913.000    0.6154    0.6154    0.6154    0.6154   1.000
  1069.000    913.000    2.1549    2.1549    2.1549    2.1549   1.000
  1075.000    913.000    1.2613    1.2613    1.2613    1.2613   1.000
  1031.000    914.000    3.0235    3.0235    3.0235    3.0235   1.000
  1036.000    915.000    3.3955    3.3955    3.3955    3.3955   1.000
  1045.000    915.000    2.5234    2.5234    2.5234    2.5234   1.000
  1053.000    916.000    0.5652    0.5652    0.5652    0.5652   1.000
  1060.000    916.000    2.2643    2.2643    2.2643    2.2643   1.000
  1075.000    917.000    2.1677    2.1677    2.1677    2.1677   1.000
  1028.000    918.000    2.5849    2.5849    2.5849    2.5849   1.000
  1040.000    918.000   -0.2260   -0.2260   -0.2260   -0.2260   1.000
  1045.000    918.000    2.4935    2.4935    2.4935    2.4935   1.000
  1068.000    918.000    2.3212    2.3212    2.3212    2.3212   1.000
  1073.000    918.000    1.6133    1.6133    1.6133    1.6133   1.000
  1078.000    918.000    2.0867    2.0867    2.0867    2.0867   1.000
  1064.000    920.000    2.1412    2.1412    2.1412    2.1412   1.000
  1034.000    921.000    2.0841    2.0841    2.0841    2.0841   1.000
  1081.000    921.000    1.4889    1.4889    1.4889    1.4889   1.000
  1053.000    922.000    2.2727    2.2727    2.2727    2.2727   1.000
  1064.000    922.000    1.7784    1.7784    1.7784    1.7784   1.000
  1045.000    923.000    2.7972    2.7972    2.7972    2.7972   1.000
  1050.000    923.000    1.8010    1.8010    1.8010    1.8010   1.000
  1069.000    924.000    2.1116    2.1116    2.1116    2.1116   1.000
  1028.000    925.000    2.3764    2.3764    2.3764    2.3764   1.000
  1038.000    925.000    2.0638    2.0638    2.0638    2.0638   1.000
  1060.000    925.000    2.5689    2.5689    2.5689    2.5689   1.000
  1077.000    925.000    1.1455    1.1455    1.1455    1.1455   1.000
  1033.000    926.000    2.6309    2.6309    2.6309    2.6309   1.000
  1063.000    926.000    3.0553    3.0553    3.0553    3.0553   1.000
  1051.000    927.000    2.2916    2.2916    2.2916    2.2916   1.000
  1056.000    927.000    1.0008    1.0008    1.0008    1.0008   1.000
  1081.000    927.000    2.3804    2.3804    2.3804    2.3804   1.000
  1029.000    929.000    1.9437    1.9437    1.9437    1.9437   1.000
  1045.000    929.000    1.4688    1.4688    1.4688    1.4688   1.000
  1066.000    930.000    1.0358    1.0358    1.0358    1.0358   1.000
  1071.000    930.000    1.0514    1.0514    1.0514    1.0514   1.000
  1037.000    932.000    2.4506    2.4506    2.4506    2.4506   1.000
  1040.000    932.000    3.1856    3.1856    3.1856    3.1856   1.000
  1054.000    932.000    3.0171    3.0171    3.0171    3.0171   1.000
  1058.000    932.000    2.3603    2.3603    2.3603    2.3603   1.000
  1079.000    932.000    2.2709    2.2709    2.2709    2.2709   1.000
  1074.000    933.000    1.4443    1.4443    1.4443    1.4443   1.000
  1083.000    933.000    2.3399    2.3399    2.3399    2.3399   1.000
  1033.000    934.000    1.9951    1.9951    1.9951    1.9951   1.000
  1066.000    934.000    1.9806    1.9806    1.9806    1.9806   1.000
  1045.000    935.000    0.8700    0.8700    0.8700    0.8700   1.000
  1051.000    935.000    2.6995    2.6995    2.6995    2.6995   1.000
  1060.000    936.000    2.8368    2.8368    2.8368    2.8368   1.000
  1028.000    937.000    2.5400    2.5400    2.5400    2.5400   1.000
  1037.000    937.000    3.0288    3.0288    3.0288    3.0288   1.000
  1081.000    937.000    2.2910    2.2910    2.2910    2.2910   1.000
  1033.000    938.000    2.3221    2.3221    2.3221    2.3221   1.000
  1072.000    938.000    2.6323    2.6323    2.6323    2.6323   1.000
  1052.000    940.000    2.1341    2.1341    2.1341    2.1341   1.000
  1063.000    940.000   -0.0834   -0.0834   -0.0834   -0.0834   1.000
  1069.000    941.000    1.5664    1.5664    1.5664    1.5664   1.000
  1079.000    941.000    2.7317    2.7317    2.7317    2.7317   1.000
  1044.000    942.000    2.2891    2.2891    2.2891    2.2891   1.000
  1058.000    942.000    1.4322    1.4322    1.4322    1.4322   1.000
  1032.000    943.000    2.4244    2.4244    2.4244    2.4244   1.000
  1083.000    943.000    1.9619    1.9619    1.9619    1.9619   1.000
  1045.000    944.000    2.3199    2.3199    2.3199    2.3199   1.000
  1071.000    944.000    1.8158    1.8158    1.8158    1.8158   1.000
  1029.000    945.000    2.8684    2.8684    2.8684    2.8684   1.000
  1049.000    945.000    1.1524    1.1524    1.1524    1.1524   1.000
  1076.000    945.000    1.4843    1.4843    1.4843    1.4843   1.000
  1067.000    946.000    1.9478    1.9478    1.9478    1.9478   1.000
  1060.000    948.000   -0.4815   -0.4815   -0.4815   -0.4815   1.000
  1080.000    948.000    2.5179    2.5179    2.5179    2.5179   1.000
  1041.000    949.000    2.6037    2.6037    2.6037    2.6037   1.000
  1071.000    950.000    1.6032    1.6032    1.6032    1.6032   1.000
  1029.000    951.000    1.5636    1.5636    1.5636    1.5636   1.000
  1045.000    951.000    2.1257    2.1257    2.1257    2.1257   1.000
  1037.000    952.000    2.2319    2.2319    2.2319    2.2319   1.000
  1067.000    952.000    2.6474    2.6474    2.6474    2.6474   1.000
  1033.000    954.000    2.9247    2.9247    2.9247    2.9247   1.000
  1050.000    954.000    2.6486    2.6486    2.6486    2.6486   1.000
  1060.000    954.000    1.8667    1.8667    1.8667    1.8667   1.000
  1075.000    954.000    1.4769    1.4769    1.4769    1.4769   1.000
  1041.000    955.000    2.5044    2.5044    2.5044    2.5044   1.000
  1045.000    955.000    2.6794    2.6794    2.6794    2.6794   1.000
  1097.000    900.000    2.4447    2.4447    2.4447    2.4447   1.000
  1110.000    900.000    2.4563    2.4563    2.4563    2.4563   1.000
  1116.000    900.000    1.6744    1.6744    1.6744    1.6744   1.000
  1128.000    900.000    2.6448    2.6448    2.6448    2.6448   1.000
  1098.000    902.000    1.6319    1.6319    1.6319    1.6319   1.000
  1102.000    902.000    2.3567    2.3567    2.3567    2.3567   1.000
  1114.000    902.000    2.6599    2.6599    2.6599    2.6599   1.000
  1136.000    902.000    2.2480    2.2480    2.2480    2.2480   1.000
  1107.000    905.000    1.5436    1.5436    1.5436    1.5436   1.000
  1119.000    905.000    1.5334    1.5334    1.5334    1.5334   1.000
  1129.000    905.000    2.1800    2.1800    2.1800    2.1800   1.000
  1141.000    905.000    2.2246    2.2246    2.2246    2.2246   1.000
  1124.000    906.000    2.7161    2.7161    2.7161    2.7161   1.000
  1097.000    908.000    2.3725    2.3725    2.3725    2.3725   1.000
  1101.000    908.000    2.4675    2.4675    2.4675    2.4675   1.000
  1145.000    908.000    2.4725    2.4725    2.4725    2.4725   1.000
  1115.000    909.000    2.2030    2.2030    2.2030    2.2030   1.000
  1129.000    909.000    1.9717    1.9717    1.9717    1.9717   1.000
  1092.000    910.000    1.4539    1.4539    1.4539    1.4539   1.000
  1106.000    910.000    2.2983    2.2983    2.2983    2.2983   1.000
  1120.000    910.000    2.4442    2.4442    2.4442    2.4442   1.000
  1136.000    911.000    2.1240    2.1240    2.1240    2.1240   1.000
  1102.000    912.000    2.5073    2.5073    2.5073    2.5073   1.000
  1110.000    912.000    1.9409    1.9409    1.9409    1.9409   1.000
  1123.000    912.000    2.6507    2.6507    2.6507    2.6507   1.000
  1145.000    912.000    1.8999    1.8999    1.8999    1.8999   1.000
  1118.000    914.000    2.0580    2.0580    2.0580    2.0580   1.000
  1140.000    914.000    2.3939    2.3939    2.3939    2.3939   1.000
  1129.000    915.000    1.4267    1.4267    1.4267    1.4267   1.000
  1133.000    915.000    2.1020    2.1020    2.1020    2.1020   1.000
  1094.000    916.000   -1.2367   -1.2367   -1.2367   -1.2367   1.000
  1111.000    917.000    2.8307    2.8307    2.8307    2.8307   1.000
  1124.000    917.000    1.1596    1.1596    1.1596    1.1596   1.000
  1103.000    918.000    2.5088    2.5088    2.5088    2.5088   1.000
  1106.000    919.000    2.1008    2.1008    2.1008    2.1008   1.000
  1114.000    919.000    2.8077    2.8077    2.8077    2.8077   1.000
  1118.000    919.000    3.2897    3.2897    3.2897    3.2897   1.000
  1137.000    919.000    2.5798    2.5798    2.5798    2.5798   1.000
  1144.000    919.000    1.0997    1.0997    1.0997    1.0997   1.000
  1096.000    922.000    1.3623    1.3623    1.3623    1.3623   1.000
  1101.000    922.000    2.4377    2.4377    2.4377    2.4377   1.000
  1109.000    922.000    1.3341    1.3341    1.3341    1.3341   1.000
  1122.000    922.000    2.0052    2.0052    2.0052    2.0052   1.000
  1116.000    923.000    3.0733    3.0733    3.0733    3.0733   1.000
  1140.000    923.000    2.1764    2.1764    2.1764    2.1764   1.000
  1095.000    924.000    1.6734    1.6734    1.6734    1.6734   1.000
  1125.000    924.000    2.2304    2.2304    2.2304    2.2304   1.000
  1103.000    927.000    2.0631    2.0631    2.0631    2.0631   1.000
  1147.000    927.000    1.8970    1.8970    1.8970    1.8970   1.000
  1098.000    928.000    1.6783    1.6783    1.6783    1.6783   1.000
  1114.000    928.000    1.8661    1.8661    1.8661    1.8661   1.000
  1142.000    928.000    2.2951    2.2951    2.2951    2.2951   1.000
  1138.000    929.000    1.8481    1.8481    1.8481    1.8481   1.000
  1118.000    930.000    2.6376    2.6376    2.6376    2.6376   1.000
  1131.000    930.000    2.6655    2.6655    2.6655    2.6655   1.000
  1126.000    933.000    0.6106    0.6106    0.6106    0.6106   1.000
  1134.000    933.000    1.8087    1.8087    1.8087    1.8087   1.000
  1144.000    934.000    2.0610    2.0610    2.0610    2.0610   1.000
  1111.000    935.000    2.8158    2.8158    2.8158    2.8158   1.000
  1115.000    935.000    1.4183    1.4183    1.4183    1.4183   1.000
  1121.000    935.000    1.6948    1.6948    1.6948    1.6948   1.000
  1132.000    935.000    2.5619    2.5619    2.5619    2.5619   1.000
  1106.000    940.000    1.1877    1.1877    1.1877    1.1877   1.000
  1112.000    940.000    2.3648    2.3648    2.3648    2.3648   1.000
  1116.000    940.000    1.7991    1.7991    1.7991    1.7991   1.000
  1121.000    941.000   -0.1347   -0.1347   -0.1347   -0.1347   1.000
  1099.000    942.000    1.4358    1.4358    1.4358    1.4358   1.000
  1141.000    942.000    1.8938    1.8938    1.8938    1.8938   1.000
  1145.000    942.000    2.3752    2.3752    2.3752    2.3752   1.000
  1093.000    943.000    1.1314    1.1314    1.1314    1.1314   1.000
  1112.000    945.000    2.6817    2.6817    2.6817    2.6817   1.000
  1124.000    945.000    0.9635    0.9635    0.9635    0.9635   1.000
  1145.000    945.000    2.7093    2.7093    2.7093    2.7093   1.000
  1117.000    946.000    2.8516    2.8516    2.8516    2.8516   1.000
  1137.000    946.000    1.6966    1.6966    1.6966    1.6966   1.000
  1099.000    948.000    3.2034    3.2034    3.2034    3.2034   1.000
  1108.000    948.000    2.5761    2.5761    2.5761    2.5761   1.000
  1120.000    948.000    2.1015    2.1015    2.1015    2.1015   1.000
  1129.000    948.000   -0.7536   -0.7536   -0.7536   -0.7536   1.000
  1142.000    948.000    3.0796    3.0796    3.0796    3.0796   1.000
  1125.000    949.000    2.1808    2.1808    2.1808    2.1808   1.000
  1092.000    950.000    1.9937    1.9937    1.9937    1.9937   1.000
  1104.000    950.000    2.9188    2.9188    2.9188    2.9188   1.000
  1110.000    951.000    1.1402    1.1402    1.1402    1.1402   1.000
  1119.000    951.000    2.3113    2.3113    2.3113    2.3113   1.000
  1096.000    952.000    2.5650    2.5650    2.5650    2.5650   1.000
  1101.000    952.000    2.4121    2.4121    2.4121    2.4121   1.000
  1139.000    952.000    2.4389    2.4389    2.4389    2.4389   1.000
  1121.000    954.000    2.3462    2.3462    2.3462    2.3462   1.000
  1126.000    954.000    2.6565    2.6565    2.6565    2.6565   1.000
  1159.000    900.000    2.5226    2.5226    2.5226    2.5226   1.000
  1187.000    901.000    1.8165    1.8165    1.8165    1.8165   1.000
  1191.000    901.000    2.0815    2.0815    2.0815    2.0815   1.000
  1196.000    901.000    1.2291    1.2291    1.2291    1.2291   1.000
  1169.000    902.000    2.5859    2.5859    2.5859    2.5859   1.000
  1178.000    902.000    1.9819    1.9819    1.9819    1.9819   1.000
  1164.000    903.000    1.5859    1.5859    1.5859    1.5859   1.000
  1192.000    906.000    1.3216    1.3216    1.3216    1.3216   1.000
  1167.000    907.000    2.0927    2.0927    2.0927    2.0927   1.000
  1171.000    907.000    2.7353    2.7353    2.7353    2.7353   1.000
  1211.000    907.000    2.5679    2.5679    2.5679    2.5679   1.000
  1176.000    908.000    1.5980    1.5980    1.5980    1.5980   1.000
  1197.000    908.000   -0.0830   -0.0830   -0.0830   -0.0830   1.000
  1203.000    908.000    0.0634    0.0634    0.0634    0.0634   1.000
  1159.000    909.000    1.4477    1.4477    1.4477    1.4477   1.000
  1208.000    909.000    2.3235    2.3235    2.3235    2.3235   1.000
  1188.000    910.000    2.0652    2.0652    2.0652    2.0652   1.000
  1162.000    911.000    1.8364    1.8364    1.8364    1.8364   1.000
  1167.000    912.000    1.9152    1.9152    1.9152    1.9152   1.000
  1181.000    912.000    1.9103    1.9103    1.9103    1.9103   1.000
  1170.000    913.000    1.7749    1.7749    1.7749    1.7749   1.000
  1208.000    914.000    0.7734    0.7734    0.7734    0.7734   1.000
  1157.000    915.000    2.3211    2.3211    2.3211    2.3211   1.000
  1197.000    915.000    2.3116    2.3116    2.3116    2.3116   1.000
  1162.000    916.000    1.3278    1.3278    1.3278    1.3278   1.000
  1174.000    916.000    1.6106    1.6106    1.6106    1.6106   1.000
  1179.000    917.000    0.9146    0.9146    0.9146    0.9146   1.000
  1185.000    917.000    2.6829    2.6829    2.6829    2.6829   1.000
  1202.000    918.000    2.3047    2.3047    2.3047    2.3047   1.000
  1167.000    919.000    2.3861    2.3861    2.3861    2.3861   1.000
  1207.000    919.000    1.5003    1.5003    1.5003    1.5003   1.000
  1190.000    920.000    1.0229    1.0229    1.0229    1.0229   1.000
  1174.000    921.000    2.2543    2.2543    2.2543    2.2543   1.000
  1181.000    921.000    2.3613    2.3613    2.3613    2.3613   1.000
  1197.000    921.000    1.4523    1.4523    1.4523    1.4523   1.000
  1162.000    922.000    2.2748    2.2748    2.2748    2.2748   1.000
  1207.000    923.000    2.9227    2.9227    2.9227    2.9227   1.000
  1176.000    924.000    1.7334    1.7334    1.7334    1.7334   1.000
  1203.000    924.000    1.7330    1.7330    1.7330    1.7330   1.000
  1185.000    925.000    1.0738    1.0738    1.0738    1.0738   1.000
  1158.000    926.000    2.4259    2.4259    2.4259    2.4259   1.000
  1189.000    926.000    2.7675    2.7675    2.7675    2.7675   1.000
  1163.000    927.000    1.4454    1.4454    1.4454    1.4454   1.000
  1208.000    928.000    2.5915    2.5915    2.5915    2.5915   1.000
  1157.000    929.000    0.6846    0.6846    0.6846    0.6846   1.000
  1177.000    929.000    2.4040    2.4040    2.4040    2.4040   1.000
  1183.000    929.000    1.8625    1.8625    1.8625    1.8625   1.000
  1204.000    929.000    0.4268    0.4268    0.4268    0.4268   1.000
  1187.000    930.000    2.0410    2.0410    2.0410    2.0410   1.000
  1196.000    930.000    2.8831    2.8831    2.8831    2.8831   1.000
  1167.000    931.000    1.8032    1.8032    1.8032    1.8032   1.000
  1181.000    931.000    2.2276    2.2276    2.2276    2.2276   1.000
  1191.000    931.000    1.9987    1.9987    1.9987    1.9987   1.000
  1200.000    933.000    2.1442    2.1442    2.1442    2.1442   1.000
  1161.000    934.000    2.4533    2.4533    2.4533    2.4533   1.000
  1171.000    934.000    2.4509    2.4509    2.4509    2.4509   1.000
  1178.000    934.000    1.9999    1.9999    1.9999    1.9999   1.000
  1191.000    936.000    0.1285    0.1285    0.1285    0.1285   1.000
  1206.000    937.000    0.4075    0.4075    0.4075    0.4075   1.000
  1174.000    938.000    2.7325    2.7325    2.7325    2.7325   1.000
  1210.000    938.000    2.4369    2.4369    2.4369    2.4369   1.000
  1158.000    939.000    1.7032    1.7032    1.7032    1.7032   1.000
  1163.000    939.000    2.8192    2.8192    2.8192    2.8192   1.000
  1169.000    939.000    2.4758    2.4758    2.4758    2.4758   1.000
  1188.000    939.000    2.3532    2.3532    2.3532    2.3532   1.000
  1196.000    939.000    2.1608    2.1608    2.1608    2.1608   1.000
  1167.000    940.000    2.5638    2.5638    2.5638    2.5638   1.000
  1178.000    940.000    1.7890    1.7890    1.7890    1.7890   1.000
  1158.000    941.000    1.6842    1.6842    1.6842    1.6842   1.000
  1182.000    943.000    2.2700    2.2700    2.2700    2.2700   1.000
  1202.000    943.000    2.6683    2.6683    2.6683    2.6683   1.000
  1162.000    944.000    2.7046    2.7046    2.7046    2.7046   1.000
  1169.000    944.000    2.7001    2.7001    2.7001    2.7001   1.000
  1178.000    944.000    2.1203    2.1203    2.1203    2.1203   1.000
  1187.000    944.000   -0.6051   -0.6051   -0.6051   -0.6051   1.000
  1174.000    945.000    2.2046    2.2046    2.2046    2.2046   1.000
  1196.000    945.000    1.2589    1.2589    1.2589    1.2589   1.000
  1197.000    948.000    2.1999    2.1999    2.1999    2.1999   1.000
  1186.000    949.000    1.8418    1.8418    1.8418    1.8418   1.000
  1190.000    949.000    2.2044    2.2044    2.2044    2.2044   1.000
  1167.000    950.000    1.8993    1.8993    1.8993    1.8993   1.000
  1171.000    950.000    2.5527    2.5527    2.5527    2.5527   1.000
  1180.000    950.000    1.3688    1.3688    1.3688    1.3688   1.000
  1203.000    950.000   -0.0146   -0.0146   -0.0146   -0.0146   1.000
  1156.000    953.000    1.7475    1.7475    1.7475    1.7475   1.000
  1198.000    953.000    0.0744    0.0744    0.0744    0.0744   1.000
  1176.000    954.000    1.7209    1.7209    1.7209    1.7209   1.000
  1208.000    954.000    1.0370    1.0370    1.0370    1.0370   1.000
  1229.000    900.000    2.1448    2.1448    2.1448    2.1448   1.000
  1258.000    900.000    3.0481    3.0481    3.0481    3.0481   1.000
  1223.000    901.000    2.4534    2.4534    2.4534    2.4534   1.000
  1249.000    902.000    3.1200    3.1200    3.1200    3.1200   1.000
  1239.000    903.000    1.4520    1.4520    1.4520    1.4520   1.000
  1263.000    903.000    1.2410    1.2410    1.2410    1.2410   1.000
  1220.000    904.000    2.4750    2.4750    2.4750    2.4750   1.000
  1226.000    904.000    1.3707    1.3707    1.3707    1.3707   1.000
  1269.000    904.000    0.8532    0.8532    0.8532    0.8532   1.000
  1231.000    905.000    1.9305    1.9305    1.9305    1.9305   1.000
  1242.000    905.000    2.4781    2.4781    2.4781    2.4781   1.000
  1258.000    905.000    2.5430    2.5430    2.5430    2.5430   1.000
  1264.000    905.000    1.0854    1.0854    1.0854    1.0854   1.000
  1233.000    906.000    2.3276    2.3276    2.3276    2.3276   1.000
  1252.000    906.000    1.1509    1.1509    1.1509    1.1509   1.000
  1274.000    906.000    1.2123    1.2123    1.2123    1.2123   1.000
  1220.000    909.000    2.9056    2.9056    2.9056    2.9056   1.000
  1224.000    909.000    2.1257    2.1257    2.1257    2.1257   1.000
  1227.000    910.000    1.7899    1.7899    1.7899    1.7899   1.000
  1234.000    910.000    2.4693    2.4693    2.4693    2.4693   1.000
  1238.000    910.000    2.4582    2.4582    2.4582    2.4582   1.000
  1242.000    911.000    2.6800    2.6800    2.6800    2.6800   1.000
  1248.000    911.000    1.8615    1.8615    1.8615    1.8615   1.000
  1273.000    912.000    2.4382    2.4382    2.4382    2.4382   1.000
  1260.000    913.000    1.7504    1.7504    1.7504    1.7504   1.000
  1268.000    913.000    0.3108    0.3108    0.3108    0.3108   1.000
  1230.000    914.000    2.5774    2.5774    2.5774    2.5774   1.000
  1263.000    914.000    1.6898    1.6898    1.6898    1.6898   1.000
  1239.000    915.000    1.0407    1.0407    1.0407    1.0407   1.000
  1252.000    915.000   -0.3875   -0.3875   -0.3875   -0.3875   1.000
  1273.000    915.000    2.1198    2.1198    2.1198    2.1198   1.000
  1245.000    916.000    1.8269    1.8269    1.8269    1.8269   1.000
  1221.000    917.000    2.3237    2.3237    2.3237    2.3237   1.000
  1264.000    917.000    1.6495    1.6495    1.6495    1.6495   1.000
  1259.000    919.000    2.5684    2.5684    2.5684    2.5684   1.000
  1260.000    922.000    1.8360    1.8360    1.8360    1.8360   1.000
  1270.000    922.000    1.6259    1.6259    1.6259    1.6259   1.000
  1231.000    923.000    1.5672    1.5672    1.5672    1.5672   1.000
  1238.000    923.000    2.3999    2.3999    2.3999    2.3999   1.000
  1250.000    923.000    2.0306    2.0306    2.0306    2.0306   1.000
  1254.000    924.000    2.3821    2.3821    2.3821    2.3821   1.000
  1265.000    924.000    0.9242    0.9242    0.9242    0.9242   1.000
  1227.000    925.000    2.4164    2.4164    2.4164    2.4164   1.000
  1274.000    925.000    2.8919    2.8919    2.8919    2.8919   1.000
  1236.000    926.000    2.5733    2.5733    2.5733    2.5733   1.000
  1245.000    926.000    2.0104    2.0104    2.0104    2.0104   1.000
  1230.000    927.000    1.8612    1.8612    1.8612    1.8612   1.000
  1259.000    927.000    2.3571    2.3571    2.3571    2.3571   1.000
  1268.000    927.000    2.3894    2.3894    2.3894    2.3894   1.000
  1241.000    928.000    1.0019    1.0019    1.0019    1.0019   1.000
  1250.000    929.000    1.5226    1.5226    1.5226    1.5226   1.000
  1245.000    930.000    1.9854    1.9854    1.9854    1.9854   1.000
  1255.000    930.000    2.2557    2.2557    2.2557    2.2557   1.000
  1223.000    932.000    1.4417    1.4417    1.4417    1.4417   1.000
  1234.000    932.000    2.6450    2.6450    2.6450    2.6450   1.000
  1260.000    933.000    2.2282    2.2282    2.2282    2.2282   1.000
  1226.000    934.000    2.7279    2.7279    2.7279    2.7279   1.000
  1252.000    934.000    2.3571    2.3571    2.3571    2.3571   1.000
  1275.000    935.000    0.8367    0.8367    0.8367    0.8367   1.000
  1236.000    936.000    1.4175    1.4175    1.4175    1.4175   1.000
  1247.000    936.000    1.9593    1.9593    1.9593    1.9593   1.000
  1271.000    936.000    2.0303    2.0303    2.0303    2.0303   1.000
  1224.000    937.000    2.6258    2.6258    2.6258    2.6258   1.000
  1249.000    937.000    2.5882    2.5882    2.5882    2.5882   1.000
  1260.000    937.000    0.4819    0.4819    0.4819    0.4819   1.000
  1232.000    939.000    0.5735    0.5735    0.5735    0.5735   1.000
  1239.000    939.000    2.2595    2.2595    2.2595    2.2595   1.000
  1266.000    939.000   -0.4366   -0.4366   -0.4366   -0.4366   1.000
  1255.000    940.000    1.9667    1.9667    1.9667    1.9667   1.000
  1222.000    941.000    2.1012    2.1012    2.1012    2.1012   1.000
  1227.000    942.000    2.8127    2.8127    2.8127    2.8127   1.000
  1249.000    942.000    1.0709    1.0709    1.0709    1.0709   1.000
  1260.000    942.000    1.6278    1.6278    1.6278    1.6278   1.000
  1271.000    942.000    2.4055    2.4055    2.4055    2.4055   1.000
  1234.000    944.000    1.7072    1.7072    1.7072    1.7072   1.000
  1251.000    944.000    2.3920    2.3920    2.3920    2.3920   1.000
  1257.000    945.000    1.9639    1.9639    1.9639    1.9639   1.000
  1263.000    945.000    1.9923    1.9923    1.9923    1.9923   1.000
  1267.000    945.000    2.0427    2.0427    2.0427    2.0427   1.000
  1275.000    945.000    0.6405    0.6405    0.6405    0.6405   1.000
  1235.000    946.000    1.6943    1.6943    1.6943    1.6943   1.000
  1225.000    948.000    0.0534    0.0534    0.0534    0.0534   1.000
  1244.000    948.000    2.3668    2.3668    2.3668    2.3668   1.000
  1269.000    948.000    1.4579    1.4579    1.4579    1.4579   1.000
  1260.000    949.000    2.0264    2.0264    2.0264    2.0264   1.000
  1236.000    950.000    2.1702    2.1702    2.1702    2.1702   1.000
  1240.000    950.000    3.0144    3.0144    3.0144    3.0144   1.000
  1250.000    950.000    2.6270    2.6270    2.6270    2.6270   1.000
  1254.000    950.000    2.3605    2.3605    2.3605    2.3605   1.000
  1274.000    951.000    2.4231    2.4231    2.4231    2.4231   1.000
  1231.000    952.000    2.6269    2.6269    2.6269    2.6269   1.000
  1245.000    953.000   -0.8530   -0.8530   -0.8530   -0.8530   1.000
  1263.000    953.000    2.0246    2.0246    2.0246    2.0246   1.000
  1267.000    953.000    2.4558    2.4558    2.4558    2.4558   1.000
  1226.000    954.000   -0.7999   -0.7999   -0.7999   -0.7999   1.000
  1235.000    954.000    2.1299    2.1299    2.1299    2.1299   1.000
  1238.000    954.000    2.1908    2.1908    2.1908    2.1908   1.000
  1254.000    955.000    2.0839    2.0839    2.0839    2.0839   1.000
  1259.000    955.000   -0.0348   -0.0348   -0.0348   -0.0348   1.000
   801.000    964.000    2.4606    2.4606    2.4606    2.4606   1.000
   778.000    965.000    1.7810    1.7810    1.7810    1.7810   1.000
   791.000    965.000    1.0171    1.0171    1.0171    1.0171   1.000
   796.000    965.000    0.7064    0.7064    0.7064    0.7064   1.000
   819.000    965.000    1.2364    1.2364    1.2364    1.2364   1.000
   814.000    967.000    1.9560    1.9560    1.9560    1.9560   1.000
   810.000    968.000    1.8969    1.8969    1.8969    1.8969   1.000
   826.000    968.000    2.2430    2.2430    2.2430    2.2430   1.000
   775.000    969.000    2.8718    2.8718    2.8718    2.8718   1.000
   797.000    970.000    1.1729    1.1729    1.1729    1.1729   1.000
   778.000    971.000    2.0964    2.0964    2.0964    2.0964   1.000
   782.000    971.000    1.9169    1.9169    1.9169    1.9169   1.000
   811.000    971.000    2.5561    2.5561    2.5561    2.5561   1.000
   823.000    972.000    0.0498    0.0498    0.0498    0.0498   1.000
   787.000    973.000    1.6648    1.6648    1.6648    1.6648   1.000
   795.000    973.000    2.1004    2.1004    2.1004    2.1004   1.000
   791.000    974.000    2.6300    2.6300    2.6300    2.6300   1.000
   807.000    975.000    2.7625    2.7625    2.7625    2.7625   1.000
   777.000    976.000    1.4995    1.4995    1.4995    1.4995   1.000
   800.000    976.000    1.9115    1.9115    1.9115    1.9115   1.000
   790.000    977.000    1.4172    1.4172    1.4172    1.4172   1.000
   786.000    978.000    1.8551    1.8551    1.8551    1.8551   1.000
   809.000    978.000    2.4966    2.4966    2.4966    2.4966   1.000
   827.000    978.000    1.7531    1.7531    1.7531    1.7531   1.000
   772.000    979.000    2.4070    2.4070    2.4070    2.4070   1.000
   804.000    979.000    2.7140    2.7140    2.7140    2.7140   1.000
   783.000    980.000    1.5303    1.5303    1.5303    1.5303   1.000
   816.000    980.000    1.9908    1.9908    1.9908    1.9908   1.000
   824.000    981.000    1.5470    1.5470    1.5470    1.5470   1.000
   801.000    982.000    2.2909    2.2909    2.2909    2.2909   1.000
   772.000    983.000    2.2075    2.2075    2.2075    2.2075   1.000
   777.000    984.000    2.5090    2.5090    2.5090    2.5090   1.000
   794.000    984.000    2.7070    2.7070    2.7070    2.7070   1.000
   811.000    984.000    2.8887    2.8887    2.8887    2.8887   1.000
   820.000    984.000    1.8069    1.8069    1.8069    1.8069   1.000
   780.000    985.000    2.1778    2.1778    2.1778    2.1778   1.000
   806.000    985.000    2.9003    2.9003    2.9003    2.9003   1.000
   772.000    989.000    1.9857    1.9857    1.9857    1.9857   1.000
   783.000    989.000    0.1702    0.1702    0.1702    0.1702   1.000
   793.000    989.000    0.9612    0.9612    0.9612    0.9612   1.000
   808.000    989.000    2.3919    2.3919    2.3919    2.3919   1.000
   822.000    990.000    2.8858    2.8858    2.8858    2.8858   1.000
   777.000    991.000    2.4132    2.4132    2.4132    2.4132   1.000
   827.000    991.000    1.5811    1.5811    1.5811    1.5811   1.000
   773.000    992.000    2.4475    2.4475    2.4475    2.4475   1.000
   788.000    992.000    1.1159    1.1159    1.1159    1.1159   1.000
   797.000    992.000    2.8570    2.8570    2.8570    2.8570   1.000
   802.000    992.000    2.0248    2.0248    2.0248    2.0248   1.000
   805.000    992.000    2.3377    2.3377    2.3377    2.3377   1.000
   779.000    994.000    1.8537    1.8537    1.8537    1.8537   1.000
   815.000    994.000    1.7858    1.7858    1.7858    1.7858   1.000
   819.000    994.000    2.1505    2.1505    2.1505    2.1505   1.000
   827.000    994.000    1.2292    1.2292    1.2292    1.2292   1.000
   809.000    995.000    2.7023    2.7023    2.7023    2.7023   1.000
   773.000    996.000    2.9617    2.9617    2.9617    2.9617   1.000
   814.000    996.000    2.3908    2.3908    2.3908    2.3908   1.000
   823.000    996.000    2.1019    2.1019    2.1019    2.1019   1.000
   797.000    997.000    2.6855    2.6855    2.6855    2.6855   1.000
   785.000    998.000    2.5055    2.5055    2.5055    2.5055   1.000
   789.000    998.000    1.2116    1.2116    1.2116    1.2116   1.000
   803.000    998.000    1.7580    1.7580    1.7580    1.7580   1.000
   815.000    998.000    2.3616    2.3616    2.3616    2.3616   1.000
   781.000    999.000    2.2010    2.2010    2.2010    2.2010   1.000
   806.000    999.000    0.9849    0.9849    0.9849    0.9849   1.000
   810.000    999.000    2.5417    2.5417    2.5417    2.5417   1.000
   792.000   1000.000    2.0229    2.0229    2.0229    2.0229   1.000
   825.000   1000.000    3.1352    3.1352    3.1352    3.1352   1.000
   772.000   1001.000    2.2572    2.2572    2.2572    2.2572   1.000
   777.000   1001.000    2.8873    2.8873    2.8873    2.8873   1.000
   817.000   1001.000    2.7690    2.7690    2.7690    2.7690   1.000
   782.000   1004.000    1.9721    1.9721    1.9721    1.9721   1.000
   788.000   1004.000    1.7333    1.7333    1.7333    1.7333   1.000
   796.000   1004.000    1.6593    1.6593    1.6593    1.6593   1.000
   808.000   1004.000    2.4861    2.4861    2.4861    2.4861   1.000
   813.000   1004.000    2.6827    2.6827    2.6827    2.6827   1.000
   822.000   1004.000    2.6281    2.6281    2.6281    2.6281   1.000
   804.000   1005.000    0.4402    0.4402    0.4402    0.4402   1.000
   826.000   1006.000    1.8074    1.8074    1.8074    1.8074   1.000
   781.000   1008.000    1.7468    1.7468    1.7468    1.7468   1.000
   790.000   1008.000    2.9752    2.9752    2.9752    2.9752   1.000
   799.000   1008.000    2.3847    2.3847    2.3847    2.3847   1.000
   810.000   1008.000    2.5486    2.5486    2.5486    2.5486   1.000
   820.000   1008.000    2.5833    2.5833    2.5833    2.5833   1.000
   778.000   1009.000    2.0032    2.0032    2.0032    2.0032   1.000
   794.000   1009.000    1.6066    1.6066    1.6066    1.6066   1.000
   786.000   1011.000    1.7063    1.7063    1.7063    1.7063   1.000
   805.000   1011.000    1.4140    1.4140    1.4140    1.4140   1.000
   809.000   1012.000    2.3895    2.3895    2.3895    2.3895   1.000
   819.000   1012.000    2.3210    2.3210    2.3210    2.3210   1.000
   823.000   1012.000    2.4558    2.4558    2.4558    2.4558   1.000
   784.000   1014.000    1.0459    1.0459    1.0459    1.0459   1.000
   813.000   1014.000    0.2730    0.2730    0.2730    0.2730   1.000
   827.000   1014.000    2.0289    2.0289    2.0289    2.0289   1.000
   794.000   1015.000    2.5471    2.5471    2.5471    2.5471   1.000
   779.000   1016.000    1.6735    1.6735    1.6735    1.6735   1.000
   773.000   1017.000   -0.2921   -0.2921   -0.2921   -0.2921   1.000
   790.000   1017.000    2.8994    2.8994    2.8994    2.8994   1.000
   781.000   1018.000    1.9838    1.9838    1.9838    1.9838   1.000
   810.000   1018.000    1.9510    1.9510    1.9510    1.9510   1.000
   823.000   1019.000    0.3266    0.3266    0.3266    0.3266   1.000
   851.000    965.000    2.0103    2.0103    2.0103    2.0103   1.000
   858.000    965.000    1.0145    1.0145    1.0145    1.0145   1.000
   874.000    965.000    1.1489    1.1489    1.1489    1.1489   1.000
   846.000    967.000    1.6949    1.6949    1.6949    1.6949   1.000
   862.000    967.000    1.5280    1.5280    1.5280    1.5280   1.000
   888.000    967.000    1.8534    1.8534    1.8534    1.8534   1.000
   838.000    968.000    1.9683    1.9683    1.9683    1.9683   1.000
   869.000    968.000    2.3721    2.3721    2.3721    2.3721   1.000
   841.000    970.000    2.3355    2.3355    2.3355    2.3355   1.000
   854.000    970.000    2.0973    2.0973    2.0973    2.0973   1.000
   891.000    970.000    2.3986    2.3986    2.3986    2.3986   1.000
   845.000    971.000    1.6707    1.6707    1.6707    1.6707   1.000
   872.000    971.000    2.5145    2.5145    2.5145    2.5145   1.000
   876.000    971.000    2.6148    2.6148    2.6148    2.6148   1.000
   888.000    971.000    2.0636    2.0636    2.0636    2.0636   1.000
   836.000    972.000    1.5578    1.5578    1.5578    1.5578   1.000
   863.000    972.000   -0.7065   -0.7065   -0.7065   -0.7065   1.000
   883.000    973.000    2.7193    2.7193    2.7193    2.7193   1.000
   852.000    974.000    2.2002    2.2002    2.2002    2.2002   1.000
   857.000    974.000   -1.0387   -1.0387   -1.0387   -1.0387   1.000
   844.000    975.000    2.1270    2.1270    2.1270    2.1270   1.000
   887.000    976.000    2.2921    2.2921    2.2921    2.2921   1.000
   862.000    978.000    2.3440    2.3440    2.3440    2.3440   1.000
   872.000    978.000    2.5783    2.5783    2.5783    2.5783   1.000
   882.000    978.000    2.5354    2.5354    2.5354    2.5354   1.000
   848.000    979.000    2.1797    2.1797    2.1797    2.1797   1.000
   854.000    979.000    2.1412    2.1412    2.1412    2.1412   1.000
   845.000    980.000    1.4440    1.4440    1.4440    1.4440   1.000
   856.000    981.000    1.7907    1.7907    1.7907    1.7907   1.000
   861.000    981.000    2.6067    2.6067    2.6067    2.6067   1.000
   876.000    981.000    0.2431    0.2431    0.2431    0.2431   1.000
   847.000    982.000    1.7716    1.7716    1.7716    1.7716   1.000
   869.000    982.000    3.0055    3.0055    3.0055    3.0055   1.000
   885.000    983.000    1.7078    1.7078    1.7078    1.7078   1.000
   837.000    984.000    1.0128    1.0128    1.0128    1.0128   1.000
   842.000    985.000    1.5502    1.5502    1.5502    1.5502   1.000
   853.000    985.000    2.4594    2.4594    2.4594    2.4594   1.000
   860.000    986.000    2.4415    2.4415    2.4415    2.4415   1.000
   863.000    986.000    1.7379    1.7379    1.7379    1.7379   1.000
   872.000    986.000    2.1736    2.1736    2.1736    2.1736   1.000
   877.000    986.000    2.0639    2.0639    2.0639    2.0639   1.000
   889.000    986.000    2.4002    2.4002    2.4002    2.4002   1.000
   884.000    987.000    1.9046    1.9046    1.9046    1.9046   1.000
   866.000    988.000    2.2179    2.2179    2.2179    2.2179   1.000
   843.000    989.000    1.0920    1.0920    1.0920    1.0920   1.000
   856.000    989.000    1.8699    1.8699    1.8699    1.8699   1.000
   867.000    990.000    2.2763    2.2763    2.2763    2.2763   1.000
   877.000    990.000    2.1126    2.1126    2.1126    2.1126   1.000
   890.000    990.000    2.7282    2.7282    2.7282    2.7282   1.000
   869.000    991.000    2.6341    2.6341    2.6341    2.6341   1.000
   848.000    992.000    2.3670    2.3670    2.3670    2.3670   1.000
   860.000    993.000    1.9481    1.9481    1.9481    1.9481   1.000
   873.000    993.000    1.8717    1.8717    1.8717    1.8717   1.000
   839.000    994.000    2.6798    2.6798    2.6798    2.6798   1.000
   844.000    994.000    2.4756    2.4756    2.4756    2.4756   1.000
   886.000    994.000    1.4180    1.4180    1.4180    1.4180   1.000
   891.000    994.000    0.7967    0.7967    0.7967    0.7967   1.000
   855.000    995.000    2.6185    2.6185    2.6185    2.6185   1.000
   865.000    995.000    2.3447    2.3447    2.3447    2.3447   1.000
   878.000    995.000    2.9336    2.9336    2.9336    2.9336   1.000
   882.000    996.000    2.8818    2.8818    2.8818    2.8818   1.000
   849.000    997.000    0.9971    0.9971    0.9971    0.9971   1.000
   845.000    999.000    1.1389    1.1389    1.1389    1.1389   1.000
   874.000    999.000    2.2197    2.2197    2.2197    2.2197   1.000
   839.000   1000.000    2.7725    2.7725    2.7725    2.7725   1.000
   866.000   1000.000    2.4906    2.4906    2.4906    2.4906   1.000
   879.000   1000.000    2.6596    2.6596    2.6596    2.6596   1.000
   888.000   1000.000    1.4095    1.4095    1.4095    1.4095   1.000
   854.000   1002.000    2.2103    2.2103    2.2103    2.2103   1.000
   861.000   1002.000    2.6267    2.6267    2.6267    2.6267   1.000
   870.000   1002.000    1.6021    1.6021    1.6021    1.6021   1.000
   848.000   1003.000    1.9888    1.9888    1.9888    1.9888   1.000
   876.000   1004.000    2.3477    2.3477    2.3477    2.3477   1.000
   885.000   1004.000    2.7441    2.7441    2.7441    2.7441   1.000
   859.000   1005.000    0.2950    0.2950    0.2950    0.2950   1.000
   866.000   1006.000    2.3673    2.3673    2.3673    2.3673   1.000
   838.000   1007.000    1.4882    1.4882    1.4882    1.4882   1.000
   875.000   1007.000    1.3107    1.3107    1.3107    1.3107   1.000
   880.000   1007.000    2.3619    2.3619    2.3619    2.3619   1.000
   871.000   1008.000    1.1229    1.1229    1.1229    1.1229   1.000
   887.000   1009.000   -0.1184   -0.1184   -0.1184   -0.1184   1.000
   857.000   1010.000    2.3708    2.3708    2.3708    2.3708   1.000
   860.000   1010.000    2.6096    2.6096    2.6096    2.6096   1.000
   882.000   1010.000    1.7409    1.7409    1.7409    1.7409   1.000
   838.000   1011.000    1.4543    1.4543    1.4543    1.4543   1.000
   849.000   1011.000    0.9091    0.9091    0.9091    0.9091   1.000
   865.000   1012.000    2.8378    2.8378    2.8378    2.8378   1.000
   873.000   1012.000    2.1245    2.1245    2.1245    2.1245   1.000
   855.000   1014.000    1.5495    1.5495    1.5495    1.5495   1.000
   887.000   1014.000    2.4261    2.4261    2.4261    2.4261   1.000
   877.000   1015.000    1.4199    1.4199    1.4199    1.4199   1.000
   871.000   1016.000    2.6544    2.6544    2.6544    2.6544   1.000
   844.000   1017.000   -0.0719   -0.0719   -0.0719   -0.0719   1.000
   861.000   1017.000    0.9614    0.9614    0.9614    0.9614   1.000
   855.000   1019.000    1.9416    1.9416    1.9416    1.9416   1.000
   879.000   1019.000    1.7587    1.7587    1.7587    1.7587   1.000
   887.000   1019.000    1.6292    1.6292    1.6292    1.6292   1.000
   905.000    964.000   -1.2964   -1.2964   -1.2964   -1.2964   1.000
   937.000    964.000    2.2328    2.2328    2.2328    2.2328   1.000
   955.000    964.000    1.6977    1.6977    1.6977    1.6977   1.000
   900.000    965.000    2.6684    2.6684    2.6684    2.6684   1.000
   916.000    965.000    1.6833    1.6833    1.6833    1.6833   1.000
   922.000    965.000    2.4917    2.4917    2.4917    2.4917   1.000
   943.000    965.000    2.3390    2.3390    2.3390    2.3390   1.000
   930.000    966.000    2.5257    2.5257    2.5257    2.5257   1.000
   935.000    967.000    2.1514    2.1514    2.1514    2.1514   1.000
   939.000    967.000    2.3808    2.3808    2.3808    2.3808   1.000
   949.000    967.000    0.1912    0.1912    0.1912    0.1912   1.000
   912.000    968.000    1.6015    1.6015    1.6015    1.6015   1.000
   918.000    968.000    2.0007    2.0007    2.0007    2.0007   1.000
   926.000    968.000    2.4631    2.4631    2.4631    2.4631   1.000
   931.000    968.000    2.7938    2.7938    2.7938    2.7938   1.000
   944.000    968.000    2.0926    2.0926    2.0926    2.0926   1.000
   908.000    969.000    2.7216    2.7216    2.7216    2.7216   1.000
   901.000    972.000    2.0473    2.0473    2.0473    2.0473   1.000
   904.000    972.000    2.4990    2.4990    2.4990    2.4990   1.000
   917.000    972.000   -0.0114   -0.0114   -0.0114   -0.0114   1.000
   935.000    972.000    2.4252    2.4252    2.4252    2.4252   1.000
   911.000    974.000    2.2537    2.2537    2.2537    2.2537   1.000
   932.000    974.000    1.2945    1.2945    1.2945    1.2945   1.000
   938.000    974.000    3.1152    3.1152    3.1152    3.1152   1.000
   923.000    975.000    2.4087    2.4087    2.4087    2.4087   1.000
   943.000    975.000   -0.6948   -0.6948   -0.6948   -0.6948   1.000
   954.000    975.000    3.4386    3.4386    3.4386    3.4386   1.000
   902.000    976.000    1.6257    1.6257    1.6257    1.6257   1.000
   907.000    977.000    1.2505    1.2505    1.2505    1.2505   1.000
   924.000    977.000    2.1927    2.1927    2.1927    2.1927   1.000
   935.000    977.000    2.5205    2.5205    2.5205    2.5205   1.000
   951.000    977.000    2.0589    2.0589    2.0589    2.0589   1.000
   912.000    978.000    2.3214    2.3214    2.3214    2.3214   1.000
   927.000    980.000    1.2594    1.2594    1.2594    1.2594   1.000
   931.000    980.000    1.8569    1.8569    1.8569    1.8569   1.000
   935.000    981.000    1.6923    1.6923    1.6923    1.6923   1.000
   943.000    981.000    3.0770    3.0770    3.0770    3.0770   1.000
   910.000    982.000    2.2887    2.2887    2.2887    2.2887   1.000
   916.000    982.000    1.4805    1.4805    1.4805    1.4805   1.000
   955.000    984.000    2.2618    2.2618    2.2618    2.2618   1.000
   931.000    985.000    2.2779    2.2779    2.2779    2.2779   1.000
   936.000    985.000    0.9638    0.9638    0.9638    0.9638   1.000
   903.000    986.000    2.7374    2.7374    2.7374    2.7374   1.000
   908.000    986.000    1.7117    1.7117    1.7117    1.7117   1.000
   915.000    986.000    2.0897    2.0897    2.0897    2.0897   1.000
   926.000    986.000    1.5440    1.5440    1.5440    1.5440   1.000
   951.000    988.000    2.5968    2.5968    2.5968    2.5968   1.000
   931.000    989.000    2.0193    2.0193    2.0193    2.0193   1.000
   943.000    989.000    0.5036    0.5036    0.5036    0.5036   1.000
   922.000    990.000    1.5648    1.5648    1.5648    1.5648   1.000
   905.000    992.000    1.9033    1.9033    1.9033    1.9033   1.000
   937.000    992.000   -0.1856   -0.1856   -0.1856   -0.1856   1.000
   947.000    992.000   -0.6105   -0.6105   -0.6105   -0.6105   1.000
   926.000    993.000    1.8898    1.8898    1.8898    1.8898   1.000
   950.000    993.000    1.3621    1.3621    1.3621    1.3621   1.000
   908.000    995.000    2.3620    2.3620    2.3620    2.3620   1.000
   919.000    995.000    1.7797    1.7797    1.7797    1.7797   1.000
   954.000    995.000    2.4696    2.4696    2.4696    2.4696   1.000
   904.000    996.000    1.9019    1.9019    1.9019    1.9019   1.000
   923.000    996.000    2.4036    2.4036    2.4036    2.4036   1.000
   933.000    996.000    2.0229    2.0229    2.0229    2.0229   1.000
   915.000    997.000    2.3869    2.3869    2.3869    2.3869   1.000
   952.000    997.000    2.1438    2.1438    2.1438    2.1438   1.000
   929.000    998.000    2.4125    2.4125    2.4125    2.4125   1.000
   947.000    999.000    2.7337    2.7337    2.7337    2.7337   1.000
   955.000    999.000    1.6066    1.6066    1.6066    1.6066   1.000
   940.000   1000.000    2.2137    2.2137    2.2137    2.2137   1.000
   901.000   1001.000    2.4160    2.4160    2.4160    2.4160   1.000
   925.000   1001.000    1.7297    1.7297    1.7297    1.7297   1.000
   915.000   1002.000    2.3169    2.3169    2.3169    2.3169   1.000
   921.000   1002.000    1.9611    1.9611    1.9611    1.9611   1.000
   932.000   1002.000    2.4962    2.4962    2.4962    2.4962   1.000
   955.000   1003.000    1.7764    1.7764    1.7764    1.7764   1.000
   947.000   1004.000    2.6237    2.6237    2.6237    2.6237   1.000
   950.000   1004.000    2.7886    2.7886    2.7886    2.7886   1.000
   935.000   1005.000    1.7544    1.7544    1.7544    1.7544   1.000
   916.000   1006.000    2.3066    2.3066    2.3066    2.3066   1.000
   900.000   1007.000    2.1942    2.1942    2.1942    2.1942   1.000
   911.000   1007.000    2.3220    2.3220    2.3220    2.3220   1.000
   951.000   1007.000    2.4537    2.4537    2.4537    2.4537   1.000
   907.000   1008.000    2.8618    2.8618    2.8618    2.8618   1.000
   921.000   1008.000   -0.0608   -0.0608   -0.0608   -0.0608   1.000
   927.000   1008.000    1.0836    1.0836    1.0836    1.0836   1.000
   942.000   1008.000    2.6358    2.6358    2.6358    2.6358   1.000
   946.000   1009.000    2.0954    2.0954    2.0954    2.0954   1.000
   918.000   1012.000    1.4389    1.4389    1.4389    1.4389   1.000
   947.000   1012.000    2.6842    2.6842    2.6842    2.6842   1.000
   953.000   1012.000    2.1879    2.1879    2.1879    2.1879   1.000
   902.000   1013.000    3.0664    3.0664    3.0664    3.0664   1.000
   906.000   1013.000    2.2144    2.2144    2.2144    2.2144   1.000
   930.000   1014.000    2.3262    2.3262    2.3262    2.3262   1.000
   934.000   1014.000    1.8805    1.8805    1.8805    1.8805   1.000
   950.000   1016.000    1.5539    1.5539    1.5539    1.5539   1.000
   904.000   1018.000    1.4284    1.4284    1.4284    1.4284   1.000
   932.000   1018.000    2.3639    2.3639    2.3639    2.3639   1.000
   939.000   1018.000    2.0584    2.0584    2.0584    2.0584   1.000
   913.000   1019.000    1.7256    1.7256    1.7256    1.7256   1.000
   967.000    965.000    2.4211    2.4211    2.4211    2.4211   1.000
   980.000    965.000    1.9914    1.9914    1.9914    1.9914   1.000
  1005.000    965.000    1.9612    1.9612    1.9612    1.9612   1.000
  1016.000    965.000    0.5822    0.5822    0.5822    0.5822   1.000
   969.000    966.000    2.7435    2.7435    2.7435    2.7435   1.000
  1011.000    966.000    2.3672    2.3672    2.3672    2.3672   1.000
   988.000    967.000    2.0513    2.0513    2.0513    2.0513   1.000
   975.000    968.000    1.5565    1.5565    1.5565    1.5565   1.000
   979.000    969.000    3.4237    3.4237    3.4237    3.4237   1.000
   995.000    969.000    2.8786    2.8786    2.8786    2.8786   1.000
  1000.000    969.000   -0.1941   -0.1941   -0.1941   -0.1941   1.000
  1015.000    969.000    2.3248    2.3248    2.3248    2.3248   1.000
  1019.000    969.000    2.1434    2.1434    2.1434    2.1434   1.000
   966.000    970.000    2.4963    2.4963    2.4963    2.4963   1.000
   972.000    970.000    2.5457    2.5457    2.5457    2.5457   1.000
  1006.000    970.000    2.2075    2.2075    2.2075    2.2075   1.000
   983.000    972.000    1.9167    1.9167    1.9167    1.9167   1.000
  1010.000    972.000    1.4047    1.4047    1.4047    1.4047   1.000
   986.000    973.000    2.2996    2.2996    2.2996    2.2996   1.000
   978.000    974.000    3.0904    3.0904    3.0904    3.0904   1.000
   965.000    975.000    2.5439    2.5439    2.5439    2.5439   1.000
   969.000    975.000    2.3947    2.3947    2.3947    2.3947   1.000
  1006.000    975.000    1.9657    1.9657    1.9657    1.9657   1.000
   975.000    977.000    2.2182    2.2182    2.2182    2.2182   1.000
   997.000    977.000    1.3377    1.3377    1.3377    1.3377   1.000
  1001.000    977.000    2.8091    2.8091    2.8091    2.8091   1.000
   981.000    978.000    1.6751    1.6751    1.6751    1.6751   1.000
   993.000    978.000    2.2790    2.2790    2.2790    2.2790   1.000
  1011.000    978.000    1.3346    1.3346    1.3346    1.3346   1.000
   971.000    979.000    2.1235    2.1235    2.1235    2.1235   1.000
  1006.000    979.000    1.4029    1.4029    1.4029    1.4029   1.000
  1017.000    979.000    0.8599    0.8599    0.8599    0.8599   1.000
   967.000    980.000    2.7222    2.7222    2.7222    2.7222   1.000
   996.000    981.000    1.3023    1.3023    1.3023    1.3023   1.000
   977.000    982.000    2.5727    2.5727    2.5727    2.5727   1.000
   973.000    983.000    1.3076    1.3076    1.3076    1.3076   1.000
   983.000    983.000    1.1985    1.1985    1.1985    1.1985   1.000
   987.000    983.000    1.5088    1.5088    1.5088    1.5088   1.000
  1003.000    983.000    1.9976    1.9976    1.9976    1.9976   1.000
   993.000    985.000    2.2418    2.2418    2.2418    2.2418   1.000
  1016.000    985.000    0.3019    0.3019    0.3019    0.3019   1.000
   967.000    986.000    1.4552    1.4552    1.4552    1.4552   1.000
   969.000    987.000    1.3865    1.3865    1.3865    1.3865   1.000
   990.000    988.000    1.6839    1.6839    1.6839    1.6839   1.000
   993.000    989.000    1.8162    1.8162    1.8162    1.8162   1.000
   999.000    989.000    2.0787    2.0787    2.0787    2.0787   1.000
  1003.000    990.000    1.7716    1.7716    1.7716    1.7716   1.000
   987.000    991.000    2.2998    2.2998    2.2998    2.2998   1.000
   971.000    992.000    2.8460    2.8460    2.8460    2.8460   1.000
   980.000    992.000    1.9922    1.9922    1.9922    1.9922   1.000
  1012.000    992.000    2.3636    2.3636    2.3636    2.3636   1.000
  1015.000    992.000    2.7141    2.7141    2.7141    2.7141   1.000
   964.000    993.000    1.2520    1.2520    1.2520    1.2520   1.000
  1008.000    994.000    1.8528    1.8528    1.8528    1.8528   1.000
   967.000    995.000    2.2596    2.2596    2.2596    2.2596   1.000
  1003.000    995.000    1.2911    1.2911    1.2911    1.2911   1.000
   974.000    996.000    1.6534    1.6534    1.6534    1.6534   1.000
   983.000    996.000    2.3584    2.3584    2.3584    2.3584   1.000
   998.000    996.000    2.6460    2.6460    2.6460    2.6460   1.000
  1015.000    998.000    2.8235    2.8235    2.8235    2.8235   1.000
   979.000    999.000    2.2541    2.2541    2.2541    2.2541   1.000
  1005.000    999.000    2.8678    2.8678    2.8678    2.8678   1.000
  1007.000   1000.000    2.7192    2.7192    2.7192    2.7192   1.000
  1010.000   1000.000    2.7074    2.7074    2.7074    2.7074   1.000
   964.000   1001.000    1.3895    1.3895    1.3895    1.3895   1.000
   971.000   1001.000    1.2063    1.2063    1.2063    1.2063   1.000
   986.000   1001.000    2.1501    2.1501    2.1501    2.1501   1.000
   996.000   1001.000    2.2532    2.2532    2.2532    2.2532   1.000
  1000.000   1001.000    2.6168    2.6168    2.6168    2.6168   1.000
   974.000   1002.000    2.3414    2.3414    2.3414    2.3414   1.000
   991.000   1002.000    1.5564    1.5564    1.5564    1.5564   1.000
  1015.000   1002.000    2.5618    2.5618    2.5618    2.5618   1.000
  1003.000   1003.000    2.5706    2.5706    2.5706    2.5706   1.000
   997.000   1005.000    0.0315    0.0315    0.0315    0.0315   1.000
   968.000   1006.000    2.2878    2.2878    2.2878    2.2878   1.000
   987.000   1006.000    2.6406    2.6406    2.6406    2.6406   1.000
   991.000   1006.000    2.4154    2.4154    2.4154    2.4154   1.000
  1000.000   1006.000    2.3259    2.3259    2.3259    2.3259   1.000
  1009.000   1006.000    1.6665    1.6665    1.6665    1.6665   1.000
  1016.000   1006.000    1.8523    1.8523    1.8523    1.8523   1.000
   966.000   1007.000    3.0915    3.0915    3.0915    3.0915   1.000
   977.000   1008.000    2.8514    2.8514    2.8514    2.8514   1.000
   982.000   1008.000    3.0942    3.0942    3.0942    3.0942   1.000
   994.000   1009.000    2.9009    2.9009    2.9009    2.9009   1.000
   973.000   1010.000    2.2733    2.2733    2.2733    2.2733   1.000
   998.000   1010.000    3.4058    3.4058    3.4058    3.4058   1.000
   965.000   1011.000    2.9122    2.9122    2.9122    2.9122   1.000
  1009.000   1011.000    2.6390    2.6390    2.6390    2.6390   1.000
   967.000   1012.000    2.6034    2.6034    2.6034    2.6034   1.000
   977.000   1012.000    3.1794    3.1794    3.1794    3.1794   1.000
  1002.000   1012.000    1.8912    1.8912    1.8912    1.8912   1.000
  1006.000   1012.000    1.7522    1.7522    1.7522    1.7522   1.000
  1019.000   1012.000    2.0583    2.0583    2.0583    2.0583   1.000
   982.000   1013.000    2.6907    2.6907    2.6907    2.6907   1.000
   992.000   1013.000    2.9813    2.9813    2.9813    2.9813   1.000
  1015.000   1013.000    2.7689    2.7689    2.7689    2.7689   1.000
   975.000   1015.000    2.7171    2.7171    2.7171    2.7171   1.000
   986.000   1015.000    2.9006    2.9006    2.9006    2.9006   1.000
   980.000   1017.000    1.2602    1.2602    1.2602    1.2602   1.000
   989.000   1018.000    2.2028    2.2028    2.2028    2.2028   1.000
  1001.000   1018.000    1.1671    1.1671    1.1671    1.1671   1.000
  1012.000   1018.000    2.1589    2.1589    2.1589    2.1589   1.000
   970.000   1019.000    1.5186    1.5186    1.5186    1.5186   1.000
  1048.000    964.000    2.4070    2.4070    2.4070    2.4070   1.000
  1072.000    964.000    2.0955    2.0955    2.0955    2.0955   1.000
  1044.000    965.000    2.0457    2.0457    2.0457    2.0457   1.000
  1052.000    966.000    1.8355    1.8355    1.8355    1.8355   1.000
  1064.000    966.000    2.3974    2.3974    2.3974    2.3974   1.000
  1030.000    967.000    1.8774    1.8774    1.8774    1.8774   1.000
  1036.000    967.000    1.4511    1.4511    1.4511    1.4511   1.000
  1059.000    967.000    1.9566    1.9566    1.9566    1.9566   1.000
  1047.000    969.000    2.7956    2.7956    2.7956    2.7956   1.000
  1055.000    969.000    1.7905    1.7905    1.7905    1.7905   1.000
  1078.000    970.000    1.1470    1.1470    1.1470    1.1470   1.000
  1056.000    971.000    2.1784    2.1784    2.1784    2.1784   1.000
  1034.000    972.000    2.8692    2.8692    2.8692    2.8692   1.000
  1047.000    972.000    2.9508    2.9508    2.9508    2.9508   1.000
  1061.000    972.000    2.6478    2.6478    2.6478    2.6478   1.000
  1039.000    974.000    1.6753    1.6753    1.6753    1.6753   1.000
  1044.000    975.000    2.5959    2.5959    2.5959    2.5959   1.000
  1053.000    975.000    1.6513    1.6513    1.6513    1.6513   1.000
  1080.000    975.000    0.4027    0.4027    0.4027    0.4027   1.000
  1064.000    977.000    2.2370    2.2370    2.2370    2.2370   1.000
  1032.000    978.000    2.5177    2.5177    2.5177    2.5177   1.000
  1049.000    978.000    1.9935    1.9935    1.9935    1.9935   1.000
  1075.000    979.000   -0.0371   -0.0371   -0.0371   -0.0371   1.000
  1059.000    980.000    0.2266    0.2266    0.2266    0.2266   1.000
  1070.000    980.000    1.6394    1.6394    1.6394    1.6394   1.000
  1044.000    981.000    2.7906    2.7906    2.7906    2.7906   1.000
  1054.000    981.000    2.0518    2.0518    2.0518    2.0518   1.000
  1065.000    982.000    1.8487    1.8487    1.8487    1.8487   1.000
  1040.000    983.000    1.4999    1.4999    1.4999    1.4999   1.000
  1048.000    983.000    3.0261    3.0261    3.0261    3.0261   1.000
  1063.000    985.000    2.2598    2.2598    2.2598    2.2598   1.000
  1078.000    985.000    2.6007    2.6007    2.6007    2.6007   1.000
  1036.000    986.000    0.7807    0.7807    0.7807    0.7807   1.000
  1053.000    986.000    1.5654    1.5654    1.5654    1.5654   1.000
  1067.000    986.000    1.4345    1.4345    1.4345    1.4345   1.000
  1046.000    988.000    2.4668    2.4668    2.4668    2.4668   1.000
  1066.000    988.000    1.2912    1.2912    1.2912    1.2912   1.000
  1028.000    989.000    1.4548    1.4548    1.4548    1.4548   1.000
  1039.000    989.000    2.9191    2.9191    2.9191    2.9191   1.000
  1074.000    990.000    2.6481    2.6481    2.6481    2.6481   1.000
  1058.000    991.000    2.4332    2.4332    2.4332    2.4332   1.000
  1070.000    991.000    2.6108    2.6108    2.6108    2.6108   1.000
  1079.000    991.000    2.2441    2.2441    2.2441    2.2441   1.000
  1051.000    992.000    0.5226    0.5226    0.5226    0.5226   1.000
  1073.000    992.000    1.5484    1.5484    1.5484    1.5484   1.000
  1045.000    993.000    2.6663    2.6663    2.6663    2.6663   1.000
  1041.000    994.000    2.4406    2.4406    2.4406    2.4406   1.000
  1029.000    995.000    2.0819    2.0819    2.0819    2.0819   1.000
  1081.000    995.000    2.5814    2.5814    2.5814    2.5814   1.000
  1059.000    996.000    2.3949    2.3949    2.3949    2.3949   1.000
  1062.000    996.000    2.0037    2.0037    2.0037    2.0037   1.000
  1068.000    996.000    0.9272    0.9272    0.9272    0.9272   1.000
  1055.000    997.000    1.6319    1.6319    1.6319    1.6319   1.000
  1076.000    997.000    2.5530    2.5530    2.5530    2.5530   1.000
  1079.000    997.000    2.3457    2.3457    2.3457    2.3457   1.000
  1032.000    998.000    1.7210    1.7210    1.7210    1.7210   1.000
  1038.000    998.000    2.1908    2.1908    2.1908    2.1908   1.000
  1045.000    998.000    1.8107    1.8107    1.8107    1.8107   1.000
  1051.000    999.000    2.4099    2.4099    2.4099    2.4099   1.000
  1063.000   1000.000    1.6426    1.6426    1.6426    1.6426   1.000
  1036.000   1001.000    0.7783    0.7783    0.7783    0.7783   1.000
  1075.000   1001.000    2.4975    2.4975    2.4975    2.4975   1.000
  1040.000   1002.000    2.2890    2.2890    2.2890    2.2890   1.000
  1049.000   1003.000    1.6006    1.6006    1.6006    1.6006   1.000
  1032.000   1004.000    2.7082    2.7082    2.7082    2.7082   1.000
  1038.000   1004.000    1.4728    1.4728    1.4728    1.4728   1.000
  1082.000   1004.000    2.6744    2.6744    2.6744    2.6744   1.000
  1057.000   1005.000    1.8308    1.8308    1.8308    1.8308   1.000
  1072.000   1005.000    2.5026    2.5026    2.5026    2.5026   1.000
  1068.000   1006.000    2.5556    2.5556    2.5556    2.5556   1.000
  1033.000   1007.000    2.8351    2.8351    2.8351    2.8351   1.000
  1054.000   1007.000    2.2905    2.2905    2.2905    2.2905   1.000
  1063.000   1007.000    2.1524    2.1524    2.1524    2.1524   1.000
  1028.000   1009.000    2.1985    2.1985    2.1985    2.1985   1.000
  1081.000   1009.000    2.4440    2.4440    2.4440    2.4440   1.000
  1083.000   1009.000    2.3000    2.3000    2.3000    2.3000   1.000
  1038.000   1010.000    2.8109    2.8109    2.8109    2.8109   1.000
  1067.000   1010.000    3.0420    3.0420    3.0420    3.0420   1.000
  1047.000   1012.000    1.9985    1.9985    1.9985    1.9985   1.000
  1051.000   1012.000    2.3264    2.3264    2.3264    2.3264   1.000
  1062.000   1012.000   -0.4436   -0.4436   -0.4436   -0.4436   1.000
  1057.000   1013.000    1.5347    1.5347    1.5347    1.5347   1.000
  1077.000   1013.000    2.6404    2.6404    2.6404    2.6404   1.000
  1028.000   1014.000    1.9793    1.9793    1.9793    1.9793   1.000
  1040.000   1014.000    1.8996    1.8996    1.8996    1.8996   1.000
  1073.000   1014.000    2.6709    2.6709    2.6709    2.6709   1.000
  1080.000   1014.000    2.3224    2.3224    2.3224    2.3224   1.000
  1051.000   1017.000    1.9306    1.9306    1.9306    1.9306   1.000
  1083.000   1017.000    1.6449    1.6449    1.6449    1.6449   1.000
  1042.000   1019.000    0.2401    0.2401    0.2401    0.2401   1.000
  1055.000   1019.000    0.8244    0.8244    0.8244    0.8244   1.000
  1094.000    964.000    1.0339    1.0339    1.0339    1.0339   1.000
  1131.000    964.000    2.1268    2.1268    2.1268    2.1268   1.000
  1121.000    965.000    2.2685    2.2685    2.2685    2.2685   1.000
  1138.000    965.000    1.6995    1.6995    1.6995    1.6995   1.000
  1144.000    965.000    1.5847    1.5847    1.5847    1.5847   1.000
  1116.000    966.000    2.5546    2.5546    2.5546    2.5546   1.000
  1132.000    966.000    2.2820    2.2820    2.2820    2.2820   1.000
  1103.000    968.000    1.5922    1.5922    1.5922    1.5922   1.000
  1108.000    969.000    0.1712    0.1712    0.1712    0.1712   1.000
  1143.000    969.000    1.5416    1.5416    1.5416    1.5416   1.000
  1095.000    970.000    1.2800    1.2800    1.2800    1.2800   1.000
  1116.000    970.000    2.7639    2.7639    2.7639    2.7639   1.000
  1120.000    970.000    1.2560    1.2560    1.2560    1.2560   1.000
  1135.000    971.000    2.1762    2.1762    2.1762    2.1762   1.000
  1104.000    973.000    1.7561    1.7561    1.7561    1.7561   1.000
  1110.000    973.000    2.0917    2.0917    2.0917    2.0917   1.000
  1122.000    973.000    2.1161    2.1161    2.1161    2.1161   1.000
  1131.000    973.000    1.5617    1.5617    1.5617    1.5617   1.000
  1095.000    975.000    2.5158    2.5158    2.5158    2.5158   1.000
  1138.000    975.000    2.2817    2.2817    2.2817    2.2817   1.000
  1140.000    975.000    2.4182    2.4182    2.4182    2.4182   1.000
  1096.000    978.000    2.6058    2.6058    2.6058    2.6058   1.000
  1100.000    978.000    2.5462    2.5462    2.5462    2.5462   1.000
  1121.000    978.000    1.9499    1.9499    1.9499    1.9499   1.000
  1137.000    978.000    1.7842    1.7842    1.7842    1.7842   1.000
  1132.000    979.000    1.6544    1.6544    1.6544    1.6544   1.000
  1142.000    979.000    3.0599    3.0599    3.0599    3.0599   1.000
  1096.000    980.000    2.2853    2.2853    2.2853    2.2853   1.000
  1115.000    980.000   -0.3067   -0.3067   -0.3067   -0.3067   1.000
  1092.000    982.000    2.0949    2.0949    2.0949    2.0949   1.000
  1139.000    983.000    2.2688    2.2688    2.2688    2.2688   1.000
  1096.000    984.000    2.1668    2.1668    2.1668    2.1668   1.000
  1105.000    984.000    2.5075    2.5075    2.5075    2.5075   1.000
  1127.000    984.000    1.7458    1.7458    1.7458    1.7458   1.000
  1130.000    984.000    2.4871    2.4871    2.4871    2.4871   1.000
  1134.000    984.000    2.6033    2.6033    2.6033    2.6033   1.000
  1110.000    985.000    1.0172    1.0172    1.0172    1.0172   1.000
  1100.000    986.000    1.5394    1.5394    1.5394    1.5394   1.000
  1114.000    986.000    0.1170    0.1170    0.1170    0.1170   1.000
  1124.000    987.000    1.9642    1.9642    1.9642    1.9642   1.000
  1146.000    987.000    2.5311    2.5311    2.5311    2.5311   1.000
  1094.000    988.000    2.6588    2.6588    2.6588    2.6588   1.000
  1138.000    989.000    2.6744    2.6744    2.6744    2.6744   1.000
  1133.000    990.000    1.7214    1.7214    1.7214    1.7214   1.000
  1095.000    992.000    2.8532    2.8532    2.8532    2.8532   1.000
  1112.000    992.000    1.1897    1.1897    1.1897    1.1897   1.000
  1141.000    992.000    1.9509    1.9509    1.9509    1.9509   1.000
  1128.000    993.000    0.3021    0.3021    0.3021    0.3021   1.000
  1136.000    993.000    2.8421    2.8421    2.8421    2.8421   1.000
  1147.000    993.000    1.3860    1.3860    1.3860    1.3860   1.000
  1098.000    994.000    2.7828    2.7828    2.7828    2.7828   1.000
  1115.000    994.000    2.4354    2.4354    2.4354    2.4354   1.000
  1123.000    994.000    0.2180    0.2180    0.2180    0.2180   1.000
  1133.000    994.000    2.1608    2.1608    2.1608    2.1608   1.000
  1092.000    996.000    1.8309    1.8309    1.8309    1.8309   1.000
  1102.000    996.000    1.9225    1.9225    1.9225    1.9225   1.000
  1111.000    996.000    2.2542    2.2542    2.2542    2.2542   1.000
  1096.000    998.000    2.0075    2.0075    2.0075    2.0075   1.000
  1106.000    998.000    1.2506    1.2506    1.2506    1.2506   1.000
  1147.000    999.000    2.6105    2.6105    2.6105    2.6105   1.000
  1125.000   1000.000    2.3818    2.3818    2.3818    2.3818   1.000
  1130.000   1001.000   -0.7657   -0.7657   -0.7657   -0.7657   1.000
  1135.000   1001.000    1.4373    1.4373    1.4373    1.4373   1.000
  1095.000   1002.000    3.0152    3.0152    3.0152    3.0152   1.000
  1102.000   1002.000    1.7368    1.7368    1.7368    1.7368   1.000
  1120.000   1002.000    2.4211    2.4211    2.4211    2.4211   1.000
  1140.000   1002.000    1.6585    1.6585    1.6585    1.6585   1.000
  1111.000   1003.000    2.0294    2.0294    2.0294    2.0294   1.000
  1116.000   1003.000    1.3473    1.3473    1.3473    1.3473   1.000
  1102.000   1004.000    1.9233    1.9233    1.9233    1.9233   1.000
  1125.000   1004.000    1.4186    1.4186    1.4186    1.4186   1.000
  1100.000   1006.000    2.1914    2.1914    2.1914    2.1914   1.000
  1106.000   1006.000    1.2721    1.2721    1.2721    1.2721   1.000
  1120.000   1006.000    2.0570    2.0570    2.0570    2.0570   1.000
  1092.000   1007.000    2.2308    2.2308    2.2308    2.2308   1.000
  1129.000   1007.000    2.1352    2.1352    2.1352    2.1352   1.000
  1114.000   1009.000    1.9977    1.9977    1.9977    1.9977   1.000
  1122.000   1009.000    1.7408    1.7408    1.7408    1.7408   1.000
  1139.000   1009.000    0.6623    0.6623    0.6623    0.6623   1.000
  1105.000   1010.000    1.4045    1.4045    1.4045    1.4045   1.000
  1134.000   1010.000    1.8916    1.8916    1.8916    1.8916   1.000
  1099.000   1012.000   -0.0816   -0.0816   -0.0816   -0.0816   1.000
  1127.000   1012.000    2.3777    2.3777    2.3777    2.3777   1.000
  1119.000   1013.000   -0.5354   -0.5354   -0.5354   -0.5354   1.000
  1131.000   1014.000    2.2816    2.2816    2.2816    2.2816   1.000
  1137.000   1015.000    1.9739    1.9739    1.9739    1.9739   1.000
  1147.000   1015.000    2.1503    2.1503    2.1503    2.1503   1.000
  1096.000   1016.000    2.6396    2.6396    2.6396    2.6396   1.000
  1105.000   1016.000    1.7698    1.7698    1.7698    1.7698   1.000
  1109.000   1016.000    2.6108    2.6108    2.6108    2.6108   1.000
  1115.000   1017.000    2.9886    2.9886    2.9886    2.9886   1.000
  1127.000   1017.000    0.7597    0.7597    0.7597    0.7597   1.000
  1141.000   1018.000    2.1996    2.1996    2.1996    2.1996   1.000
  1135.000   1019.000    2.1554    2.1554    2.1554    2.1554   1.000
  1144.000   1019.000    2.1111    2.1111    2.1111    2.1111   1.000
  1174.000    964.000    2.0140    2.0140    2.0140    2.0140   1.000
  1202.000    965.000    1.1711    1.1711    1.1711    1.1711   1.000
  1161.000    966.000    0.6089    0.6089    0.6089    0.6089   1.000
  1169.000    967.000    1.9557    1.9557    1.9557    1.9557   1.000
  1207.000    967.000   -0.0963   -0.0963   -0.0963   -0.0963   1.000
  1158.000    970.000    2.1604    2.1604    2.1604    2.1604   1.000
  1197.000    970.000   -0.1017   -0.1017   -0.1017   -0.1017   1.000
  1180.000    971.000    0.2575    0.2575    0.2575    0.2575   1.000
  1171.000    972.000    1.1874    1.1874    1.1874    1.1874   1.000
  1199.000    973.000    1.7311    1.7311    1.7311    1.7311   1.000
  1206.000    973.000    1.5826    1.5826    1.5826    1.5826   1.000
  1185.000    974.000    3.1849    3.1849    3.1849    3.1849   1.000
  1195.000    974.000    1.3503    1.3503    1.3503    1.3503   1.000
  1161.000    975.000    2.4462    2.4462    2.4462    2.4462   1.000
  1175.000    975.000    2.3837    2.3837    2.3837    2.3837   1.000
  1210.000    975.000    1.5653    1.5653    1.5653    1.5653   1.000
  1157.000    976.000    2.6366    2.6366    2.6366    2.6366   1.000
  1179.000    978.000    1.6840    1.6840    1.6840    1.6840   1.000
  1191.000    978.000    1.0829    1.0829    1.0829    1.0829   1.000
  1210.000    978.000    1.7406    1.7406    1.7406    1.7406   1.000
  1197.000    979.000    2.4906    2.4906    2.4906    2.4906   1.000
  1206.000    980.000    2.4509    2.4509    2.4509    2.4509   1.000
  1157.000    981.000    3.2743    3.2743    3.2743    3.2743   1.000
  1162.000    981.000    0.7226    0.7226    0.7226    0.7226   1.000
  1187.000    981.000    1.6055    1.6055    1.6055    1.6055   1.000
  1201.000    981.000    2.0222    2.0222    2.0222    2.0222   1.000
  1170.000    982.000    0.8655    0.8655    0.8655    0.8655   1.000
  1184.000    984.000    1.3405    1.3405    1.3405    1.3405   1.000
  1205.000    984.000    1.5262    1.5262    1.5262    1.5262   1.000
  1211.000    984.000    1.4925    1.4925    1.4925    1.4925   1.000
  1196.000    985.000    1.1196    1.1196    1.1196    1.1196   1.000
  1199.000    985.000    2.7321    2.7321    2.7321    2.7321   1.000
  1159.000    986.000    1.9905    1.9905    1.9905    1.9905   1.000
  1191.000    987.000    2.4225    2.4225    2.4225    2.4225   1.000
  1168.000    988.000    2.4321    2.4321    2.4321    2.4321   1.000
  1177.000    988.000    2.1988    2.1988    2.1988    2.1988   1.000
  1181.000    988.000    2.4678    2.4678    2.4678    2.4678   1.000
  1206.000    988.000    2.9003    2.9003    2.9003    2.9003   1.000
  1163.000    990.000    2.1591    2.1591    2.1591    2.1591   1.000
  1172.000    990.000    2.3783    2.3783    2.3783    2.3783   1.000
  1196.000    990.000    2.9434    2.9434    2.9434    2.9434   1.000
  1161.000    991.000    2.3479    2.3479    2.3479    2.3479   1.000
  1191.000    991.000    2.1132    2.1132    2.1132    2.1132   1.000
  1167.000    992.000    1.9496    1.9496    1.9496    1.9496   1.000
  1188.000    992.000    2.1140    2.1140    2.1140    2.1140   1.000
  1178.000    993.000    2.1631    2.1631    2.1631    2.1631   1.000
  1184.000    993.000    3.1363    3.1363    3.1363    3.1363   1.000
  1202.000    993.000    0.1325    0.1325    0.1325    0.1325   1.000
  1210.000    993.000   -0.5995   -0.5995   -0.5995   -0.5995   1.000
  1174.000    995.000    1.9392    1.9392    1.9392    1.9392   1.000
  1195.000    995.000    2.1776    2.1776    2.1776    2.1776   1.000
  1169.000    996.000    2.4533    2.4533    2.4533    2.4533   1.000
  1189.000    997.000    2.8371    2.8371    2.8371    2.8371   1.000
  1157.000    998.000    2.3855    2.3855    2.3855    2.3855   1.000
  1181.000    998.000    2.1335    2.1335    2.1335    2.1335   1.000
  1203.000    998.000    2.8838    2.8838    2.8838    2.8838   1.000
  1176.000   1000.000    1.8783    1.8783    1.8783    1.8783   1.000
  1173.000   1001.000    2.4537    2.4537    2.4537    2.4537   1.000
  1191.000   1001.000    2.6311    2.6311    2.6311    2.6311   1.000
  1179.000   1002.000    1.8658    1.8658    1.8658    1.8658   1.000
  1199.000   1003.000    2.1484    2.1484    2.1484    2.1484   1.000
  1185.000   1004.000    0.6034    0.6034    0.6034    0.6034   1.000
  1209.000   1004.000    1.9834    1.9834    1.9834    1.9834   1.000
  1159.000   1005.000    1.7106    1.7106    1.7106    1.7106   1.000
  1166.000   1005.000    1.6054    1.6054    1.6054    1.6054   1.000
  1189.000   1006.000    1.6506    1.6506    1.6506    1.6506   1.000
  1181.000   1007.000    2.3501    2.3501    2.3501    2.3501   1.000
  1206.000   1007.000    2.6106    2.6106    2.6106    2.6106   1.000
  1201.000   1008.000    1.7324    1.7324    1.7324    1.7324   1.000
  1197.000   1009.000    0.7707    0.7707    0.7707    0.7707   1.000
  1163.000   1010.000    1.9237    1.9237    1.9237    1.9237   1.000
  1189.000   1010.000    0.3059    0.3059    0.3059    0.3059   1.000
  1167.000   1012.000    1.8183    1.8183    1.8183    1.8183   1.000
  1177.000   1012.000    2.1114    2.1114    2.1114    2.1114   1.000
  1185.000   1012.000   -0.0436   -0.0436   -0.0436   -0.0436   1.000
  1199.000   1014.000    2.5176    2.5176    2.5176    2.5176   1.000
  1203.000   1014.000    2.7924    2.7924    2.7924    2.7924   1.000
  1209.000   1014.000    1.6062    1.6062    1.6062    1.6062   1.000
  1158.000   1015.000    1.6522    1.6522    1.6522    1.6522   1.000
  1170.000   1015.000    2.1479    2.1479    2.1479    2.1479   1.000
  1181.000   1018.000    3.0977    3.0977    3.0977    3.0977   1.000
  1195.000   1018.000    1.4706    1.4706    1.4706    1.4706   1.000
  1165.000   1019.000    1.7359    1.7359    1.7359    1.7359   1.000
  1167.000   1019.000    2.1348    2.1348    2.1348    2.1348   1.000
  1173.000   1019.000    1.7546    1.7546    1.7546    1.7546   1.000
  1185.000   1019.000    2.1098    2.1098    2.1098    2.1098   1.000
  1189.000   1019.000    1.5804    1.5804    1.5804    1.5804   1.000
  1224.000    965.000   -0.2290   -0.2290   -0.2290   -0.2290   1.000
  1242.000    965.000    2.5042    2.5042    2.5042    2.5042   1.000
  1266.000    966.000    2.0364    2.0364    2.0364    2.0364   1.000
  1236.000    967.000    2.1748    2.1748    2.1748    2.1748   1.000
  1239.000    969.000    2.4417    2.4417    2.4417    2.4417   1.000
  1273.000    969.000    2.7342    2.7342    2.7342    2.7342   1.000
  1222.000    970.000    2.3971    2.3971    2.3971    2.3971   1.000
  1244.000    970.000   -0.6703   -0.6703   -0.6703   -0.6703   1.000
  1238.000    972.000    2.4457    2.4457    2.4457    2.4457   1.000
  1234.000    973.000    0.7080    0.7080    0.7080    0.7080   1.000
  1260.000    975.000    1.1308    1.1308    1.1308    1.1308   1.000
  1265.000    975.000    2.5569    2.5569    2.5569    2.5569   1.000
  1271.000    975.000    1.5791    1.5791    1.5791    1.5791   1.000
  1246.000    977.000   -0.1746   -0.1746   -0.1746   -0.1746   1.000
  1253.000    977.000    2.2753    2.2753    2.2753    2.2753   1.000
  1273.000    977.000    1.6140    1.6140    1.6140    1.6140   1.000
  1233.000    978.000    2.0360    2.0360    2.0360    2.0360   1.000
  1222.000    980.000    2.0481    2.0481    2.0481    2.0481   1.000
  1258.000    980.000    1.5893    1.5893    1.5893    1.5893   1.000
  1263.000    981.000    2.1469    2.1469    2.1469    2.1469   1.000
  1272.000    981.000    2.1378    2.1378    2.1378    2.1378   1.000
  1226.000    982.000    0.6892    0.6892    0.6892    0.6892   1.000
  1235.000    982.000    1.9911    1.9911    1.9911    1.9911   1.000
  1244.000    982.000    2.0020    2.0020    2.0020    2.0020   1.000
  1267.000    983.000    2.7207    2.7207    2.7207    2.7207   1.000
  1229.000    986.000    1.1448    1.1448    1.1448    1.1448   1.000
  1250.000    986.000    2.6781    2.6781    2.6781    2.6781   1.000
  1259.000    986.000    2.1638    2.1638    2.1638    2.1638   1.000
  1238.000    987.000    1.9948    1.9948    1.9948    1.9948   1.000
  1245.000    987.000   -0.4356   -0.4356   -0.4356   -0.4356   1.000
  1272.000    987.000    1.8102    1.8102    1.8102    1.8102   1.000
  1220.000    990.000    2.1044    2.1044    2.1044    2.1044   1.000
  1241.000    990.000    2.2131    2.2131    2.2131    2.2131   1.000
  1271.000    990.000    2.0272    2.0272    2.0272    2.0272   1.000
  1259.000    991.000    2.1267    2.1267    2.1267    2.1267   1.000
  1249.000    992.000    1.3150    1.3150    1.3150    1.3150   1.000
  1226.000    993.000    0.1820    0.1820    0.1820    0.1820   1.000
  1243.000    993.000    2.7352    2.7352    2.7352    2.7352   1.000
  1267.000    993.000    2.5624    2.5624    2.5624    2.5624   1.000
  1236.000    995.000    2.5457    2.5457    2.5457    2.5457   1.000
  1254.000    995.000    1.1839    1.1839    1.1839    1.1839   1.000
  1222.000    996.000    1.6317    1.6317    1.6317    1.6317   1.000
  1264.000    996.000    1.5602    1.5602    1.5602    1.5602   1.000
  1229.000    997.000    2.6538    2.6538    2.6538    2.6538   1.000
  1251.000    997.000    0.2923    0.2923    0.2923    0.2923   1.000
  1261.000    998.000    2.3491    2.3491    2.3491    2.3491   1.000
  1266.000    999.000    2.4001    2.4001    2.4001    2.4001   1.000
  1247.000   1001.000    0.5041    0.5041    0.5041    0.5041   1.000
  1253.000   1001.000    1.1807    1.1807    1.1807    1.1807   1.000
  1258.000   1001.000    2.5396    2.5396    2.5396    2.5396   1.000
  1229.000   1002.000    1.7369    1.7369    1.7369    1.7369   1.000
  1243.000   1002.000   -0.5570   -0.5570   -0.5570   -0.5570   1.000
  1221.000   1003.000    2.5324    2.5324    2.5324    2.5324   1.000
  1257.000   1003.000    2.6975    2.6975    2.6975    2.6975   1.000
  1230.000   1004.000    2.4930    2.4930    2.4930    2.4930   1.000
  1224.000   1005.000    2.6178    2.6178    2.6178    2.6178   1.000
  1236.000   1005.000   -0.6986   -0.6986   -0.6986   -0.6986   1.000
  1261.000   1005.000    1.6194    1.6194    1.6194    1.6194   1.000
  1246.000   1006.000    2.8317    2.8317    2.8317    2.8317   1.000
  1253.000   1006.000    1.4934    1.4934    1.4934    1.4934   1.000
  1221.000   1007.000    2.4240    2.4240    2.4240    2.4240   1.000
  1270.000   1007.000    1.5583    1.5583    1.5583    1.5583   1.000
  1263.000   1008.000    2.3265    2.3265    2.3265    2.3265   1.000
  1231.000   1009.000    1.8394    1.8394    1.8394    1.8394   1.000
  1257.000   1010.000    2.4788    2.4788    2.4788    2.4788   1.000
  1260.000   1011.000    2.3195    2.3195    2.3195    2.3195   1.000
  1273.000   1011.000    1.8153    1.8153    1.8153    1.8153   1.000
  1234.000   1013.000    2.1905    2.1905    2.1905    2.1905   1.000
  1251.000   1014.000    2.5192    2.5192    2.5192    2.5192   1.000
  1228.000   1015.000    2.1561    2.1561    2.1561    2.1561   1.000
  1248.000   1015.000    2.2735    2.2735    2.2735    2.2735   1.000
  1267.000   1015.000    1.5963    1.5963    1.5963    1.5963   1.000
  1237.000   1017.000    0.9479    0.9479    0.9479    0.9479   1.000
  1224.000   1018.000    3.1432    3.1432    3.1432    3.1432   1.000
  1246.000   1019.000    2.2553    2.2553    2.2553    2.2553   1.000
  1264.000   1019.000    2.2189    2.2189    2.2189    2.2189   1.000
  1271.000   1019.000    2.6524    2.6524    2.6524    2.6524   1.000
   786.000   1028.000    2.0210    2.0210    2.0210    2.0210   1.000
   793.000   1028.000    0.8456    0.8456    0.8456    0.8456   1.000
   801.000   1028.000    2.2228    2.2228    2.2228    2.2228   1.000
   813.000   1028.000   -1.0506   -1.0506   -1.0506   -1.0506   1.000
   823.000   1028.000   -0.1632   -0.1632   -0.1632   -0.1632   1.000
   808.000   1029.000    1.3625    1.3625    1.3625    1.3625   1.000
   797.000   1030.000    1.1807    1.1807    1.1807    1.1807   1.000
   774.000   1032.000   -0.5024   -0.5024   -0.5024   -0.5024   1.000
   788.000   1032.000    2.1498    2.1498    2.1498    2.1498   1.000
   819.000   1032.000    2.3018    2.3018    2.3018    2.3018   1.000
   794.000   1033.000    2.3289    2.3289    2.3289    2.3289   1.000
   804.000   1033.000    2.4169    2.4169    2.4169    2.4169   1.000
   784.000   1034.000    1.8368    1.8368    1.8368    1.8368   1.000
   800.000   1034.000    0.6993    0.6993    0.6993    0.6993   1.000
   806.000   1034.000    1.9956    1.9956    1.9956    1.9956   1.000
   796.000   1036.000    2.5075    2.5075    2.5075    2.5075   1.000
   810.000   1036.000    1.9926    1.9926    1.9926    1.9926   1.000
   816.000   1036.000    2.7129    2.7129    2.7129    2.7129   1.000
   776.000   1037.000    1.8975    1.8975    1.8975    1.8975   1.000
   792.000   1038.000    2.8274    2.8274    2.8274    2.8274   1.000
   802.000   1038.000    2.7916    2.7916    2.7916    2.7916   1.000
   826.000   1038.000    2.4390    2.4390    2.4390    2.4390   1.000
   789.000   1039.000    1.7225    1.7225    1.7225    1.7225   1.000
   807.000   1039.000    2.3274    2.3274    2.3274    2.3274   1.000
   773.000   1040.000    2.0567    2.0567    2.0567    2.0567   1.000
   782.000   1040.000    2.4972    2.4972    2.4972    2.4972   1.000
   798.000   1040.000    1.6435    1.6435    1.6435    1.6435   1.000
   779.000   1041.000    2.6641    2.6641    2.6641    2.6641   1.000
   814.000   1042.000    2.2792    2.2792    2.2792    2.2792   1.000
   826.000   1043.000    1.6783    1.6783    1.6783    1.6783   1.000
   791.000   1044.000    2.3531    2.3531    2.3531    2.3531   1.000
   794.000   1044.000    2.3696    2.3696    2.3696    2.3696   1.000
   819.000   1044.000    2.4531    2.4531    2.4531    2.4531   1.000
   785.000   1045.000   -0.5918   -0.5918   -0.5918   -0.5918   1.000
   799.000   1045.000    1.9853    1.9853    1.9853    1.9853   1.000
   795.000   1046.000    2.3166    2.3166    2.3166    2.3166   1.000
   776.000   1047.000    1.8290    1.8290    1.8290    1.8290   1.000
   808.000   1047.000    2.6113    2.6113    2.6113    2.6113   1.000
   789.000   1048.000    2.0387    2.0387    2.0387    2.0387   1.000
   803.000   1048.000    1.1173    1.1173    1.1173    1.1173   1.000
   816.000   1048.000    2.1572    2.1572    2.1572    2.1572   1.000
   823.000   1048.000    2.4300    2.4300    2.4300    2.4300   1.000
   773.000   1050.000   -0.7778   -0.7778   -0.7778   -0.7778   1.000
   811.000   1050.000    2.2462    2.2462    2.2462    2.2462   1.000
   792.000   1051.000    1.8134    1.8134    1.8134    1.8134   1.000
   798.000   1051.000    2.1382    2.1382    2.1382    2.1382   1.000
   786.000   1052.000    1.5528    1.5528    1.5528    1.5528   1.000
   825.000   1052.000    2.2192    2.2192    2.2192    2.2192   1.000
   801.000   1053.000    2.6409    2.6409    2.6409    2.6409   1.000
   784.000   1054.000    2.4414    2.4414    2.4414    2.4414   1.000
   809.000   1054.000    2.6457    2.6457    2.6457    2.6457   1.000
   819.000   1054.000    2.3762    2.3762    2.3762    2.3762   1.000
   813.000   1055.000    2.5115    2.5115    2.5115    2.5115   1.000
   772.000   1056.000    0.2486    0.2486    0.2486    0.2486   1.000
   779.000   1056.000    2.5081    2.5081    2.5081    2.5081   1.000
   789.000   1056.000    2.3476    2.3476    2.3476    2.3476   1.000
   794.000   1056.000    1.0474    1.0474    1.0474    1.0474   1.000
   824.000   1056.000    2.6750    2.6750    2.6750    2.6750   1.000
   800.000   1058.000    1.9503    1.9503    1.9503    1.9503   1.000
   807.000   1058.000    2.1154    2.1154    2.1154    2.1154   1.000
   785.000   1059.000    2.4756    2.4756    2.4756    2.4756   1.000
   811.000   1059.000    1.9010    1.9010    1.9010    1.9010   1.000
   821.000   1059.000    1.8515    1.8515    1.8515    1.8515   1.000
   815.000   1060.000    2.9157    2.9157    2.9157    2.9157   1.000
   776.000   1061.000    0.7395    0.7395    0.7395    0.7395   1.000
   794.000   1061.000    2.1672    2.1672    2.1672    2.1672   1.000
   825.000   1061.000    1.4504    1.4504    1.4504    1.4504   1.000
   784.000   1062.000    1.9200    1.9200    1.9200    1.9200   1.000
   790.000   1062.000    2.6314    2.6314    2.6314    2.6314   1.000
   797.000   1062.000    2.7517    2.7517    2.7517    2.7517   1.000
   804.000   1062.000    1.7404    1.7404    1.7404    1.7404   1.000
   818.000   1063.000    2.5982    2.5982    2.5982    2.5982   1.000
   800.000   1065.000    2.1570    2.1570    2.1570    2.1570   1.000
   813.000   1065.000   -0.6020   -0.6020   -0.6020   -0.6020   1.000
   822.000   1065.000    2.2045    2.2045    2.2045    2.2045   1.000
   785.000   1067.000    1.9543    1.9543    1.9543    1.9543   1.000
   793.000   1067.000    0.2689    0.2689    0.2689    0.2689   1.000
   805.000   1067.000    2.5234    2.5234    2.5234    2.5234   1.000
   827.000   1068.000   -0.3998   -0.3998   -0.3998   -0.3998   1.000
   808.000   1069.000    2.7509    2.7509    2.7509    2.7509   1.000
   818.000   1069.000    0.6437    0.6437    0.6437    0.6437   1.000
   776.000   1070.000   -0.3638   -0.3638   -0.3638   -0.3638   1.000
   797.000   1070.000    2.2331    2.2331    2.2331    2.2331   1.000
   823.000   1070.000    1.8618    1.8618    1.8618    1.8618   1.000
   790.000   1071.000    2.8543    2.8543    2.8543    2.8543   1.000
   784.000   1072.000    1.2357    1.2357    1.2357    1.2357   1.000
   804.000   1073.000    1.3298    1.3298    1.3298    1.3298   1.000
   816.000   1073.000    2.1195    2.1195    2.1195    2.1195   1.000
   824.000   1073.000    1.1648    1.1648    1.1648    1.1648   1.000
   773.000   1075.000    1.6802    1.6802    1.6802    1.6802   1.000
   781.000   1075.000    2.0234    2.0234    2.0234    2.0234   1.000
   799.000   1075.000    2.1528    2.1528    2.1528    2.1528   1.000
   795.000   1076.000    1.9090    1.9090    1.9090    1.9090   1.000
   772.000   1079.000    1.6574    1.6574    1.6574    1.6574   1.000
   824.000   1079.000    2.2507    2.2507    2.2507    2.2507   1.000
   786.000   1080.000   -0.0251   -0.0251   -0.0251   -0.0251   1.000
   810.000   1080.000    0.3807    0.3807    0.3807    0.3807   1.000
   794.000   1081.000    2.2262    2.2262    2.2262    2.2262   1.000
   825.000   1083.000    1.6609    1.6609    1.6609    1.6609   1.000
   843.000   1028.000    2.9320    2.9320    2.9320    2.9320   1.000
   848.000   1028.000   -1.4488   -1.4488   -1.4488   -1.4488   1.000
   866.000   1028.000    2.7310    2.7310    2.7310    2.7310   1.000
   873.000   1028.000    2.4779    2.4779    2.4779    2.4779   1.000
   877.000   1029.000    1.6487    1.6487    1.6487    1.6487   1.000
   838.000   1030.000    2.0918    2.0918    2.0918    2.0918   1.000
   854.000   1031.000    2.6362    2.6362    2.6362    2.6362   1.000
   858.000   1031.000    2.3718    2.3718    2.3718    2.3718   1.000
   838.000   1032.000    1.8917    1.8917    1.8917    1.8917   1.000
   874.000   1033.000    2.1015    2.1015    2.1015    2.1015   1.000
   879.000   1033.000    1.7677    1.7677    1.7677    1.7677   1.000
   846.000   1035.000    2.0747    2.0747    2.0747    2.0747   1.000
   851.000   1035.000    2.0530    2.0530    2.0530    2.0530   1.000
   855.000   1036.000    2.4713    2.4713    2.4713    2.4713   1.000
   842.000   1037.000    2.2041    2.2041    2.2041    2.2041   1.000
   881.000   1037.000    2.5658    2.5658    2.5658    2.5658   1.000
   860.000   1039.000    2.2394    2.2394    2.2394    2.2394   1.000
   863.000   1039.000    2.2786    2.2786    2.2786    2.2786   1.000
   887.000   1039.000    1.9786    1.9786    1.9786    1.9786   1.000
   878.000   1040.000    2.2780    2.2780    2.2780    2.2780   1.000
   837.000   1041.000    1.4324    1.4324    1.4324    1.4324   1.000
   846.000   1041.000    2.3629    2.3629    2.3629    2.3629   1.000
   882.000   1042.000    2.6847    2.6847    2.6847    2.6847   1.000
   840.000   1043.000    2.7357    2.7357    2.7357    2.7357   1.000
   850.000   1043.000   -0.0865   -0.0865   -0.0865   -0.0865   1.000
   870.000   1043.000    1.6846    1.6846    1.6846    1.6846   1.000
   859.000   1044.000    3.0194    3.0194    3.0194    3.0194   1.000
   844.000   1045.000    2.6364    2.6364    2.6364    2.6364   1.000
   867.000   1045.000    2.5039    2.5039    2.5039    2.5039   1.000
   885.000   1045.000    2.2274    2.2274    2.2274    2.2274   1.000
   877.000   1046.000    2.1579    2.1579    2.1579    2.1579   1.000
   839.000   1047.000    2.3292    2.3292    2.3292    2.3292   1.000
   850.000   1047.000    2.5657    2.5657    2.5657    2.5657   1.000
   871.000   1047.000    3.0357    3.0357    3.0357    3.0357   1.000
   855.000   1048.000    2.1651    2.1651    2.1651    2.1651   1.000
   863.000   1048.000    1.6509    1.6509    1.6509    1.6509   1.000
   883.000   1049.000    2.5168    2.5168    2.5168    2.5168   1.000
   849.000   1050.000    2.2382    2.2382    2.2382    2.2382   1.000
   889.000   1051.000    1.5230    1.5230    1.5230    1.5230   1.000
   837.000   1052.000    2.4105    2.4105    2.4105    2.4105   1.000
   841.000   1052.000    2.1949    2.1949    2.1949    2.1949   1.000
   857.000   1052.000    1.8396    1.8396    1.8396    1.8396   1.000
   861.000   1052.000    0.0912    0.0912    0.0912    0.0912   1.000
   866.000   1052.000    1.6205    1.6205    1.6205    1.6205   1.000
   872.000   1052.000    2.7407    2.7407    2.7407    2.7407   1.000
   880.000   1053.000    2.5267    2.5267    2.5267    2.5267   1.000
   884.000   1053.000    2.1617    2.1617    2.1617    2.1617   1.000
   845.000   1054.000    0.5822    0.5822    0.5822    0.5822   1.000
   852.000   1055.000    1.7731    1.7731    1.7731    1.7731   1.000
   836.000   1056.000    2.9095    2.9095    2.9095    2.9095   1.000
   871.000   1056.000    2.3845    2.3845    2.3845    2.3845   1.000
   862.000   1058.000    2.4155    2.4155    2.4155    2.4155   1.000
   842.000   1059.000    0.1011    0.1011    0.1011    0.1011   1.000
   855.000   1059.000    1.2003    1.2003    1.2003    1.2003   1.000
   890.000   1061.000    2.5915    2.5915    2.5915    2.5915   1.000
   859.000   1062.000    1.4655    1.4655    1.4655    1.4655   1.000
   849.000   1063.000    0.9769    0.9769    0.9769    0.9769   1.000
   873.000   1063.000    2.7194    2.7194    2.7194    2.7194   1.000
   839.000   1064.000    0.3207    0.3207    0.3207    0.3207   1.000
   877.000   1064.000    2.3500    2.3500    2.3500    2.3500   1.000
   890.000   1064.000    2.5760    2.5760    2.5760    2.5760   1.000
   885.000   1066.000    1.4945    1.4945    1.4945    1.4945   1.000
   844.000   1068.000    1.4685    1.4685    1.4685    1.4685   1.000
   858.000   1068.000    2.6674    2.6674    2.6674    2.6674   1.000
   864.000   1068.000    1.6291    1.6291    1.6291    1.6291   1.000
   837.000   1069.000    2.2035    2.2035    2.2035    2.2035   1.000
   853.000   1069.000    2.7467    2.7467    2.7467    2.7467   1.000
   868.000   1069.000    2.6630    2.6630    2.6630    2.6630   1.000
   873.000   1069.000    1.2787    1.2787    1.2787    1.2787   1.000
   861.000   1071.000    2.0852    2.0852    2.0852    2.0852   1.000
   878.000   1071.000    2.4126    2.4126    2.4126    2.4126   1.000
   883.000   1071.000    2.1085    2.1085    2.1085    2.1085   1.000
   890.000   1071.000    0.0523    0.0523    0.0523    0.0523   1.000
   840.000   1072.000    1.7623    1.7623    1.7623    1.7623   1.000
   876.000   1072.000    2.2499    2.2499    2.2499    2.2499   1.000
   866.000   1074.000    2.8088    2.8088    2.8088    2.8088   1.000
   875.000   1074.000    2.1523    2.1523    2.1523    2.1523   1.000
   882.000   1075.000    2.2119    2.2119    2.2119    2.2119   1.000
   836.000   1076.000    0.5672    0.5672    0.5672    0.5672   1.000
   862.000   1076.000    1.4424    1.4424    1.4424    1.4424   1.000
   879.000   1077.000    2.7000    2.7000    2.7000    2.7000   1.000
   856.000   1078.000    1.9169    1.9169    1.9169    1.9169   1.000
   891.000   1078.000    1.8635    1.8635    1.8635    1.8635   1.000
   874.000   1079.000    1.8820    1.8820    1.8820    1.8820   1.000
   837.000   1080.000    1.6129    1.6129    1.6129    1.6129   1.000
   887.000   1081.000    1.7681    1.7681    1.7681    1.7681   1.000
   858.000   1082.000    2.2239    2.2239    2.2239    2.2239   1.000
   841.000   1083.000    0.9552    0.9552    0.9552    0.9552   1.000
   879.000   1083.000    2.1312    2.1312    2.1312    2.1312   1.000
   924.000   1028.000    2.6176    2.6176    2.6176    2.6176   1.000
   927.000   1028.000    2.2581    2.2581    2.2581    2.2581   1.000
   936.000   1028.000    2.5365    2.5365    2.5365    2.5365   1.000
   916.000   1029.000    1.9397    1.9397    1.9397    1.9397   1.000
   933.000   1029.000    2.6167    2.6167    2.6167    2.6167   1.000
   952.000   1029.000   -0.1836   -0.1836   -0.1836   -0.1836   1.000
   906.000   1030.000    2.2595    2.2595    2.2595    2.2595   1.000
   944.000   1030.000    1.1321    1.1321    1.1321    1.1321   1.000
   922.000   1031.000    2.4283    2.4283    2.4283    2.4283   1.000
   912.000   1032.000    1.2634    1.2634    1.2634    1.2634   1.000
   908.000   1033.000    2.0108    2.0108    2.0108    2.0108   1.000
   940.000   1033.000    2.1762    2.1762    2.1762    2.1762   1.000
   913.000   1034.000    1.5007    1.5007    1.5007    1.5007   1.000
   930.000   1034.000    2.3254    2.3254    2.3254    2.3254   1.000
   917.000   1035.000    2.8314    2.8314    2.8314    2.8314   1.000
   904.000   1036.000    3.1128    3.1128    3.1128    3.1128   1.000
   952.000   1036.000    2.6355    2.6355    2.6355    2.6355   1.000
   911.000   1039.000    2.6260    2.6260    2.6260    2.6260   1.000
   938.000   1039.000   -0.3339   -0.3339   -0.3339   -0.3339   1.000
   948.000   1040.000    1.0441    1.0441    1.0441    1.0441   1.000
   903.000   1041.000    2.1368    2.1368    2.1368    2.1368   1.000
   925.000   1041.000    1.8437    1.8437    1.8437    1.8437   1.000
   934.000   1042.000    2.6418    2.6418    2.6418    2.6418   1.000
   911.000   1043.000    2.0679    2.0679    2.0679    2.0679   1.000
   943.000   1043.000    2.5725    2.5725    2.5725    2.5725   1.000
   901.000   1044.000    2.2175    2.2175    2.2175    2.2175   1.000
   908.000   1044.000    2.1859    2.1859    2.1859    2.1859   1.000
   919.000   1044.000    1.7483    1.7483    1.7483    1.7483   1.000
   934.000   1044.000    2.3784    2.3784    2.3784    2.3784   1.000
   940.000   1044.000    2.2969    2.2969    2.2969    2.2969   1.000
   929.000   1045.000    0.0580    0.0580    0.0580    0.0580   1.000
   904.000   1047.000    1.9626    1.9626    1.9626    1.9626   1.000
   909.000   1048.000    2.5597    2.5597    2.5597    2.5597   1.000
   945.000   1048.000    2.1825    2.1825    2.1825    2.1825   1.000
   921.000   1049.000    2.4524    2.4524    2.4524    2.4524   1.000
   913.000   1050.000    0.6522    0.6522    0.6522    0.6522   1.000
   934.000   1050.000    2.3114    2.3114    2.3114    2.3114   1.000
   925.000   1051.000    2.5922    2.5922    2.5922    2.5922   1.000
   939.000   1051.000    2.0759    2.0759    2.0759    2.0759   1.000
   942.000   1052.000    1.9116    1.9116    1.9116    1.9116   1.000
   955.000   1053.000    2.1863    2.1863    2.1863    2.1863   1.000
   901.000   1054.000    1.9546    1.9546    1.9546    1.9546   1.000
   936.000   1055.000   -0.4098   -0.4098   -0.4098   -0.4098   1.000
   945.000   1055.000    2.5983    2.5983    2.5983    2.5983   1.000
   904.000   1056.000    1.9892    1.9892    1.9892    1.9892   1.000
   925.000   1056.000    0.0195    0.0195    0.0195    0.0195   1.000
   931.000   1058.000    2.3089    2.3089    2.3089    2.3089   1.000
   923.000   1059.000    2.2236    2.2236    2.2236    2.2236   1.000
   901.000   1060.000    2.4246    2.4246    2.4246    2.4246   1.000
   950.000   1060.000    1.5913    1.5913    1.5913    1.5913   1.000
   917.000   1061.000    1.5942    1.5942    1.5942    1.5942   1.000
   933.000   1061.000    2.8907    2.8907    2.8907    2.8907   1.000
   910.000   1063.000    2.2567    2.2567    2.2567    2.2567   1.000
   902.000   1064.000    2.1663    2.1663    2.1663    2.1663   1.000
   923.000   1064.000    2.6306    2.6306    2.6306    2.6306   1.000
   907.000   1065.000    2.1528    2.1528    2.1528    2.1528   1.000
   944.000   1065.000    0.5525    0.5525    0.5525    0.5525   1.000
   950.000   1065.000    2.1707    2.1707    2.1707    2.1707   1.000
   905.000   1066.000    2.2401    2.2401    2.2401    2.2401   1.000
   914.000   1066.000    2.7805    2.7805    2.7805    2.7805   1.000
   935.000   1066.000    1.9180    1.9180    1.9180    1.9180   1.000
   930.000   1068.000    1.9462    1.9462    1.9462    1.9462   1.000
   935.000   1068.000    1.7568    1.7568    1.7568    1.7568   1.000
   924.000   1069.000    0.3232    0.3232    0.3232    0.3232   1.000
   955.000   1069.000    0.5865    0.5865    0.5865    0.5865   1.000
   938.000   1071.000    2.3021    2.3021    2.3021    2.3021   1.000
   907.000   1072.000    2.5720    2.5720    2.5720    2.5720   1.000
   943.000   1072.000    2.7029    2.7029    2.7029    2.7029   1.000
   951.000   1072.000    1.7635    1.7635    1.7635    1.7635   1.000
   931.000   1073.000    2.8972    2.8972    2.8972    2.8972   1.000
   914.000   1075.000    2.6698    2.6698    2.6698    2.6698   1.000
   908.000   1076.000    1.6287    1.6287    1.6287    1.6287   1.000
   936.000   1076.000    1.2870    1.2870    1.2870    1.2870   1.000
   902.000   1077.000    1.9607    1.9607    1.9607    1.9607   1.000
   941.000   1077.000    2.4854    2.4854    2.4854    2.4854   1.000
   923.000   1078.000    2.3281    2.3281    2.3281    2.3281   1.000
   928.000   1078.000    2.2735    2.2735    2.2735    2.2735   1.000
   912.000   1079.000    1.1030    1.1030    1.1030    1.1030   1.000
   930.000   1079.000    2.6140    2.6140    2.6140    2.6140   1.000
   950.000   1079.000    1.6801    1.6801    1.6801    1.6801   1.000
   940.000   1080.000    2.0089    2.0089    2.0089    2.0089   1.000
   921.000   1082.000    1.8025    1.8025    1.8025    1.8025   1.000
   931.000   1082.000    2.2465    2.2465    2.2465    2.2465   1.000
   942.000   1082.000    2.3195    2.3195    2.3195    2.3195   1.000
   927.000   1083.000    1.9123    1.9123    1.9123    1.9123   1.000
   947.000   1083.000    2.2026    2.2026    2.2026    2.2026   1.000
   955.000   1083.000    1.8896    1.8896    1.8896    1.8896   1.000
   965.000   1028.000    1.1151    1.1151    1.1151    1.1151   1.000
   995.000   1028.000    2.6176    2.6176    2.6176    2.6176   1.000
  1012.000   1028.000    2.0744    2.0744    2.0744    2.0744   1.000
  1005.000   1029.000    2.2148    2.2148    2.2148    2.2148   1.000
   970.000   1030.000    1.9206    1.9206    1.9206    1.9206   1.000
   979.000   1030.000    1.4446    1.4446    1.4446    1.4446   1.000
  1001.000   1030.000    2.3463    2.3463    2.3463    2.3463   1.000
   986.000   1031.000    1.9094    1.9094    1.9094    1.9094   1.000
  1011.000   1031.000    1.9161    1.9161    1.9161    1.9161   1.000
  1016.000   1031.000    2.5595    2.5595    2.5595    2.5595   1.000
   966.000   1032.000    1.4674    1.4674    1.4674    1.4674   1.000
  1007.000   1032.000    1.3993    1.3993    1.3993    1.3993   1.000
   971.000   1033.000    2.3569    2.3569    2.3569    2.3569   1.000
   997.000   1033.000    2.3312    2.3312    2.3312    2.3312   1.000
  1002.000   1033.000    2.3722    2.3722    2.3722    2.3722   1.000
   993.000   1034.000    2.1694    2.1694    2.1694    2.1694   1.000
   984.000   1035.000    2.1075    2.1075    2.1075    2.1075   1.000
  1013.000   1035.000    1.8277    1.8277    1.8277    1.8277   1.000
   969.000   1036.000    1.7657    1.7657    1.7657    1.7657   1.000
   976.000   1036.000    2.4350    2.4350    2.4350    2.4350   1.000
   989.000   1036.000    1.0924    1.0924    1.0924    1.0924   1.000
   999.000   1036.000    2.1497    2.1497    2.1497    2.1497   1.000
  1007.000   1038.000    2.4648    2.4648    2.4648    2.4648   1.000
   965.000   1039.000    1.9403    1.9403    1.9403    1.9403   1.000
   993.000   1039.000    1.8963    1.8963    1.8963    1.8963   1.000
  1003.000   1039.000    1.7973    1.7973    1.7973    1.7973   1.000
   978.000   1040.000    1.8230    1.8230    1.8230    1.8230   1.000
  1013.000   1041.000    2.4949    2.4949    2.4949    2.4949   1.000
  1017.000   1041.000    1.6966    1.6966    1.6966    1.6966   1.000
   998.000   1042.000    2.7793    2.7793    2.7793    2.7793   1.000
  1003.000   1042.000    1.9490    1.9490    1.9490    1.9490   1.000
   978.000   1043.000    1.5881    1.5881    1.5881    1.5881   1.000
   970.000   1044.000    2.1073    2.1073    2.1073    2.1073   1.000
  1010.000   1045.000    2.2202    2.2202    2.2202    2.2202   1.000
  1016.000   1045.000    2.1489    2.1489    2.1489    2.1489   1.000
   976.000   1046.000    1.7180    1.7180    1.7180    1.7180   1.000
   991.000   1046.000    2.5736    2.5736    2.5736    2.5736   1.000
  1004.000   1047.000    2.1681    2.1681    2.1681    2.1681   1.000
  1000.000   1048.000    1.8646    1.8646    1.8646    1.8646   1.000
   994.000   1049.000    2.3931    2.3931    2.3931    2.3931   1.000
  1013.000   1050.000    2.8192    2.8192    2.8192    2.8192   1.000
   988.000   1051.000    1.8868    1.8868    1.8868    1.8868   1.000
  1004.000   1051.000    2.2589    2.2589    2.2589    2.2589   1.000
  1018.000   1051.000    1.4405    1.4405    1.4405    1.4405   1.000
   978.000   1052.000    2.2341    2.2341    2.2341    2.2341   1.000
   985.000   1052.000    2.3368    2.3368    2.3368    2.3368   1.000
  1008.000   1052.000    2.7290    2.7290    2.7290    2.7290   1.000
   992.000   1053.000    1.8541    1.8541    1.8541    1.8541   1.000
  1013.000   1054.000    2.8129    2.8129    2.8129    2.8129   1.000
   970.000   1055.000    2.5402    2.5402    2.5402    2.5402   1.000
  1003.000   1055.000    1.9790    1.9790    1.9790    1.9790   1.000
   974.000   1056.000    1.2481    1.2481    1.2481    1.2481   1.000
   995.000   1056.000    2.5760    2.5760    2.5760    2.5760   1.000
  1010.000   1056.000    2.5925    2.5925    2.5925    2.5925   1.000
  1019.000   1056.000    2.1127    2.1127    2.1127    2.1127   1.000
  1005.000   1057.000    2.2285    2.2285    2.2285    2.2285   1.000
   991.000   1058.000    2.4529    2.4529    2.4529    2.4529   1.000
   969.000   1059.000    2.5971    2.5971    2.5971    2.5971   1.000
   982.000   1059.000    2.2259    2.2259    2.2259    2.2259   1.000
  1012.000   1059.000    2.4481    2.4481    2.4481    2.4481   1.000
   997.000   1060.000    0.3826    0.3826    0.3826    0.3826   1.000
  1002.000   1060.000    2.1114    2.1114    2.1114    2.1114   1.000
   965.000   1062.000    2.3267    2.3267    2.3267    2.3267   1.000
   972.000   1062.000    1.8568    1.8568    1.8568    1.8568   1.000
  1006.000   1062.000    2.8549    2.8549    2.8549    2.8549   1.000
  1016.000   1062.000    2.5899    2.5899    2.5899    2.5899   1.000
   979.000   1063.000    2.2852    2.2852    2.2852    2.2852   1.000
   988.000   1063.000    2.2883    2.2883    2.2883    2.2883   1.000
   975.000   1064.000    2.3197    2.3197    2.3197    2.3197   1.000
   983.000   1065.000    2.4831    2.4831    2.4831    2.4831   1.000
  1011.000   1067.000    1.9345    1.9345    1.9345    1.9345   1.000
  1019.000   1067.000   -0.4175   -0.4175   -0.4175   -0.4175   1.000
   982.000   1068.000    1.3768    1.3768    1.3768    1.3768   1.000
   989.000   1068.000    2.7735    2.7735    2.7735    2.7735   1.000
  1001.000   1068.000    1.6902    1.6902    1.6902    1.6902   1.000
  1006.000   1068.000    2.2960    2.2960    2.2960    2.2960   1.000
   993.000   1070.000    2.4191    2.4191    2.4191    2.4191   1.000
   979.000   1071.000    2.6731    2.6731    2.6731    2.6731   1.000
  1003.000   1071.000    2.2231    2.2231    2.2231    2.2231   1.000
   983.000   1072.000    2.4677    2.4677    2.4677    2.4677   1.000
   985.000   1072.000    2.3228    2.3228    2.3228    2.3228   1.000
  1009.000   1072.000    2.5225    2.5225    2.5225    2.5225   1.000
  1015.000   1072.000    1.5117    1.5117    1.5117    1.5117   1.000
   965.000   1073.000    1.9478    1.9478    1.9478    1.9478   1.000
   970.000   1074.000    2.4264    2.4264    2.4264    2.4264   1.000
   994.000   1074.000    2.2126    2.2126    2.2126    2.2126   1.000
  1010.000   1075.000    1.6696    1.6696    1.6696    1.6696   1.000
  1000.000   1076.000    1.4342    1.4342    1.4342    1.4342   1.000
   973.000   1077.000    2.5777    2.5777    2.5777    2.5777   1.000
   986.000   1077.000    2.4995    2.4995    2.4995    2.4995   1.000
  1017.000   1077.000    2.5090    2.5090    2.5090    2.5090   1.000
   968.000   1079.000    2.4024    2.4024    2.4024    2.4024   1.000
   975.000   1080.000    2.5095    2.5095    2.5095    2.5095   1.000
   980.000   1080.000   -0.5087   -0.5087   -0.5087   -0.5087   1.000
  1011.000   1080.000    1.9372    1.9372    1.9372    1.9372   1.000
   990.000   1081.000    1.7933    1.7933    1.7933    1.7933   1.000
  1004.000   1081.000   -0.9846   -0.9846   -0.9846   -0.9846   1.000
   964.000   1082.000    2.3979    2.3979    2.3979    2.3979   1.000
   996.000   1082.000    1.9459    1.9459    1.9459    1.9459   1.000
  1014.000   1082.000    1.9508    1.9508    1.9508    1.9508   1.000
  1018.000   1082.000    2.2520    2.2520    2.2520    2.2520   1.000
  1045.000   1028.000    1.5971    1.5971    1.5971    1.5971   1.000
  1032.000   1029.000    2.2776    2.2776    2.2776    2.2776   1.000
  1037.000   1029.000   -0.0498   -0.0498   -0.0498   -0.0498   1.000
  1079.000   1029.000    2.4232    2.4232    2.4232    2.4232   1.000
  1028.000   1030.000    2.6745    2.6745    2.6745    2.6745   1.000
  1072.000   1030.000    1.5183    1.5183    1.5183    1.5183   1.000
  1058.000   1031.000    1.8763    1.8763    1.8763    1.8763   1.000
  1049.000   1032.000    1.9503    1.9503    1.9503    1.9503   1.000
  1076.000   1032.000    2.5557    2.5557    2.5557    2.5557   1.000
  1035.000   1033.000    2.1383    2.1383    2.1383    2.1383   1.000
  1046.000   1034.000    2.5404    2.5404    2.5404    2.5404   1.000
  1053.000   1034.000    2.2237    2.2237    2.2237    2.2237   1.000
  1063.000   1034.000    1.8314    1.8314    1.8314    1.8314   1.000
  1067.000   1034.000    2.6981    2.6981    2.6981    2.6981   1.000
  1028.000   1035.000    2.4220    2.4220    2.4220    2.4220   1.000
  1060.000   1036.000    1.9614    1.9614    1.9614    1.9614   1.000
  1073.000   1036.000    1.3971    1.3971    1.3971    1.3971   1.000
  1033.000   1037.000    2.2400    2.2400    2.2400    2.2400   1.000
  1038.000   1037.000    1.9328    1.9328    1.9328    1.9328   1.000
  1049.000   1038.000    1.9583    1.9583    1.9583    1.9583   1.000
  1057.000   1038.000    0.6092    0.6092    0.6092    0.6092   1.000
  1065.000   1038.000    2.5827    2.5827    2.5827    2.5827   1.000
  1070.000   1039.000    0.3942    0.3942    0.3942    0.3942   1.000
  1028.000   1040.000    2.7177    2.7177    2.7177    2.7177   1.000
  1062.000   1041.000    1.2380    1.2380    1.2380    1.2380   1.000
  1079.000   1041.000    2.6621    2.6621    2.6621    2.6621   1.000
  1034.000   1042.000    1.5059    1.5059    1.5059    1.5059   1.000
  1048.000   1042.000    0.4791    0.4791    0.4791    0.4791   1.000
  1043.000   1043.000    2.1051    2.1051    2.1051    2.1051   1.000
  1070.000   1043.000    2.0034    2.0034    2.0034    2.0034   1.000
  1037.000   1044.000    2.2890    2.2890    2.2890    2.2890   1.000
  1075.000   1045.000    2.1965    2.1965    2.1965    2.1965   1.000
  1083.000   1045.000    2.2827    2.2827    2.2827    2.2827   1.000
  1033.000   1047.000    2.2606    2.2606    2.2606    2.2606   1.000
  1060.000   1047.000    1.4743    1.4743    1.4743    1.4743   1.000
  1049.000   1048.000    2.3546    2.3546    2.3546    2.3546   1.000
  1058.000   1048.000    1.7207    1.7207    1.7207    1.7207   1.000
  1075.000   1048.000    2.0914    2.0914    2.0914    2.0914   1.000
  1068.000   1049.000    2.2232    2.2232    2.2232    2.2232   1.000
  1035.000   1050.000    1.9268    1.9268    1.9268    1.9268   1.000
  1029.000   1051.000    1.2759    1.2759    1.2759    1.2759   1.000
  1052.000   1052.000    0.1074    0.1074    0.1074    0.1074   1.000
  1047.000   1053.000    2.4615    2.4615    2.4615    2.4615   1.000
  1055.000   1054.000    2.3622    2.3622    2.3622    2.3622   1.000
  1065.000   1054.000    1.8517    1.8517    1.8517    1.8517   1.000
  1069.000   1054.000    2.6473    2.6473    2.6473    2.6473   1.000
  1063.000   1055.000    1.5651    1.5651    1.5651    1.5651   1.000
  1039.000   1056.000    2.0251    2.0251    2.0251    2.0251   1.000
  1080.000   1056.000    1.9461    1.9461    1.9461    1.9461   1.000
  1057.000   1057.000    1.7404    1.7404    1.7404    1.7404   1.000
  1068.000   1057.000    2.2349    2.2349    2.2349    2.2349   1.000
  1073.000   1057.000    2.4915    2.4915    2.4915    2.4915   1.000
  1048.000   1058.000    1.8307    1.8307    1.8307    1.8307   1.000
  1052.000   1058.000    2.1090    2.1090    2.1090    2.1090   1.000
  1077.000   1058.000    2.3879    2.3879    2.3879    2.3879   1.000
  1079.000   1061.000    2.0439    2.0439    2.0439    2.0439   1.000
  1034.000   1062.000    1.5720    1.5720    1.5720    1.5720   1.000
  1042.000   1062.000    1.3976    1.3976    1.3976    1.3976   1.000
  1055.000   1062.000   -0.3336   -0.3336   -0.3336   -0.3336   1.000
  1065.000   1063.000    2.4108    2.4108    2.4108    2.4108   1.000
  1070.000   1063.000    1.5792    1.5792    1.5792    1.5792   1.000
  1029.000   1064.000    2.0019    2.0019    2.0019    2.0019   1.000
  1059.000   1064.000    1.9524    1.9524    1.9524    1.9524   1.000
  1050.000   1065.000    2.2536    2.2536    2.2536    2.2536   1.000
  1081.000   1065.000    0.7115    0.7115    0.7115    0.7115   1.000
  1037.000   1067.000    2.0757    2.0757    2.0757    2.0757   1.000
  1041.000   1067.000    2.6873    2.6873    2.6873    2.6873   1.000
  1078.000   1067.000    1.2667    1.2667    1.2667    1.2667   1.000
  1045.000   1068.000   -0.6291   -0.6291   -0.6291   -0.6291   1.000
  1028.000   1069.000    2.2381    2.2381    2.2381    2.2381   1.000
  1054.000   1069.000    2.4245    2.4245    2.4245    2.4245   1.000
  1070.000   1070.000    2.8810    2.8810    2.8810    2.8810   1.000
  1041.000   1071.000    2.4986    2.4986    2.4986    2.4986   1.000
  1081.000   1071.000    2.3517    2.3517    2.3517    2.3517   1.000
  1059.000   1072.000    0.5760    0.5760    0.5760    0.5760   1.000
  1075.000   1072.000    2.4674    2.4674    2.4674    2.4674   1.000
  1036.000   1074.000   -0.3876   -0.3876   -0.3876   -0.3876   1.000
  1032.000   1075.000   -0.5650   -0.5650   -0.5650   -0.5650   1.000
  1045.000   1075.000   -0.7932   -0.7932   -0.7932   -0.7932   1.000
  1077.000   1075.000    2.3706    2.3706    2.3706    2.3706   1.000
  1070.000   1077.000    0.7012    0.7012    0.7012    0.7012   1.000
  1081.000   1077.000    2.3452    2.3452    2.3452    2.3452   1.000
  1056.000   1078.000    2.7661    2.7661    2.7661    2.7661   1.000
  1076.000   1078.000    1.5755    1.5755    1.5755    1.5755   1.000
  1034.000   1079.000    2.3822    2.3822    2.3822    2.3822   1.000
  1030.000   1080.000   -0.5324   -0.5324   -0.5324   -0.5324   1.000
  1050.000   1080.000    2.8005    2.8005    2.8005    2.8005   1.000
  1039.000   1082.000    2.5570    2.5570    2.5570    2.5570   1.000
  1055.000   1082.000    2.2073    2.2073    2.2073    2.2073   1.000
  1061.000   1082.000    2.9232    2.9232    2.9232    2.9232   1.000
  1068.000   1083.000    2.5091    2.5091    2.5091    2.5091   1.000
  1082.000   1083.000   -0.3828   -0.3828   -0.3828   -0.3828   1.000
  1118.000   1028.000    0.7110    0.7110    0.7110    0.7110   1.000
  1102.000   1029.000    1.9268    1.9268    1.9268    1.9268   1.000
  1125.000   1029.000    1.7895    1.7895    1.7895    1.7895   1.000
  1130.000   1029.000    1.8197    1.8197    1.8197    1.8197   1.000
  1140.000   1029.000    1.6722    1.6722    1.6722    1.6722   1.000
  1145.000   1029.000    0.6027    0.6027    0.6027    0.6027   1.000
  1110.000   1031.000    2.8453    2.8453    2.8453    2.8453   1.000
  1098.000   1032.000    2.8373    2.8373    2.8373    2.8373   1.000
  1105.000   1032.000    2.0937    2.0937    2.0937    2.0937   1.000
  1139.000   1033.000    2.4349    2.4349    2.4349    2.4349   1.000
  1120.000   1034.000    2.6148    2.6148    2.6148    2.6148   1.000
  1134.000   1034.000    2.7101    2.7101    2.7101    2.7101   1.000
  1101.000   1035.000    2.9757    2.9757    2.9757    2.9757   1.000
  1115.000   1035.000    1.8679    1.8679    1.8679    1.8679   1.000
  1143.000   1035.000   -0.8782   -0.8782   -0.8782   -0.8782   1.000
  1107.000   1036.000    2.1592    2.1592    2.1592    2.1592   1.000
  1112.000   1036.000    1.7147    1.7147    1.7147    1.7147   1.000
  1123.000   1036.000   -0.6410   -0.6410   -0.6410   -0.6410   1.000
  1128.000   1037.000    1.4438    1.4438    1.4438    1.4438   1.000
  1092.000   1039.000   -0.0131   -0.0131   -0.0131   -0.0131   1.000
  1103.000   1039.000    1.2426    1.2426    1.2426    1.2426   1.000
  1120.000   1039.000    0.4796    0.4796    0.4796    0.4796   1.000
  1097.000   1040.000    1.8137    1.8137    1.8137    1.8137   1.000
  1134.000   1041.000    1.6716    1.6716    1.6716    1.6716   1.000
  1144.000   1041.000    2.3819    2.3819    2.3819    2.3819   1.000
  1093.000   1043.000    1.7983    1.7983    1.7983    1.7983   1.000
  1107.000   1043.000    2.3483    2.3483    2.3483    2.3483   1.000
  1103.000   1044.000    2.1882    2.1882    2.1882    2.1882   1.000
  1113.000   1044.000    0.3539    0.3539    0.3539    0.3539   1.000
  1138.000   1044.000    1.7196    1.7196    1.7196    1.7196   1.000
  1117.000   1045.000    3.0216    3.0216    3.0216    3.0216   1.000
  1097.000   1047.000    2.5347    2.5347    2.5347    2.5347   1.000
  1121.000   1047.000    0.9362    0.9362    0.9362    0.9362   1.000
  1144.000   1047.000    2.0214    2.0214    2.0214    2.0214   1.000
  1147.000   1048.000    2.1746    2.1746    2.1746    2.1746   1.000
  1124.000   1049.000    1.9577    1.9577    1.9577    1.9577   1.000
  1132.000   1049.000    2.4464    2.4464    2.4464    2.4464   1.000
  1099.000   1050.000    2.9072    2.9072    2.9072    2.9072   1.000
  1104.000   1050.000   -0.5377   -0.5377   -0.5377   -0.5377   1.000
  1111.000   1050.000    1.8603    1.8603    1.8603    1.8603   1.000
  1117.000   1050.000    1.7259    1.7259    1.7259    1.7259   1.000
  1128.000   1050.000    1.9265    1.9265    1.9265    1.9265   1.000
  1140.000   1050.000    2.0096    2.0096    2.0096    2.0096   1.000
  1094.000   1051.000    2.1034    2.1034    2.1034    2.1034   1.000
  1119.000   1051.000    1.5368    1.5368    1.5368    1.5368   1.000
  1147.000   1051.000    1.4088    1.4088    1.4088    1.4088   1.000
  1111.000   1052.000    1.9688    1.9688    1.9688    1.9688   1.000
  1134.000   1053.000    1.6328    1.6328    1.6328    1.6328   1.000
  1098.000   1054.000    2.1413    2.1413    2.1413    2.1413   1.000
  1128.000   1055.000   -0.6634   -0.6634   -0.6634   -0.6634   1.000
  1110.000   1056.000    1.8417    1.8417    1.8417    1.8417   1.000
  1137.000   1056.000    1.5189    1.5189    1.5189    1.5189   1.000
  1143.000   1057.000    2.6147    2.6147    2.6147    2.6147   1.000
  1093.000   1059.000    1.5043    1.5043    1.5043    1.5043   1.000
  1101.000   1059.000   -0.4078   -0.4078   -0.4078   -0.4078   1.000
  1120.000   1059.000    1.8655    1.8655    1.8655    1.8655   1.000
  1125.000   1060.000    2.0870    2.0870    2.0870    2.0870   1.000
  1138.000   1060.000    2.2286    2.2286    2.2286    2.2286   1.000
  1146.000   1061.000    1.9351    1.9351    1.9351    1.9351   1.000
  1109.000   1062.000    2.3730    2.3730    2.3730    2.3730   1.000
  1114.000   1062.000    0.4619    0.4619    0.4619    0.4619   1.000
  1129.000   1063.000    2.0767    2.0767    2.0767    2.0767   1.000
  1138.000   1065.000    1.9094    1.9094    1.9094    1.9094   1.000
  1095.000   1066.000    1.6741    1.6741    1.6741    1.6741   1.000
  1098.000   1066.000    1.6154    1.6154    1.6154    1.6154   1.000
  1101.000   1066.000    2.2530    2.2530    2.2530    2.2530   1.000
  1142.000   1066.000    1.9201    1.9201    1.9201    1.9201   1.000
  1114.000   1067.000    0.6684    0.6684    0.6684    0.6684   1.000
  1124.000   1067.000    1.9072    1.9072    1.9072    1.9072   1.000
  1132.000   1068.000    1.4014    1.4014    1.4014    1.4014   1.000
  1144.000   1068.000    1.8259    1.8259    1.8259    1.8259   1.000
  1104.000   1069.000    2.4345    2.4345    2.4345    2.4345   1.000
  1095.000   1071.000    3.0277    3.0277    3.0277    3.0277   1.000
  1144.000   1071.000    2.1245    2.1245    2.1245    2.1245   1.000
  1134.000   1072.000    1.8685    1.8685    1.8685    1.8685   1.000
  1112.000   1073.000    2.1334    2.1334    2.1334    2.1334   1.000
  1147.000   1073.000    2.0765    2.0765    2.0765    2.0765   1.000
  1105.000   1074.000    1.7657    1.7657    1.7657    1.7657   1.000
  1099.000   1075.000    1.3908    1.3908    1.3908    1.3908   1.000
  1128.000   1075.000    2.5756    2.5756    2.5756    2.5756   1.000
  1095.000   1076.000    0.7342    0.7342    0.7342    0.7342   1.000
  1122.000   1076.000    1.5521    1.5521    1.5521    1.5521   1.000
  1110.000   1077.000    0.8810    0.8810    0.8810    0.8810   1.000
  1115.000   1078.000    2.3606    2.3606    2.3606    2.3606   1.000
  1142.000   1078.000    2.4826    2.4826    2.4826    2.4826   1.000
  1124.000   1080.000    1.8864    1.8864    1.8864    1.8864   1.000
  1129.000   1080.000   -1.1156   -1.1156   -1.1156   -1.1156   1.000
  1138.000   1080.000    0.8302    0.8302    0.8302    0.8302   1.000
  1143.000   1080.000    1.9247    1.9247    1.9247    1.9247   1.000
  1118.000   1081.000    1.7554    1.7554    1.7554    1.7554   1.000
  1133.000   1081.000    1.6558    1.6558    1.6558    1.6558   1.000
  1109.000   1082.000    0.9190    0.9190    0.9190    0.9190   1.000
  1092.000   1083.000    2.3184    2.3184    2.3184    2.3184   1.000
  1204.000   1028.000    1.8729    1.8729    1.8729    1.8729   1.000
  1166.000   1029.000    2.5725    2.5725    2.5725    2.5725   1.000
  1174.000   1029.000    2.1189    2.1189    2.1189    2.1189   1.000
  1181.000   1029.000    1.9391    1.9391    1.9391    1.9391   1.000
  1192.000   1030.000    2.6340    2.6340    2.6340    2.6340   1.000
  1156.000   1031.000    2.8296    2.8296    2.8296    2.8296   1.000
  1196.000   1032.000    2.4866    2.4866    2.4866    2.4866   1.000
  1163.000   1033.000    2.6915    2.6915    2.6915    2.6915   1.000
  1189.000   1033.000    1.7032    1.7032    1.7032    1.7032   1.000
  1201.000   1034.000    2.2356    2.2356    2.2356    2.2356   1.000
  1167.000   1035.000    2.6724    2.6724    2.6724    2.6724   1.000
  1172.000   1035.000    2.5086    2.5086    2.5086    2.5086   1.000
  1206.000   1035.000    1.7887    1.7887    1.7887    1.7887   1.000
  1158.000   1037.000    2.5834    2.5834    2.5834    2.5834   1.000
  1186.000   1037.000    2.6365    2.6365    2.6365    2.6365   1.000
  1197.000   1037.000    0.9059    0.9059    0.9059    0.9059   1.000
  1181.000   1038.000    2.1302    2.1302    2.1302    2.1302   1.000
  1209.000   1039.000    0.0124    0.0124    0.0124    0.0124   1.000
  1177.000   1040.000    1.5756    1.5756    1.5756    1.5756   1.000
  1190.000   1040.000    2.0861    2.0861    2.0861    2.0861   1.000
  1196.000   1040.000    2.2091    2.2091    2.2091    2.2091   1.000
  1160.000   1041.000    2.7449    2.7449    2.7449    2.7449   1.000
  1204.000   1041.000    1.0636    1.0636    1.0636    1.0636   1.000
  1164.000   1042.000    1.8496    1.8496    1.8496    1.8496   1.000
  1171.000   1042.000    2.4083    2.4083    2.4083    2.4083   1.000
  1184.000   1043.000    1.7132    1.7132    1.7132    1.7132   1.000
  1180.000   1044.000    1.3493    1.3493    1.3493    1.3493   1.000
  1199.000   1044.000    1.2379    1.2379    1.2379    1.2379   1.000
  1157.000   1045.000    2.5062    2.5062    2.5062    2.5062   1.000
  1162.000   1045.000    2.4195    2.4195    2.4195    2.4195   1.000
  1174.000   1045.000    2.1666    2.1666    2.1666    2.1666   1.000
  1207.000   1045.000    2.3386    2.3386    2.3386    2.3386   1.000
  1193.000   1046.000    1.8772    1.8772    1.8772    1.8772   1.000
  1177.000   1048.000    2.4489    2.4489    2.4489    2.4489   1.000
  1188.000   1048.000    1.8222    1.8222    1.8222    1.8222   1.000
  1194.000   1048.000    1.9323    1.9323    1.9323    1.9323   1.000
  1207.000   1048.000    2.3520    2.3520    2.3520    2.3520   1.000
  1166.000   1049.000    0.7998    0.7998    0.7998    0.7998   1.000
  1158.000   1050.000    2.0512    2.0512    2.0512    2.0512   1.000
  1184.000   1050.000    2.1063    2.1063    2.1063    2.1063   1.000
  1173.000   1051.000    2.0234    2.0234    2.0234    2.0234   1.000
  1210.000   1051.000   -0.7206   -0.7206   -0.7206   -0.7206   1.000
  1182.000   1052.000    1.6810    1.6810    1.6810    1.6810   1.000
  1200.000   1052.000    1.4209    1.4209    1.4209    1.4209   1.000
  1205.000   1052.000    2.4382    2.4382    2.4382    2.4382   1.000
  1162.000   1053.000   -0.1580   -0.1580   -0.1580   -0.1580   1.000
  1169.000   1053.000    1.9652    1.9652    1.9652    1.9652   1.000
  1178.000   1053.000    2.2536    2.2536    2.2536    2.2536   1.000
  1195.000   1054.000    2.1704    2.1704    2.1704    2.1704   1.000
  1159.000   1055.000    2.5705    2.5705    2.5705    2.5705   1.000
  1178.000   1055.000    2.0645    2.0645    2.0645    2.0645   1.000
  1190.000   1055.000    1.9415    1.9415    1.9415    1.9415   1.000
  1195.000   1057.000    2.5703    2.5703    2.5703    2.5703   1.000
  1183.000   1058.000    1.3886    1.3886    1.3886    1.3886   1.000
  1162.000   1059.000    1.2506    1.2506    1.2506    1.2506   1.000
  1198.000   1059.000    1.7959    1.7959    1.7959    1.7959   1.000
  1167.000   1060.000    2.7214    2.7214    2.7214    2.7214   1.000
  1176.000   1061.000    2.3698    2.3698    2.3698    2.3698   1.000
  1172.000   1062.000    0.3453    0.3453    0.3453    0.3453   1.000
  1207.000   1062.000    2.8154    2.8154    2.8154    2.8154   1.000
  1184.000   1063.000   -0.4138   -0.4138   -0.4138   -0.4138   1.000
  1163.000   1064.000    1.7334    1.7334    1.7334    1.7334   1.000
  1194.000   1064.000    2.3462    2.3462    2.3462    2.3462   1.000
  1198.000   1064.000    2.0177    2.0177    2.0177    2.0177   1.000
  1204.000   1064.000    1.9678    1.9678    1.9678    1.9678   1.000
  1159.000   1065.000    1.6893    1.6893    1.6893    1.6893   1.000
  1167.000   1065.000    1.9137    1.9137    1.9137    1.9137   1.000
  1176.000   1067.000    2.0666    2.0666    2.0666    2.0666   1.000
  1204.000   1068.000    2.1082    2.1082    2.1082    2.1082   1.000
  1209.000   1068.000    2.2358    2.2358    2.2358    2.2358   1.000
  1189.000   1069.000    1.8526    1.8526    1.8526    1.8526   1.000
  1171.000   1070.000    2.3613    2.3613    2.3613    2.3613   1.000
  1176.000   1070.000    0.7372    0.7372    0.7372    0.7372   1.000
  1183.000   1070.000    2.9181    2.9181    2.9181    2.9181   1.000
  1158.000   1071.000    1.8739    1.8739    1.8739    1.8739   1.000
  1168.000   1071.000    1.1976    1.1976    1.1976    1.1976   1.000
  1192.000   1073.000    2.6309    2.6309    2.6309    2.6309   1.000
  1205.000   1073.000    1.9429    1.9429    1.9429    1.9429   1.000
  1170.000   1074.000    2.0416    2.0416    2.0416    2.0416   1.000
  1179.000   1074.000    1.9281    1.9281    1.9281    1.9281   1.000
  1185.000   1074.000    1.8075    1.8075    1.8075    1.8075   1.000
  1201.000   1074.000    2.3296    2.3296    2.3296    2.3296   1.000
  1189.000   1075.000    2.9399    2.9399    2.9399    2.9399   1.000
  1195.000   1075.000    2.4244    2.4244    2.4244    2.4244   1.000
  1175.000   1076.000    2.2866    2.2866    2.2866    2.2866   1.000
  1163.000   1077.000    1.8802    1.8802    1.8802    1.8802   1.000
  1158.000   1078.000    1.5500    1.5500    1.5500    1.5500   1.000
  1181.000   1078.000    2.3644    2.3644    2.3644    2.3644   1.000
  1198.000   1078.000    2.0899    2.0899    2.0899    2.0899   1.000
  1177.000   1079.000    1.9212    1.9212    1.9212    1.9212   1.000
  1185.000   1079.000    3.2952    3.2952    3.2952    3.2952   1.000
  1206.000   1079.000    2.8565    2.8565    2.8565    2.8565   1.000
  1191.000   1080.000    2.0731    2.0731    2.0731    2.0731   1.000
  1168.000   1082.000    2.7676    2.7676    2.7676    2.7676   1.000
  1179.000   1082.000    1.9824    1.9824    1.9824    1.9824   1.000
  1174.000   1083.000    2.0780    2.0780    2.0780    2.0780   1.000
  1187.000   1083.000    1.5791    1.5791    1.5791    1.5791   1.000
  1197.000   1083.000    2.2655    2.2655    2.2655    2.2655   1.000
  1221.000   1029.000    1.8377    1.8377    1.8377    1.8377   1.000
  1233.000   1029.000    0.9194    0.9194    0.9194    0.9194   1.000
  1227.000   1030.000    1.3496    1.3496    1.3496    1.3496   1.000
  1260.000   1030.000    2.0522    2.0522    2.0522    2.0522   1.000
  1225.000   1032.000    1.4067    1.4067    1.4067    1.4067   1.000
  1247.000   1032.000    2.8300    2.8300    2.8300    2.8300   1.000
  1251.000   1032.000    2.5956    2.5956    2.5956    2.5956   1.000
  1256.000   1032.000    2.5961    2.5961    2.5961    2.5961   1.000
  1274.000   1032.000    1.7468    1.7468    1.7468    1.7468   1.000
  1269.000   1033.000    1.8772    1.8772    1.8772    1.8772   1.000
  1232.000   1034.000    2.4783    2.4783    2.4783    2.4783   1.000
  1240.000   1036.000    1.9809    1.9809    1.9809    1.9809   1.000
  1248.000   1037.000    1.5396    1.5396    1.5396    1.5396   1.000
  1244.000   1038.000    2.1970    2.1970    2.1970    2.1970   1.000
  1251.000   1038.000    2.7525    2.7525    2.7525    2.7525   1.000
  1256.000   1038.000    2.7091    2.7091    2.7091    2.7091   1.000
  1271.000   1038.000    1.8975    1.8975    1.8975    1.8975   1.000
  1234.000   1040.000    2.0540    2.0540    2.0540    2.0540   1.000
  1241.000   1040.000    3.0702    3.0702    3.0702    3.0702   1.000
  1262.000   1041.000    1.8669    1.8669    1.8669    1.8669   1.000
  1220.000   1042.000    2.3440    2.3440    2.3440    2.3440   1.000
  1257.000   1042.000    2.8151    2.8151    2.8151    2.8151   1.000
  1265.000   1042.000    2.2815    2.2815    2.2815    2.2815   1.000
  1220.000   1044.000    2.7344    2.7344    2.7344    2.7344   1.000
  1240.000   1044.000    1.9883    1.9883    1.9883    1.9883   1.000
  1270.000   1044.000    0.7581    0.7581    0.7581    0.7581   1.000
  1231.000   1045.000   -0.4253   -0.4253   -0.4253   -0.4253   1.000
  1248.000   1045.000    1.1819    1.1819    1.1819    1.1819   1.000
  1225.000   1046.000   -0.8649   -0.8649   -0.8649   -0.8649   1.000
  1244.000   1046.000    2.5492    2.5492    2.5492    2.5492   1.000
  1254.000   1046.000    1.5548    1.5548    1.5548    1.5548   1.000
  1261.000   1047.000    1.2023    1.2023    1.2023    1.2023   1.000
  1239.000   1048.000    2.3911    2.3911    2.3911    2.3911   1.000
  1228.000   1049.000    2.5341    2.5341    2.5341    2.5341   1.000
  1253.000   1049.000    2.1167    2.1167    2.1167    2.1167   1.000
  1275.000   1050.000    1.5610    1.5610    1.5610    1.5610   1.000
  1233.000   1051.000    1.8851    1.8851    1.8851    1.8851   1.000
  1264.000   1051.000    2.4559    2.4559    2.4559    2.4559   1.000
  1269.000   1051.000    2.4750    2.4750    2.4750    2.4750   1.000
  1248.000   1052.000    0.5867    0.5867    0.5867    0.5867   1.000
  1222.000   1053.000    0.6605    0.6605    0.6605    0.6605   1.000
  1237.000   1053.000    2.6125    2.6125    2.6125    2.6125   1.000
  1242.000   1053.000    1.2698    1.2698    1.2698    1.2698   1.000
  1258.000   1053.000    1.9189    1.9189    1.9189    1.9189   1.000
  1228.000   1054.000    1.4850    1.4850    1.4850    1.4850   1.000
  1255.000   1056.000    2.2589    2.2589    2.2589    2.2589   1.000
  1235.000   1057.000    1.8450    1.8450    1.8450    1.8450   1.000
  1265.000   1057.000    2.4248    2.4248    2.4248    2.4248   1.000
  1268.000   1057.000    2.4646    2.4646    2.4646    2.4646   1.000
  1241.000   1058.000    1.4338    1.4338    1.4338    1.4338   1.000
  1273.000   1059.000    1.4097    1.4097    1.4097    1.4097   1.000
  1232.000   1060.000    2.4217    2.4217    2.4217    2.4217   1.000
  1259.000   1060.000    1.0816    1.0816    1.0816    1.0816   1.000
  1223.000   1062.000    2.5037    2.5037    2.5037    2.5037   1.000
  1267.000   1062.000    1.9166    1.9166    1.9166    1.9166   1.000
  1275.000   1062.000    1.8344    1.8344    1.8344    1.8344   1.000
  1230.000   1065.000    1.9723    1.9723    1.9723    1.9723   1.000
  1238.000   1065.000    1.8858    1.8858    1.8858    1.8858   1.000
  1243.000   1065.000    2.7756    2.7756    2.7756    2.7756   1.000
  1272.000   1065.000    1.7250    1.7250    1.7250    1.7250   1.000
  1220.000   1066.000    2.6499    2.6499    2.6499    2.6499   1.000
  1233.000   1067.000    2.0609    2.0609    2.0609    2.0609   1.000
  1245.000   1067.000    2.7289    2.7289    2.7289    2.7289   1.000
  1257.000   1067.000    2.4686    2.4686    2.4686    2.4686   1.000
  1261.000   1068.000    2.1778    2.1778    2.1778    2.1778   1.000
  1227.000   1069.000    1.7181    1.7181    1.7181    1.7181   1.000
  1232.000   1070.000    2.4941    2.4941    2.4941    2.4941   1.000
  1236.000   1070.000    1.8769    1.8769    1.8769    1.8769   1.000
  1239.000   1070.000    2.1176    2.1176    2.1176    2.1176   1.000
  1273.000   1071.000    1.4687    1.4687    1.4687    1.4687   1.000
  1246.000   1072.000    1.7955    1.7955    1.7955    1.7955   1.000
  1263.000   1072.000    0.3449    0.3449    0.3449    0.3449   1.000
  1254.000   1073.000    2.4170    2.4170    2.4170    2.4170   1.000
  1267.000   1073.000    2.4520    2.4520    2.4520    2.4520   1.000
  1232.000   1074.000    2.3079    2.3079    2.3079    2.3079   1.000
  1250.000   1074.000    2.8161    2.8161    2.8161    2.8161   1.000
  1239.000   1075.000    2.5532    2.5532    2.5532    2.5532   1.000
  1270.000   1075.000    2.6300    2.6300    2.6300    2.6300   1.000
  1222.000   1076.000    2.3325    2.3325    2.3325    2.3325   1.000
  1274.000   1076.000    1.4778    1.4778    1.4778    1.4778   1.000
  1244.000   1077.000    2.2997    2.2997    2.2997    2.2997   1.000
  1253.000   1077.000    2.1205    2.1205    2.1205    2.1205   1.000
  1260.000   1077.000    2.3076    2.3076    2.3076    2.3076   1.000
  1265.000   1077.000    0.4135    0.4135    0.4135    0.4135   1.000
  1226.000   1078.000    2.2188    2.2188    2.2188    2.2188   1.000
  1238.000   1079.000    0.5328    0.5328    0.5328    0.5328   1.000
  1248.000   1079.000    3.2445    3.2445    3.2445    3.2445   1.000
  1273.000   1080.000    1.9892    1.9892    1.9892    1.9892   1.000
  1259.000   1082.000    2.5487    2.5487    2.5487    2.5487   1.000
  1263.000   1082.000    2.2010    2.2010    2.2010    2.2010   1.000
   772.000   1094.000    2.2967    2.2967    2.2967    2.2967   1.000
   788.000   1094.000    2.5674    2.5674    2.5674    2.5674   1.000
   810.000   1094.000    2.3226    2.3226    2.3226    2.3226   1.000
   785.000   1095.000    2.6707    2.6707    2.6707    2.6707   1.000
   805.000   1095.000    2.3110    2.3110    2.3110    2.3110   1.000
   794.000   1096.000    1.7217    1.7217    1.7217    1.7217   1.000
   788.000   1098.000    1.6284    1.6284    1.6284    1.6284   1.000
   801.000   1098.000    2.2693    2.2693    2.2693    2.2693   1.000
   825.000   1098.000    2.2003    2.2003    2.2003    2.2003   1.000
   780.000   1099.000    2.1753    2.1753    2.1753    2.1753   1.000
   773.000   1100.000    1.8060    1.8060    1.8060    1.8060   1.000
   811.000   1100.000   -0.5861   -0.5861   -0.5861   -0.5861   1.000
   805.000   1102.000    2.1179    2.1179    2.1179    2.1179   1.000
   823.000   1102.000    2.5428    2.5428    2.5428    2.5428   1.000
   804.000   1104.000    1.7549    1.7549    1.7549    1.7549   1.000
   818.000   1104.000    1.9598    1.9598    1.9598    1.9598   1.000
   773.000   1105.000    1.7944    1.7944    1.7944    1.7944   1.000
   781.000   1105.000    2.0255    2.0255    2.0255    2.0255   1.000
   786.000   1105.000    2.4748    2.4748    2.4748    2.4748   1.000
   813.000   1105.000    2.4100    2.4100    2.4100    2.4100   1.000
   795.000   1106.000    1.8806    1.8806    1.8806    1.8806   1.000
   809.000   1106.000    2.8324    2.8324    2.8324    2.8324   1.000
   778.000   1108.000    2.7078    2.7078    2.7078    2.7078   1.000
   821.000   1108.000    2.8367    2.8367    2.8367    2.8367   1.000
   826.000   1108.000    1.4534    1.4534    1.4534    1.4534   1.000
   817.000   1109.000    1.5422    1.5422    1.5422    1.5422   1.000
   781.000   1110.000    2.3520    2.3520    2.3520    2.3520   1.000
   799.000   1110.000    2.3523    2.3523    2.3523    2.3523   1.000
   785.000   1111.000    2.6908    2.6908    2.6908    2.6908   1.000
   804.000   1111.000    0.8782    0.8782    0.8782    0.8782   1.000
   811.000   1111.000    1.3222    1.3222    1.3222    1.3222   1.000
   816.000   1111.000    1.6853    1.6853    1.6853    1.6853   1.000
   775.000   1112.000    1.9965    1.9965    1.9965    1.9965   1.000
   826.000   1113.000   -0.3439   -0.3439   -0.3439   -0.3439   1.000
   780.000   1114.000    2.2096    2.2096    2.2096    2.2096   1.000
   788.000   1114.000    3.1506    3.1506    3.1506    3.1506   1.000
   820.000   1114.000    0.5457    0.5457    0.5457    0.5457   1.000
   802.000   1115.000    1.1942    1.1942    1.1942    1.1942   1.000
   808.000   1117.000   -0.1233   -0.1233   -0.1233   -0.1233   1.000
   789.000   1119.000    2.9505    2.9505    2.9505    2.9505   1.000
   824.000   1119.000    1.7082    1.7082    1.7082    1.7082   1.000
   777.000   1121.000    0.3514    0.3514    0.3514    0.3514   1.000
   797.000   1121.000    1.6819    1.6819    1.6819    1.6819   1.000
   813.000   1121.000    2.1572    2.1572    2.1572    2.1572   1.000
   818.000   1121.000    2.0773    2.0773    2.0773    2.0773   1.000
   773.000   1122.000    3.1557    3.1557    3.1557    3.1557   1.000
   802.000   1122.000    1.3969    1.3969    1.3969    1.3969   1.000
   808.000   1122.000    2.2372    2.2372    2.2372    2.2372   1.000
   780.000   1124.000    1.5054    1.5054    1.5054    1.5054   1.000
   790.000   1124.000    2.1260    2.1260    2.1260    2.1260   1.000
   792.000   1124.000    2.2899    2.2899    2.2899    2.2899   1.000
   827.000   1124.000    2.0364    2.0364    2.0364    2.0364   1.000
   796.000   1125.000    1.9852    1.9852    1.9852    1.9852   1.000
   816.000   1125.000    2.3183    2.3183    2.3183    2.3183   1.000
   785.000   1126.000    0.7506    0.7506    0.7506    0.7506   1.000
   813.000   1126.000    2.5473    2.5473    2.5473    2.5473   1.000
   781.000   1127.000    1.3206    1.3206    1.3206    1.3206   1.000
   822.000   1128.000    2.3053    2.3053    2.3053    2.3053   1.000
   791.000   1129.000    2.4132    2.4132    2.4132    2.4132   1.000
   793.000   1129.000    2.4266    2.4266    2.4266    2.4266   1.000
   827.000   1129.000   -0.3076   -0.3076   -0.3076   -0.3076   1.000
   800.000   1130.000    1.8556    1.8556    1.8556    1.8556   1.000
   810.000   1130.000    1.4278    1.4278    1.4278    1.4278   1.000
   782.000   1131.000    2.2673    2.2673    2.2673    2.2673   1.000
   806.000   1131.000    2.1040    2.1040    2.1040    2.1040   1.000
   814.000   1131.000    2.3530    2.3530    2.3530    2.3530   1.000
   818.000   1133.000    3.0350    3.0350    3.0350    3.0350   1.000
   779.000   1134.000    2.5873    2.5873    2.5873    2.5873   1.000
   792.000   1134.000    1.5855    1.5855    1.5855    1.5855   1.000
   797.000   1135.000    1.8566    1.8566    1.8566    1.8566   1.000
   774.000   1136.000    1.1450    1.1450    1.1450    1.1450   1.000
   804.000   1136.000    0.9116    0.9116    0.9116    0.9116   1.000
   818.000   1136.000    1.9228    1.9228    1.9228    1.9228   1.000
   799.000   1137.000    1.8159    1.8159    1.8159    1.8159   1.000
   809.000   1138.000    1.6326    1.6326    1.6326    1.6326   1.000
   815.000   1139.000    1.9223    1.9223    1.9223    1.9223   1.000
   791.000   1140.000    2.1670    2.1670    2.1670    2.1670   1.000
   794.000   1140.000    2.1773    2.1773    2.1773    2.1773   1.000
   803.000   1141.000    2.3894    2.3894    2.3894    2.3894   1.000
   821.000   1141.000    2.6139    2.6139    2.6139    2.6139   1.000
   786.000   1143.000   -0.0674   -0.0674   -0.0674   -0.0674   1.000
   826.000   1143.000    2.6820    2.6820    2.6820    2.6820   1.000
   780.000   1144.000    2.3543    2.3543    2.3543    2.3543   1.000
   813.000   1144.000    2.2636    2.2636    2.2636    2.2636   1.000
   800.000   1145.000    2.1910    2.1910    2.1910    2.1910   1.000
   818.000   1145.000    2.1666    2.1666    2.1666    2.1666   1.000
   823.000   1145.000    2.5304    2.5304    2.5304    2.5304   1.000
   794.000   1146.000    1.9376    1.9376    1.9376    1.9376   1.000
   776.000   1147.000    1.3515    1.3515    1.3515    1.3515   1.000
   807.000   1147.000    2.1070    2.1070    2.1070    2.1070   1.000
   851.000   1092.000    1.7965    1.7965    1.7965    1.7965   1.000
   869.000   1092.000    2.4206    2.4206    2.4206    2.4206   1.000
   871.000   1093.000    2.5307    2.5307    2.5307    2.5307   1.000
   887.000   1093.000    1.6241    1.6241    1.6241    1.6241   1.000
   863.000   1094.000    2.2261    2.2261    2.2261    2.2261   1.000
   877.000   1094.000    2.7060    2.7060    2.7060    2.7060   1.000
   890.000   1094.000    1.2762    1.2762    1.2762    1.2762   1.000
   854.000   1095.000    2.8763    2.8763    2.8763    2.8763   1.000
   841.000   1096.000    2.8705    2.8705    2.8705    2.8705   1.000
   868.000   1096.000    2.8575    2.8575    2.8575    2.8575   1.000
   882.000   1096.000    2.4128    2.4128    2.4128    2.4128   1.000
   858.000   1097.000    2.0130    2.0130    2.0130    2.0130   1.000
   862.000   1098.000    3.0171    3.0171    3.0171    3.0171   1.000
   871.000   1098.000    3.2027    3.2027    3.2027    3.2027   1.000
   866.000   1099.000    2.2997    2.2997    2.2997    2.2997   1.000
   875.000   1099.000    2.1409    2.1409    2.1409    2.1409   1.000
   888.000   1099.000    2.8779    2.8779    2.8779    2.8779   1.000
   848.000   1100.000    2.1264    2.1264    2.1264    2.1264   1.000
   853.000   1100.000    1.5232    1.5232    1.5232    1.5232   1.000
   841.000   1101.000    1.5491    1.5491    1.5491    1.5491   1.000
   856.000   1102.000   -0.1320   -0.1320   -0.1320   -0.1320   1.000
   878.000   1102.000    2.0632    2.0632    2.0632    2.0632   1.000
   884.000   1102.000    2.5093    2.5093    2.5093    2.5093   1.000
   862.000   1103.000    2.4500    2.4500    2.4500    2.4500   1.000
   873.000   1103.000    1.7764    1.7764    1.7764    1.7764   1.000
   890.000   1103.000    2.1860    2.1860    2.1860    2.1860   1.000
   844.000   1104.000    1.9986    1.9986    1.9986    1.9986   1.000
   851.000   1105.000    2.2823    2.2823    2.2823    2.2823   1.000
   878.000   1105.000    2.5430    2.5430    2.5430    2.5430   1.000
   840.000   1106.000    2.1654    2.1654    2.1654    2.1654   1.000
   873.000   1106.000    2.0378    2.0378    2.0378    2.0378   1.000
   888.000   1106.000    1.0882    1.0882    1.0882    1.0882   1.000
   853.000   1108.000    1.7577    1.7577    1.7577    1.7577   1.000
   858.000   1108.000    1.3073    1.3073    1.3073    1.3073   1.000
   862.000   1108.000    2.4047    2.4047    2.4047    2.4047   1.000
   883.000   1108.000    2.4412    2.4412    2.4412    2.4412   1.000
   845.000   1110.000    2.2577    2.2577    2.2577    2.2577   1.000
   887.000   1110.000    2.4164    2.4164    2.4164    2.4164   1.000
   836.000   1112.000    2.1976    2.1976    2.1976    2.1976   1.000
   865.000   1112.000    0.9686    0.9686    0.9686    0.9686   1.000
   858.000   1113.000   -0.0127   -0.0127   -0.0127   -0.0127   1.000
   881.000   1113.000    2.1539    2.1539    2.1539    2.1539   1.000
   891.000   1113.000    2.0433    2.0433    2.0433    2.0433   1.000
   844.000   1115.000    0.7505    0.7505    0.7505    0.7505   1.000
   870.000   1115.000    2.5700    2.5700    2.5700    2.5700   1.000
   837.000   1116.000    2.7629    2.7629    2.7629    2.7629   1.000
   841.000   1119.000    2.6655    2.6655    2.6655    2.6655   1.000
   852.000   1119.000    2.4377    2.4377    2.4377    2.4377   1.000
   872.000   1119.000    2.2463    2.2463    2.2463    2.2463   1.000
   878.000   1119.000    0.8688    0.8688    0.8688    0.8688   1.000
   883.000   1119.000    2.0076    2.0076    2.0076    2.0076   1.000
   845.000   1120.000    2.2751    2.2751    2.2751    2.2751   1.000
   858.000   1120.000    2.4827    2.4827    2.4827    2.4827   1.000
   863.000   1120.000    1.5612    1.5612    1.5612    1.5612   1.000
   847.000   1123.000    1.3306    1.3306    1.3306    1.3306   1.000
   855.000   1123.000    1.3027    1.3027    1.3027    1.3027   1.000
   859.000   1123.000    2.3037    2.3037    2.3037    2.3037   1.000
   884.000   1123.000    1.5161    1.5161    1.5161    1.5161   1.000
   839.000   1125.000    2.4628    2.4628    2.4628    2.4628   1.000
   865.000   1126.000    2.9548    2.9548    2.9548    2.9548   1.000
   869.000   1126.000    2.4954    2.4954    2.4954    2.4954   1.000
   877.000   1126.000    1.5641    1.5641    1.5641    1.5641   1.000
   860.000   1128.000    2.1947    2.1947    2.1947    2.1947   1.000
   881.000   1128.000    2.0337    2.0337    2.0337    2.0337   1.000
   845.000   1129.000    1.3115    1.3115    1.3115    1.3115   1.000
   854.000   1129.000    1.3428    1.3428    1.3428    1.3428   1.000
   841.000   1130.000    2.4659    2.4659    2.4659    2.4659   1.000
   870.000   1131.000    2.2082    2.2082    2.2082    2.2082   1.000
   891.000   1131.000    2.5254    2.5254    2.5254    2.5254   1.000
   849.000   1133.000    2.7890    2.7890    2.7890    2.7890   1.000
   875.000   1133.000    2.6223    2.6223    2.6223    2.6223   1.000
   856.000   1134.000    1.5808    1.5808    1.5808    1.5808   1.000
   861.000   1134.000    2.3927    2.3927    2.3927    2.3927   1.000
   888.000   1134.000    2.4502    2.4502    2.4502    2.4502   1.000
   839.000   1135.000    2.6715    2.6715    2.6715    2.6715   1.000
   860.000   1136.000    2.1754    2.1754    2.1754    2.1754   1.000
   852.000   1138.000    3.1322    3.1322    3.1322    3.1322   1.000
   864.000   1138.000    2.5592    2.5592    2.5592    2.5592   1.000
   869.000   1138.000   -0.1464   -0.1464   -0.1464   -0.1464   1.000
   847.000   1139.000    1.5831    1.5831    1.5831    1.5831   1.000
   843.000   1140.000    0.5892    0.5892    0.5892    0.5892   1.000
   856.000   1140.000    2.4141    2.4141    2.4141    2.4141   1.000
   838.000   1141.000    2.1289    2.1289    2.1289    2.1289   1.000
   884.000   1141.000    2.2314    2.2314    2.2314    2.2314   1.000
   882.000   1142.000    2.1557    2.1557    2.1557    2.1557   1.000
   887.000   1142.000    2.2554    2.2554    2.2554    2.2554   1.000
   853.000   1143.000    1.5769    1.5769    1.5769    1.5769   1.000
   867.000   1143.000   -0.0565   -0.0565   -0.0565   -0.0565   1.000
   862.000   1144.000    1.4738    1.4738    1.4738    1.4738   1.000
   879.000   1145.000    0.6991    0.6991    0.6991    0.6991   1.000
   837.000   1146.000    2.6288    2.6288    2.6288    2.6288   1.000
   874.000   1146.000    1.3595    1.3595    1.3595    1.3595   1.000
   910.000   1092.000    1.3563    1.3563    1.3563    1.3563   1.000
   934.000   1093.000    2.9523    2.9523    2.9523    2.9523   1.000
   925.000   1094.000    2.1174    2.1174    2.1174    2.1174   1.000
   908.000   1095.000    2.0655    2.0655    2.0655    2.0655   1.000
   950.000   1095.000    1.8136    1.8136    1.8136    1.8136   1.000
   910.000   1097.000    2.6393    2.6393    2.6393    2.6393   1.000
   931.000   1097.000    1.8265    1.8265    1.8265    1.8265   1.000
   905.000   1098.000    1.3008    1.3008    1.3008    1.3008   1.000
   936.000   1098.000    2.7038    2.7038    2.7038    2.7038   1.000
   955.000   1098.000    2.4846    2.4846    2.4846    2.4846   1.000
   921.000   1099.000    1.8677    1.8677    1.8677    1.8677   1.000
   941.000   1100.000   -0.4717   -0.4717   -0.4717   -0.4717   1.000
   948.000   1100.000    2.1532    2.1532    2.1532    2.1532   1.000
   952.000   1100.000    2.3167    2.3167    2.3167    2.3167   1.000
   928.000   1102.000    2.2775    2.2775    2.2775    2.2775   1.000
   932.000   1102.000    2.7343    2.7343    2.7343    2.7343   1.000
   939.000   1102.000   -0.2426   -0.2426   -0.2426   -0.2426   1.000
   946.000   1102.000    2.4010    2.4010    2.4010    2.4010   1.000
   913.000   1103.000    1.9979    1.9979    1.9979    1.9979   1.000
   908.000   1104.000    2.5024    2.5024    2.5024    2.5024   1.000
   918.000   1104.000    1.7410    1.7410    1.7410    1.7410   1.000
   903.000   1105.000    2.4130    2.4130    2.4130    2.4130   1.000
   950.000   1106.000    1.4955    1.4955    1.4955    1.4955   1.000
   931.000   1107.000    2.6001    2.6001    2.6001    2.6001   1.000
   942.000   1107.000    1.2803    1.2803    1.2803    1.2803   1.000
   906.000   1108.000    1.7886    1.7886    1.7886    1.7886   1.000
   924.000   1108.000    2.9591    2.9591    2.9591    2.9591   1.000
   911.000   1110.000    2.3015    2.3015    2.3015    2.3015   1.000
   913.000   1110.000    2.2318    2.2318    2.2318    2.2318   1.000
   919.000   1110.000    2.2831    2.2831    2.2831    2.2831   1.000
   938.000   1110.000    2.5068    2.5068    2.5068    2.5068   1.000
   946.000   1110.000    1.8719    1.8719    1.8719    1.8719   1.000
   954.000   1110.000    2.4296    2.4296    2.4296    2.4296   1.000
   942.000   1112.000    2.3444    2.3444    2.3444    2.3444   1.000
   920.000   1114.000    2.0107    2.0107    2.0107    2.0107   1.000
   934.000   1114.000    1.0371    1.0371    1.0371    1.0371   1.000
   944.000   1114.000    2.2327    2.2327    2.2327    2.2327   1.000
   903.000   1115.000    2.7031    2.7031    2.7031    2.7031   1.000
   929.000   1115.000    2.4665    2.4665    2.4665    2.4665   1.000
   953.000   1115.000    2.1297    2.1297    2.1297    2.1297   1.000
   940.000   1117.000    1.8802    1.8802    1.8802    1.8802   1.000
   914.000   1118.000    2.4881    2.4881    2.4881    2.4881   1.000
   921.000   1118.000    2.1476    2.1476    2.1476    2.1476   1.000
   953.000   1118.000    1.7790    1.7790    1.7790    1.7790   1.000
   901.000   1119.000   -0.0341   -0.0341   -0.0341   -0.0341   1.000
   906.000   1119.000    2.4255    2.4255    2.4255    2.4255   1.000
   931.000   1120.000    1.5496    1.5496    1.5496    1.5496   1.000
   948.000   1120.000    2.3447    2.3447    2.3447    2.3447   1.000
   924.000   1121.000    2.2640    2.2640    2.2640    2.2640   1.000
   941.000   1121.000    2.2029    2.2029    2.2029    2.2029   1.000
   913.000   1122.000    2.2818    2.2818    2.2818    2.2818   1.000
   917.000   1122.000    2.7137    2.7137    2.7137    2.7137   1.000
   939.000   1123.000    1.6364    1.6364    1.6364    1.6364   1.000
   909.000   1124.000    1.8819    1.8819    1.8819    1.8819   1.000
   945.000   1124.000    0.7439    0.7439    0.7439    0.7439   1.000
   921.000   1125.000    2.5511    2.5511    2.5511    2.5511   1.000
   902.000   1126.000    2.8917    2.8917    2.8917    2.8917   1.000
   932.000   1126.000    1.1685    1.1685    1.1685    1.1685   1.000
   949.000   1127.000    1.8938    1.8938    1.8938    1.8938   1.000
   945.000   1128.000    2.1238    2.1238    2.1238    2.1238   1.000
   955.000   1128.000   -0.3350   -0.3350   -0.3350   -0.3350   1.000
   920.000   1129.000    2.0131    2.0131    2.0131    2.0131   1.000
   905.000   1130.000    2.4719    2.4719    2.4719    2.4719   1.000
   910.000   1130.000    1.3914    1.3914    1.3914    1.3914   1.000
   929.000   1130.000    2.0050    2.0050    2.0050    2.0050   1.000
   915.000   1131.000    2.4212    2.4212    2.4212    2.4212   1.000
   921.000   1133.000    1.6536    1.6536    1.6536    1.6536   1.000
   933.000   1134.000    1.6590    1.6590    1.6590    1.6590   1.000
   949.000   1134.000    1.1764    1.1764    1.1764    1.1764   1.000
   945.000   1135.000   -0.4085   -0.4085   -0.4085   -0.4085   1.000
   901.000   1136.000    1.0976    1.0976    1.0976    1.0976   1.000
   915.000   1136.000    2.1635    2.1635    2.1635    2.1635   1.000
   925.000   1136.000    1.9154    1.9154    1.9154    1.9154   1.000
   906.000   1137.000    3.0102    3.0102    3.0102    3.0102   1.000
   910.000   1137.000    0.5768    0.5768    0.5768    0.5768   1.000
   929.000   1138.000    1.2420    1.2420    1.2420    1.2420   1.000
   948.000   1139.000    1.5076    1.5076    1.5076    1.5076   1.000
   921.000   1140.000    1.6733    1.6733    1.6733    1.6733   1.000
   943.000   1140.000    2.5783    2.5783    2.5783    2.5783   1.000
   955.000   1140.000    0.3795    0.3795    0.3795    0.3795   1.000
   907.000   1142.000    2.4815    2.4815    2.4815    2.4815   1.000
   952.000   1142.000   -0.1321   -0.1321   -0.1321   -0.1321   1.000
   903.000   1143.000    2.5120    2.5120    2.5120    2.5120   1.000
   911.000   1144.000    0.9779    0.9779    0.9779    0.9779   1.000
   919.000   1144.000    1.9764    1.9764    1.9764    1.9764   1.000
   927.000   1144.000    0.9120    0.9120    0.9120    0.9120   1.000
   946.000   1144.000    1.9881    1.9881    1.9881    1.9881   1.000
   915.000   1145.000    1.5654    1.5654    1.5654    1.5654   1.000
   924.000   1146.000    1.7457    1.7457    1.7457    1.7457   1.000
   985.000   1092.000    1.7570    1.7570    1.7570    1.7570   1.000
   995.000   1092.000    1.9453    1.9453    1.9453    1.9453   1.000
   988.000   1093.000    1.8287    1.8287    1.8287    1.8287   1.000
  1011.000   1093.000    1.1112    1.1112    1.1112    1.1112   1.000
  1003.000   1096.000    0.2380    0.2380    0.2380    0.2380   1.000
   964.000   1097.000    2.7144    2.7144    2.7144    2.7144   1.000
   992.000   1097.000    0.0419    0.0419    0.0419    0.0419   1.000
   983.000   1098.000    2.4537    2.4537    2.4537    2.4537   1.000
  1012.000   1098.000    2.0211    2.0211    2.0211    2.0211   1.000
   977.000   1099.000    2.6383    2.6383    2.6383    2.6383   1.000
   974.000   1100.000    2.5809    2.5809    2.5809    2.5809   1.000
  1003.000   1100.000    2.3805    2.3805    2.3805    2.3805   1.000
  1019.000   1100.000    2.5553    2.5553    2.5553    2.5553   1.000
   990.000   1101.000    1.8374    1.8374    1.8374    1.8374   1.000
  1008.000   1102.000    2.5409    2.5409    2.5409    2.5409   1.000
   977.000   1104.000    1.8253    1.8253    1.8253    1.8253   1.000
   999.000   1104.000    1.2516    1.2516    1.2516    1.2516   1.000
   971.000   1106.000    2.0216    2.0216    2.0216    2.0216   1.000
   966.000   1107.000    1.4002    1.4002    1.4002    1.4002   1.000
   995.000   1107.000    0.5737    0.5737    0.5737    0.5737   1.000
  1007.000   1107.000    1.2544    1.2544    1.2544    1.2544   1.000
  1019.000   1107.000    0.0969    0.0969    0.0969    0.0969   1.000
   980.000   1108.000   -0.1799   -0.1799   -0.1799   -0.1799   1.000
  1003.000   1108.000    2.2844    2.2844    2.2844    2.2844   1.000
  1012.000   1108.000    1.9410    1.9410    1.9410    1.9410   1.000
   971.000   1109.000    1.6107    1.6107    1.6107    1.6107   1.000
   975.000   1110.000    1.9619    1.9619    1.9619    1.9619   1.000
  1002.000   1111.000    2.7434    2.7434    2.7434    2.7434   1.000
   967.000   1112.000    1.8394    1.8394    1.8394    1.8394   1.000
  1007.000   1112.000   -0.6857   -0.6857   -0.6857   -0.6857   1.000
   970.000   1113.000    1.9292    1.9292    1.9292    1.9292   1.000
  1018.000   1113.000   -0.2065   -0.2065   -0.2065   -0.2065   1.000
   998.000   1114.000    2.4999    2.4999    2.4999    2.4999   1.000
   988.000   1117.000   -0.0538   -0.0538   -0.0538   -0.0538   1.000
  1009.000   1117.000    2.8104    2.8104    2.8104    2.8104   1.000
  1019.000   1117.000    1.6145    1.6145    1.6145    1.6145   1.000
   969.000   1118.000    2.0653    2.0653    2.0653    2.0653   1.000
   979.000   1119.000    2.6322    2.6322    2.6322    2.6322   1.000
  1004.000   1119.000    1.4207    1.4207    1.4207    1.4207   1.000
   991.000   1120.000    1.6167    1.6167    1.6167    1.6167   1.000
  1017.000   1121.000    2.5554    2.5554    2.5554    2.5554   1.000
  1005.000   1122.000   -0.4736   -0.4736   -0.4736   -0.4736   1.000
   969.000   1123.000    2.3479    2.3479    2.3479    2.3479   1.000
   981.000   1123.000    2.0178    2.0178    2.0178    2.0178   1.000
  1010.000   1123.000    2.1340    2.1340    2.1340    2.1340   1.000
   986.000   1124.000    1.9113    1.9113    1.9113    1.9113   1.000
   994.000   1124.000    2.1841    2.1841    2.1841    2.1841   1.000
   965.000   1125.000    1.8151    1.8151    1.8151    1.8151   1.000
   989.000   1125.000    0.8723    0.8723    0.8723    0.8723   1.000
  1017.000   1125.000    2.6056    2.6056    2.6056    2.6056   1.000
   997.000   1126.000    2.7365    2.7365    2.7365    2.7365   1.000
  1009.000   1126.000    2.0898    2.0898    2.0898    2.0898   1.000
  1003.000   1128.000    1.0337    1.0337    1.0337    1.0337   1.000
  1017.000   1128.000    2.9468    2.9468    2.9468    2.9468   1.000
   965.000   1130.000    1.9971    1.9971    1.9971    1.9971   1.000
   975.000   1130.000    2.4239    2.4239    2.4239    2.4239   1.000
   993.000   1130.000    1.6206    1.6206    1.6206    1.6206   1.000
   998.000   1131.000    2.4561    2.4561    2.4561    2.4561   1.000
   969.000   1132.000    2.2059    2.2059    2.2059    2.2059   1.000
   979.000   1132.000    0.9772    0.9772    0.9772    0.9772   1.000
   991.000   1132.000    1.9621    1.9621    1.9621    1.9621   1.000
  1004.000   1133.000    1.7729    1.7729    1.7729    1.7729   1.000
  1011.000   1133.000    0.3779    0.3779    0.3779    0.3779   1.000
  1016.000   1134.000    2.4901    2.4901    2.4901    2.4901   1.000
  1009.000   1136.000    1.3805    1.3805    1.3805    1.3805   1.000
   975.000   1137.000    2.7444    2.7444    2.7444    2.7444   1.000
   998.000   1137.000    2.5090    2.5090    2.5090    2.5090   1.000
   967.000   1138.000    1.8972    1.8972    1.8972    1.8972   1.000
   986.000   1138.000    1.3032    1.3032    1.3032    1.3032   1.000
  1003.000   1138.000    2.9761    2.9761    2.9761    2.9761   1.000
   981.000   1139.000    1.5854    1.5854    1.5854    1.5854   1.000
   971.000   1140.000    2.5699    2.5699    2.5699    2.5699   1.000
  1011.000   1140.000    1.4010    1.4010    1.4010    1.4010   1.000
  1015.000   1140.000    2.3334    2.3334    2.3334    2.3334   1.000
   976.000   1141.000    3.4117    3.4117    3.4117    3.4117   1.000
  1001.000   1141.000    2.4531    2.4531    2.4531    2.4531   1.000
   991.000   1142.000    1.8587    1.8587    1.8587    1.8587   1.000
   993.000   1143.000    1.4604    1.4604    1.4604    1.4604   1.000
   987.000   1144.000    2.5586    2.5586    2.5586    2.5586   1.000
  1014.000   1144.000    1.8202    1.8202    1.8202    1.8202   1.000
   967.000   1145.000    2.7836    2.7836    2.7836    2.7836   1.000
   979.000   1145.000    2.6786    2.6786    2.6786    2.6786   1.000
  1002.000   1145.000    1.8252    1.8252    1.8252    1.8252   1.000
  1007.000   1145.000    2.0480    2.0480    2.0480    2.0480   1.000
   974.000   1146.000    1.7730    1.7730    1.7730    1.7730   1.000
  1018.000   1146.000    2.0948    2.0948    2.0948    2.0948   1.000
   996.000   1147.000    2.3063    2.3063    2.3063    2.3063   1.000
  1028.000   1092.000    2.1722    2.1722    2.1722    2.1722   1.000
  1062.000   1092.000    2.1281    2.1281    2.1281    2.1281   1.000
  1053.000   1093.000    2.8352    2.8352    2.8352    2.8352   1.000
  1071.000   1093.000   -0.0918   -0.0918   -0.0918   -0.0918   1.000
  1075.000   1093.000    1.8539    1.8539    1.8539    1.8539   1.000
  1081.000   1093.000    1.8832    1.8832    1.8832    1.8832   1.000
  1048.000   1094.000    2.4625    2.4625    2.4625    2.4625   1.000
  1058.000   1094.000    1.8576    1.8576    1.8576    1.8576   1.000
  1061.000   1095.000    1.5214    1.5214    1.5214    1.5214   1.000
  1034.000   1096.000    1.5161    1.5161    1.5161    1.5161   1.000
  1043.000   1096.000    1.6970    1.6970    1.6970    1.6970   1.000
  1051.000   1097.000    2.6176    2.6176    2.6176    2.6176   1.000
  1078.000   1097.000    2.0338    2.0338    2.0338    2.0338   1.000
  1037.000   1100.000    1.5323    1.5323    1.5323    1.5323   1.000
  1041.000   1101.000    2.6343    2.6343    2.6343    2.6343   1.000
  1060.000   1101.000    1.9280    1.9280    1.9280    1.9280   1.000
  1070.000   1101.000    0.1355    0.1355    0.1355    0.1355   1.000
  1033.000   1102.000    2.1051    2.1051    2.1051    2.1051   1.000
  1079.000   1102.000    1.9700    1.9700    1.9700    1.9700   1.000
  1082.000   1102.000    1.8590    1.8590    1.8590    1.8590   1.000
  1044.000   1103.000    3.0648    3.0648    3.0648    3.0648   1.000
  1061.000   1103.000    1.6045    1.6045    1.6045    1.6045   1.000
  1048.000   1104.000    2.4357    2.4357    2.4357    2.4357   1.000
  1074.000   1104.000    2.5513    2.5513    2.5513    2.5513   1.000
  1037.000   1105.000    1.8869    1.8869    1.8869    1.8869   1.000
  1042.000   1106.000    2.3306    2.3306    2.3306    2.3306   1.000
  1064.000   1106.000    2.4360    2.4360    2.4360    2.4360   1.000
  1078.000   1106.000    2.4002    2.4002    2.4002    2.4002   1.000
  1029.000   1107.000    0.0307    0.0307    0.0307    0.0307   1.000
  1048.000   1107.000    1.4868    1.4868    1.4868    1.4868   1.000
  1083.000   1107.000    1.1219    1.1219    1.1219    1.1219   1.000
  1045.000   1109.000    1.4109    1.4109    1.4109    1.4109   1.000
  1060.000   1109.000    0.3793    0.3793    0.3793    0.3793   1.000
  1041.000   1110.000    1.9605    1.9605    1.9605    1.9605   1.000
  1028.000   1111.000   -0.3244   -0.3244   -0.3244   -0.3244   1.000
  1062.000   1111.000    1.2026    1.2026    1.2026    1.2026   1.000
  1079.000   1111.000    2.9281    2.9281    2.9281    2.9281   1.000
  1049.000   1112.000    2.1971    2.1971    2.1971    2.1971   1.000
  1054.000   1113.000    2.4092    2.4092    2.4092    2.4092   1.000
  1067.000   1114.000    2.0426    2.0426    2.0426    2.0426   1.000
  1044.000   1115.000    1.8599    1.8599    1.8599    1.8599   1.000
  1072.000   1115.000    0.6566    0.6566    0.6566    0.6566   1.000
  1080.000   1115.000    1.5740    1.5740    1.5740    1.5740   1.000
  1061.000   1116.000    3.0826    3.0826    3.0826    3.0826   1.000
  1066.000   1116.000    1.4842    1.4842    1.4842    1.4842   1.000
  1028.000   1117.000    2.1001    2.1001    2.1001    2.1001   1.000
  1037.000   1119.000    2.4215    2.4215    2.4215    2.4215   1.000
  1055.000   1119.000   -0.7335   -0.7335   -0.7335   -0.7335   1.000
  1032.000   1120.000    2.3917    2.3917    2.3917    2.3917   1.000
  1049.000   1120.000    2.7569    2.7569    2.7569    2.7569   1.000
  1076.000   1120.000    2.3929    2.3929    2.3929    2.3929   1.000
  1028.000   1121.000    2.1760    2.1760    2.1760    2.1760   1.000
  1061.000   1121.000    2.3121    2.3121    2.3121    2.3121   1.000
  1044.000   1122.000    2.1042    2.1042    2.1042    2.1042   1.000
  1071.000   1122.000    0.2196    0.2196    0.2196    0.2196   1.000
  1036.000   1124.000    1.9152    1.9152    1.9152    1.9152   1.000
  1044.000   1124.000    2.2044    2.2044    2.2044    2.2044   1.000
  1058.000   1124.000    2.4727    2.4727    2.4727    2.4727   1.000
  1030.000   1125.000    1.8250    1.8250    1.8250    1.8250   1.000
  1053.000   1125.000    1.8873    1.8873    1.8873    1.8873   1.000
  1077.000   1125.000    1.9075    1.9075    1.9075    1.9075   1.000
  1061.000   1127.000    2.2008    2.2008    2.2008    2.2008   1.000
  1030.000   1128.000    2.1890    2.1890    2.1890    2.1890   1.000
  1049.000   1128.000    2.6482    2.6482    2.6482    2.6482   1.000
  1073.000   1128.000    2.0182    2.0182    2.0182    2.0182   1.000
  1041.000   1129.000    2.5739    2.5739    2.5739    2.5739   1.000
  1064.000   1130.000    1.9589    1.9589    1.9589    1.9589   1.000
  1077.000   1131.000    2.8420    2.8420    2.8420    2.8420   1.000
  1080.000   1131.000    2.3807    2.3807    2.3807    2.3807   1.000
  1029.000   1132.000   -0.5857   -0.5857   -0.5857   -0.5857   1.000
  1037.000   1134.000    2.0473    2.0473    2.0473    2.0473   1.000
  1043.000   1134.000    1.8086    1.8086    1.8086    1.8086   1.000
  1045.000   1134.000    1.7333    1.7333    1.7333    1.7333   1.000
  1066.000   1134.000    1.7621    1.7621    1.7621    1.7621   1.000
  1059.000   1135.000    0.9945    0.9945    0.9945    0.9945   1.000
  1072.000   1135.000    2.3760    2.3760    2.3760    2.3760   1.000
  1078.000   1135.000    1.4339    1.4339    1.4339    1.4339   1.000
  1050.000   1136.000    2.2081    2.2081    2.2081    2.2081   1.000
  1053.000   1136.000    2.1141    2.1141    2.1141    2.1141   1.000
  1069.000   1137.000    1.2611    1.2611    1.2611    1.2611   1.000
  1030.000   1138.000    2.1565    2.1565    2.1565    2.1565   1.000
  1040.000   1138.000    2.2453    2.2453    2.2453    2.2453   1.000
  1061.000   1138.000    0.9167    0.9167    0.9167    0.9167   1.000
  1045.000   1139.000    2.8134    2.8134    2.8134    2.8134   1.000
  1072.000   1140.000    2.4767    2.4767    2.4767    2.4767   1.000
  1033.000   1141.000    1.4525    1.4525    1.4525    1.4525   1.000
  1037.000   1141.000    1.7509    1.7509    1.7509    1.7509   1.000
  1052.000   1141.000    1.6471    1.6471    1.6471    1.6471   1.000
  1081.000   1141.000    2.7100    2.7100    2.7100    2.7100   1.000
  1056.000   1143.000    0.0630    0.0630    0.0630    0.0630   1.000
  1041.000   1144.000    1.3545    1.3545    1.3545    1.3545   1.000
  1045.000   1144.000    2.3314    2.3314    2.3314    2.3314   1.000
  1073.000   1144.000    2.2128    2.2128    2.2128    2.2128   1.000
  1030.000   1145.000    2.2344    2.2344    2.2344    2.2344   1.000
  1078.000   1146.000    2.3081    2.3081    2.3081    2.3081   1.000
  1032.000   1147.000    2.4203    2.4203    2.4203    2.4203   1.000
  1061.000   1147.000    2.7042    2.7042    2.7042    2.7042   1.000
  1065.000   1147.000    2.3464    2.3464    2.3464    2.3464   1.000
  1103.000   1092.000    2.5139    2.5139    2.5139    2.5139   1.000
  1109.000   1092.000    1.1754    1.1754    1.1754    1.1754   1.000
  1142.000   1092.000    2.6091    2.6091    2.6091    2.6091   1.000
  1096.000   1093.000    2.4546    2.4546    2.4546    2.4546   1.000
  1147.000   1093.000    1.9016    1.9016    1.9016    1.9016   1.000
  1113.000   1094.000    1.9568    1.9568    1.9568    1.9568   1.000
  1120.000   1095.000    1.1023    1.1023    1.1023    1.1023   1.000
  1123.000   1096.000    1.8481    1.8481    1.8481    1.8481   1.000
  1129.000   1096.000    1.6747    1.6747    1.6747    1.6747   1.000
  1097.000   1097.000    1.2207    1.2207    1.2207    1.2207   1.000
  1106.000   1097.000    2.7708    2.7708    2.7708    2.7708   1.000
  1140.000   1097.000    0.9944    0.9944    0.9944    0.9944   1.000
  1101.000   1098.000    2.0820    2.0820    2.0820    2.0820   1.000
  1113.000   1100.000    1.8735    1.8735    1.8735    1.8735   1.000
  1121.000   1100.000    2.0201    2.0201    2.0201    2.0201   1.000
  1130.000   1100.000    2.9193    2.9193    2.9193    2.9193   1.000
  1146.000   1101.000   -0.4270   -0.4270   -0.4270   -0.4270   1.000
  1116.000   1102.000    2.3399    2.3399    2.3399    2.3399   1.000
  1126.000   1102.000    3.1173    3.1173    3.1173    3.1173   1.000
  1136.000   1102.000   -0.2443   -0.2443   -0.2443   -0.2443   1.000
  1104.000   1103.000    1.4633    1.4633    1.4633    1.4633   1.000
  1134.000   1104.000   -0.7366   -0.7366   -0.7366   -0.7366   1.000
  1095.000   1105.000    2.4588    2.4588    2.4588    2.4588   1.000
  1109.000   1105.000    0.2275    0.2275    0.2275    0.2275   1.000
  1119.000   1105.000    2.1860    2.1860    2.1860    2.1860   1.000
  1105.000   1106.000    2.3587    2.3587    2.3587    2.3587   1.000
  1098.000   1107.000    2.3163    2.3163    2.3163    2.3163   1.000
  1123.000   1107.000    2.2760    2.2760    2.2760    2.2760   1.000
  1147.000   1107.000    1.9537    1.9537    1.9537    1.9537   1.000
  1100.000   1108.000    2.1202    2.1202    2.1202    2.1202   1.000
  1143.000   1108.000    2.4905    2.4905    2.4905    2.4905   1.000
  1135.000   1110.000    1.8552    1.8552    1.8552    1.8552   1.000
  1110.000   1111.000    1.5112    1.5112    1.5112    1.5112   1.000
  1140.000   1111.000    2.0918    2.0918    2.0918    2.0918   1.000
  1100.000   1112.000    1.7326    1.7326    1.7326    1.7326   1.000
  1120.000   1112.000    2.6651    2.6651    2.6651    2.6651   1.000
  1146.000   1112.000    2.7201    2.7201    2.7201    2.7201   1.000
  1096.000   1113.000   -0.2531   -0.2531   -0.2531   -0.2531   1.000
  1129.000   1114.000    2.4656    2.4656    2.4656    2.4656   1.000
  1105.000   1116.000    2.3706    2.3706    2.3706    2.3706   1.000
  1139.000   1116.000    1.3761    1.3761    1.3761    1.3761   1.000
  1113.000   1117.000    1.5061    1.5061    1.5061    1.5061   1.000
  1143.000   1118.000    2.5683    2.5683    2.5683    2.5683   1.000
  1092.000   1119.000    2.0739    2.0739    2.0739    2.0739   1.000
  1099.000   1119.000    1.9946    1.9946    1.9946    1.9946   1.000
  1130.000   1119.000    2.6309    2.6309    2.6309    2.6309   1.000
  1134.000   1119.000    2.4385    2.4385    2.4385    2.4385   1.000
  1121.000   1122.000    2.3852    2.3852    2.3852    2.3852   1.000
  1129.000   1122.000    1.9209    1.9209    1.9209    1.9209   1.000
  1140.000   1122.000    2.3153    2.3153    2.3153    2.3153   1.000
  1146.000   1122.000    1.6892    1.6892    1.6892    1.6892   1.000
  1101.000   1123.000    2.0093    2.0093    2.0093    2.0093   1.000
  1106.000   1124.000    2.1617    2.1617    2.1617    2.1617   1.000
  1109.000   1124.000    1.6286    1.6286    1.6286    1.6286   1.000
  1134.000   1125.000    0.9918    0.9918    0.9918    0.9918   1.000
  1139.000   1125.000    1.9996    1.9996    1.9996    1.9996   1.000
  1118.000   1126.000    1.0566    1.0566    1.0566    1.0566   1.000
  1121.000   1126.000    2.4088    2.4088    2.4088    2.4088   1.000
  1113.000   1127.000    2.7459    2.7459    2.7459    2.7459   1.000
  1128.000   1127.000    2.7115    2.7115    2.7115    2.7115   1.000
  1146.000   1127.000    2.2923    2.2923    2.2923    2.2923   1.000
  1101.000   1128.000    2.4239    2.4239    2.4239    2.4239   1.000
  1144.000   1128.000    2.0476    2.0476    2.0476    2.0476   1.000
  1109.000   1129.000    2.4058    2.4058    2.4058    2.4058   1.000
  1094.000   1130.000    2.1642    2.1642    2.1642    2.1642   1.000
  1134.000   1130.000    2.2625    2.2625    2.2625    2.2625   1.000
  1130.000   1131.000    2.2882    2.2882    2.2882    2.2882   1.000
  1138.000   1131.000   -0.1951   -0.1951   -0.1951   -0.1951   1.000
  1109.000   1132.000    2.2550    2.2550    2.2550    2.2550   1.000
  1117.000   1132.000    2.8472    2.8472    2.8472    2.8472   1.000
  1126.000   1132.000    2.5464    2.5464    2.5464    2.5464   1.000
  1147.000   1133.000    1.4205    1.4205    1.4205    1.4205   1.000
  1098.000   1134.000    1.9348    1.9348    1.9348    1.9348   1.000
  1114.000   1134.000    2.7068    2.7068    2.7068    2.7068   1.000
  1105.000   1136.000    2.3940    2.3940    2.3940    2.3940   1.000
  1122.000   1136.000    2.0225    2.0225    2.0225    2.0225   1.000
  1128.000   1136.000    2.4660    2.4660    2.4660    2.4660   1.000
  1135.000   1136.000    2.8455    2.8455    2.8455    2.8455   1.000
  1092.000   1137.000    1.3480    1.3480    1.3480    1.3480   1.000
  1100.000   1137.000    1.8303    1.8303    1.8303    1.8303   1.000
  1119.000   1137.000    2.2706    2.2706    2.2706    2.2706   1.000
  1145.000   1137.000    1.8960    1.8960    1.8960    1.8960   1.000
  1095.000   1139.000    2.0962    2.0962    2.0962    2.0962   1.000
  1113.000   1139.000    2.2897    2.2897    2.2897    2.2897   1.000
  1122.000   1140.000    2.8183    2.8183    2.8183    2.8183   1.000
  1130.000   1140.000    2.1913    2.1913    2.1913    2.1913   1.000
  1138.000   1140.000    0.3082    0.3082    0.3082    0.3082   1.000
  1106.000   1142.000    2.3170    2.3170    2.3170    2.3170   1.000
  1118.000   1144.000    2.2204    2.2204    2.2204    2.2204   1.000
  1099.000   1145.000    1.2841    1.2841    1.2841    1.2841   1.000
  1123.000   1145.000    2.8347    2.8347    2.8347    2.8347   1.000
  1138.000   1145.000    2.5252    2.5252    2.5252    2.5252   1.000
  1109.000   1146.000    0.9170    0.9170    0.9170    0.9170   1.000
  1181.000   1092.000    2.0746    2.0746    2.0746    2.0746   1.000
  1204.000   1092.000    2.3975    2.3975    2.3975    2.3975   1.000
  1197.000   1093.000    0.9187    0.9187    0.9187    0.9187   1.000
  1165.000   1094.000    2.1283    2.1283    2.1283    2.1283   1.000
  1166.000   1096.000    2.1996    2.1996    2.1996    2.1996   1.000
  1171.000   1096.000    1.8811    1.8811    1.8811    1.8811   1.000
  1177.000   1096.000    2.4729    2.4729    2.4729    2.4729   1.000
  1184.000   1096.000    1.9489    1.9489    1.9489    1.9489   1.000
  1189.000   1096.000   -0.3855   -0.3855   -0.3855   -0.3855   1.000
  1195.000   1097.000    2.4591    2.4591    2.4591    2.4591   1.000
  1204.000   1097.000    1.5811    1.5811    1.5811    1.5811   1.000
  1156.000   1100.000    2.3649    2.3649    2.3649    2.3649   1.000
  1164.000   1100.000    2.4603    2.4603    2.4603    2.4603   1.000
  1175.000   1100.000    1.7463    1.7463    1.7463    1.7463   1.000
  1198.000   1100.000    2.5340    2.5340    2.5340    2.5340   1.000
  1211.000   1100.000    1.6211    1.6211    1.6211    1.6211   1.000
  1188.000   1101.000    2.0398    2.0398    2.0398    2.0398   1.000
  1206.000   1101.000    1.8646    1.8646    1.8646    1.8646   1.000
  1179.000   1102.000    1.1224    1.1224    1.1224    1.1224   1.000
  1185.000   1102.000    2.3440    2.3440    2.3440    2.3440   1.000
  1210.000   1103.000    2.1379    2.1379    2.1379    2.1379   1.000
  1167.000   1104.000    1.7139    1.7139    1.7139    1.7139   1.000
  1157.000   1105.000    1.5996    1.5996    1.5996    1.5996   1.000
  1163.000   1105.000    2.1168    2.1168    2.1168    2.1168   1.000
  1198.000   1105.000    2.4535    2.4535    2.4535    2.4535   1.000
  1169.000   1106.000    2.2868    2.2868    2.2868    2.2868   1.000
  1190.000   1106.000    2.8568    2.8568    2.8568    2.8568   1.000
  1185.000   1107.000    2.2025    2.2025    2.2025    2.2025   1.000
  1178.000   1108.000    2.2921    2.2921    2.2921    2.2921   1.000
  1205.000   1108.000    1.8822    1.8822    1.8822    1.8822   1.000
  1173.000   1109.000    2.3464    2.3464    2.3464    2.3464   1.000
  1195.000   1111.000    2.4945    2.4945    2.4945    2.4945   1.000
  1202.000   1111.000    1.2479    1.2479    1.2479    1.2479   1.000
  1177.000   1112.000    2.0061    2.0061    2.0061    2.0061   1.000
  1183.000   1112.000    1.9474    1.9474    1.9474    1.9474   1.000
  1186.000   1112.000    2.4077    2.4077    2.4077    2.4077   1.000
  1158.000   1113.000    0.3365    0.3365    0.3365    0.3365   1.000
  1163.000   1113.000    2.5610    2.5610    2.5610    2.5610   1.000
  1171.000   1113.000    1.6607    1.6607    1.6607    1.6607   1.000
  1191.000   1114.000    2.4169    2.4169    2.4169    2.4169   1.000
  1209.000   1115.000    2.4442    2.4442    2.4442    2.4442   1.000
  1197.000   1116.000    2.3295    2.3295    2.3295    2.3295   1.000
  1162.000   1117.000    2.4856    2.4856    2.4856    2.4856   1.000
  1178.000   1117.000    1.9690    1.9690    1.9690    1.9690   1.000
  1187.000   1117.000    1.3217    1.3217    1.3217    1.3217   1.000
  1205.000   1117.000    2.2351    2.2351    2.2351    2.2351   1.000
  1169.000   1118.000    2.2993    2.2993    2.2993    2.2993   1.000
  1157.000   1120.000   -0.3439   -0.3439   -0.3439   -0.3439   1.000
  1173.000   1120.000    1.4351    1.4351    1.4351    1.4351   1.000
  1193.000   1120.000    1.5409    1.5409    1.5409    1.5409   1.000
  1210.000   1120.000    1.1044    1.1044    1.1044    1.1044   1.000
  1182.000   1121.000    0.8967    0.8967    0.8967    0.8967   1.000
  1167.000   1122.000    0.9432    0.9432    0.9432    0.9432   1.000
  1188.000   1122.000    1.2039    1.2039    1.2039    1.2039   1.000
  1200.000   1123.000    2.4673    2.4673    2.4673    2.4673   1.000
  1162.000   1124.000    1.8049    1.8049    1.8049    1.8049   1.000
  1179.000   1124.000    1.6025    1.6025    1.6025    1.6025   1.000
  1175.000   1125.000    2.2736    2.2736    2.2736    2.2736   1.000
  1208.000   1125.000    2.5732    2.5732    2.5732    2.5732   1.000
  1158.000   1126.000    1.3195    1.3195    1.3195    1.3195   1.000
  1195.000   1126.000    2.2441    2.2441    2.2441    2.2441   1.000
  1169.000   1127.000    1.4361    1.4361    1.4361    1.4361   1.000
  1182.000   1127.000    1.6105    1.6105    1.6105    1.6105   1.000
  1203.000   1127.000   -0.1836   -0.1836   -0.1836   -0.1836   1.000
  1175.000   1128.000    2.1929    2.1929    2.1929    2.1929   1.000
  1211.000   1128.000    2.0745    2.0745    2.0745    2.0745   1.000
  1159.000   1130.000    2.7841    2.7841    2.7841    2.7841   1.000
  1172.000   1130.000    2.2681    2.2681    2.2681    2.2681   1.000
  1178.000   1130.000    1.4945    1.4945    1.4945    1.4945   1.000
  1163.000   1131.000    2.2073    2.2073    2.2073    2.2073   1.000
  1186.000   1131.000    1.6975    1.6975    1.6975    1.6975   1.000
  1169.000   1132.000    1.7881    1.7881    1.7881    1.7881   1.000
  1181.000   1132.000    2.3715    2.3715    2.3715    2.3715   1.000
  1198.000   1132.000    2.4115    2.4115    2.4115    2.4115   1.000
  1173.000   1134.000    2.4079    2.4079    2.4079    2.4079   1.000
  1178.000   1134.000    2.8061    2.8061    2.8061    2.8061   1.000
  1199.000   1134.000    1.9657    1.9657    1.9657    1.9657   1.000
  1159.000   1136.000    1.7900    1.7900    1.7900    1.7900   1.000
  1165.000   1136.000    2.3291    2.3291    2.3291    2.3291   1.000
  1207.000   1137.000    1.1648    1.1648    1.1648    1.1648   1.000
  1156.000   1138.000    1.4438    1.4438    1.4438    1.4438   1.000
  1183.000   1138.000    0.8616    0.8616    0.8616    0.8616   1.000
  1165.000   1139.000    1.6718    1.6718    1.6718    1.6718   1.000
  1177.000   1140.000    3.0146    3.0146    3.0146    3.0146   1.000
  1199.000   1141.000    3.2339    3.2339    3.2339    3.2339   1.000
  1188.000   1142.000    2.7844    2.7844    2.7844    2.7844   1.000
  1173.000   1144.000    0.0574    0.0574    0.0574    0.0574   1.000
  1181.000   1144.000    1.7706    1.7706    1.7706    1.7706   1.000
  1168.000   1145.000    0.4611    0.4611    0.4611    0.4611   1.000
  1192.000   1145.000    2.3944    2.3944    2.3944    2.3944   1.000
  1264.000   1092.000    2.2798    2.2798    2.2798    2.2798   1.000
  1273.000   1092.000    2.7565    2.7565    2.7565    2.7565   1.000
  1234.000   1093.000    2.1130    2.1130    2.1130    2.1130   1.000
  1246.000   1093.000    1.8138    1.8138    1.8138    1.8138   1.000
  1223.000   1094.000    2.1763    2.1763    2.1763    2.1763   1.000
  1252.000   1094.000    2.3727    2.3727    2.3727    2.3727   1.000
  1227.000   1095.000    1.7255    1.7255    1.7255    1.7255   1.000
  1220.000   1096.000    3.0223    3.0223    3.0223    3.0223   1.000
  1232.000   1096.000    1.6356    1.6356    1.6356    1.6356   1.000
  1242.000   1096.000    2.5373    2.5373    2.5373    2.5373   1.000
  1275.000   1096.000    2.6566    2.6566    2.6566    2.6566   1.000
  1267.000   1097.000    2.5194    2.5194    2.5194    2.5194   1.000
  1233.000   1098.000    1.7076    1.7076    1.7076    1.7076   1.000
  1236.000   1098.000    2.6181    2.6181    2.6181    2.6181   1.000
  1250.000   1098.000    2.0162    2.0162    2.0162    2.0162   1.000
  1260.000   1098.000    1.3533    1.3533    1.3533    1.3533   1.000
  1223.000   1100.000    1.5365    1.5365    1.5365    1.5365   1.000
  1227.000   1100.000    3.1715    3.1715    3.1715    3.1715   1.000
  1239.000   1100.000    2.4621    2.4621    2.4621    2.4621   1.000
  1270.000   1101.000    1.2928    1.2928    1.2928    1.2928   1.000
  1254.000   1102.000    2.0793    2.0793    2.0793    2.0793   1.000
  1224.000   1103.000    2.8387    2.8387    2.8387    2.8387   1.000
  1246.000   1104.000    1.5309    1.5309    1.5309    1.5309   1.000
  1239.000   1105.000    2.0272    2.0272    2.0272    2.0272   1.000
  1262.000   1106.000    1.2880    1.2880    1.2880    1.2880   1.000
  1223.000   1107.000    2.0137    2.0137    2.0137    2.0137   1.000
  1254.000   1107.000    1.8667    1.8667    1.8667    1.8667   1.000
  1258.000   1107.000    2.6550    2.6550    2.6550    2.6550   1.000
  1234.000   1108.000    1.9298    1.9298    1.9298    1.9298   1.000
  1226.000   1109.000    1.9925    1.9925    1.9925    1.9925   1.000
  1249.000   1109.000    1.2918    1.2918    1.2918    1.2918   1.000
  1268.000   1110.000    0.4357    0.4357    0.4357    0.4357   1.000
  1259.000   1111.000    1.1335    1.1335    1.1335    1.1335   1.000
  1230.000   1112.000    2.3549    2.3549    2.3549    2.3549   1.000
  1236.000   1112.000    1.6606    1.6606    1.6606    1.6606   1.000
  1253.000   1112.000    1.8236    1.8236    1.8236    1.8236   1.000
  1222.000   1113.000    2.5646    2.5646    2.5646    2.5646   1.000
  1262.000   1113.000    2.5138    2.5138    2.5138    2.5138   1.000
  1246.000   1115.000    1.2901    1.2901    1.2901    1.2901   1.000
  1237.000   1116.000    1.7347    1.7347    1.7347    1.7347   1.000
  1222.000   1117.000    0.8906    0.8906    0.8906    0.8906   1.000
  1231.000   1117.000    2.4148    2.4148    2.4148    2.4148   1.000
  1259.000   1117.000    1.4449    1.4449    1.4449    1.4449   1.000
  1275.000   1117.000    2.1318    2.1318    2.1318    2.1318   1.000
  1265.000   1118.000    2.2625    2.2625    2.2625    2.2625   1.000
  1227.000   1119.000    2.2601    2.2601    2.2601    2.2601   1.000
  1251.000   1119.000    2.9156    2.9156    2.9156    2.9156   1.000
  1237.000   1120.000    2.2544    2.2544    2.2544    2.2544   1.000
  1269.000   1120.000    3.1408    3.1408    3.1408    3.1408   1.000
  1259.000   1121.000    1.1998    1.1998    1.1998    1.1998   1.000
  1232.000   1122.000    2.5198    2.5198    2.5198    2.5198   1.000
  1255.000   1122.000    2.5726    2.5726    2.5726    2.5726   1.000
  1275.000   1122.000    2.2108    2.2108    2.2108    2.2108   1.000
  1223.000   1123.000    1.6158    1.6158    1.6158    1.6158   1.000
  1241.000   1123.000    2.0394    2.0394    2.0394    2.0394   1.000
  1234.000   1124.000    2.8867    2.8867    2.8867    2.8867   1.000
  1262.000   1124.000    1.8974    1.8974    1.8974    1.8974   1.000
  1272.000   1124.000    2.4204    2.4204    2.4204    2.4204   1.000
  1238.000   1125.000    3.2323    3.2323    3.2323    3.2323   1.000
  1245.000   1125.000    2.5818    2.5818    2.5818    2.5818   1.000
  1252.000   1125.000    2.8338    2.8338    2.8338    2.8338   1.000
  1265.000   1125.000    1.5370    1.5370    1.5370    1.5370   1.000
  1224.000   1128.000    1.8187    1.8187    1.8187    1.8187   1.000
  1227.000   1128.000    2.4852    2.4852    2.4852    2.4852   1.000
  1237.000   1129.000    1.9887    1.9887    1.9887    1.9887   1.000
  1252.000   1129.000    2.4140    2.4140    2.4140    2.4140   1.000
  1241.000   1130.000    2.3788    2.3788    2.3788    2.3788   1.000
  1270.000   1131.000    1.2334    1.2334    1.2334    1.2334   1.000
  1222.000   1132.000    1.4290    1.4290    1.4290    1.4290   1.000
  1231.000   1132.000    2.2577    2.2577    2.2577    2.2577   1.000
  1247.000   1133.000    1.8261    1.8261    1.8261    1.8261   1.000
  1253.000   1134.000    2.5605    2.5605    2.5605    2.5605   1.000
  1262.000   1134.000    2.0346    2.0346    2.0346    2.0346   1.000
  1273.000   1134.000    1.5725    1.5725    1.5725    1.5725   1.000
  1227.000   1136.000    2.0851    2.0851    2.0851    2.0851   1.000
  1236.000   1136.000    2.2082    2.2082    2.2082    2.2082   1.000
  1242.000   1136.000    1.1409    1.1409    1.1409    1.1409   1.000
  1251.000   1136.000    2.7031    2.7031    2.7031    2.7031   1.000
  1269.000   1137.000    2.5878    2.5878    2.5878    2.5878   1.000
  1259.000   1139.000    0.7551    0.7551    0.7551    0.7551   1.000
  1237.000   1140.000    1.5257    1.5257    1.5257    1.5257   1.000
  1269.000   1141.000    2.1393    2.1393    2.1393    2.1393   1.000
  1229.000   1142.000    2.3727    2.3727    2.3727    2.3727   1.000
  1243.000   1142.000    2.4114    2.4114    2.4114    2.4114   1.000
  1252.000   1143.000    2.7109    2.7109    2.7109    2.7109   1.000
  1272.000   1143.000    2.0916    2.0916    2.0916    2.0916   1.000
  1259.000   1144.000    3.1658    3.1658    3.1658    3.1658   1.000
  1263.000   1144.000    2.4477    2.4477    2.4477    2.4477   1.000
  1268.000   1144.000    1.9129    1.9129    1.9129    1.9129   1.000
  1239.000   1146.000    0.7625    0.7625    0.7625    0.7625   1.000
  1244.000   1146.000    2.7653    2.7653    2.7653    2.7653   1.000
  1249.000   1146.000    2.2512    2.2512    2.2512    2.2512   1.000
   815.000   1156.000   -0.0178   -0.0178   -0.0178   -0.0178   1.000
   799.000   1157.000    2.2480    2.2480    2.2480    2.2480   1.000
   776.000   1158.000    0.6501    0.6501    0.6501    0.6501   1.000
   782.000   1159.000    1.8887    1.8887    1.8887    1.8887   1.000
   810.000   1159.000    1.9722    1.9722    1.9722    1.9722   1.000
   825.000   1159.000    2.6502    2.6502    2.6502    2.6502   1.000
   787.000   1160.000   -0.1415   -0.1415   -0.1415   -0.1415   1.000
   804.000   1161.000    2.3969    2.3969    2.3969    2.3969   1.000
   792.000   1162.000    2.2715    2.2715    2.2715    2.2715   1.000
   802.000   1162.000    2.1480    2.1480    2.1480    2.1480   1.000
   813.000   1162.000    1.2464    1.2464    1.2464    1.2464   1.000
   797.000   1164.000    0.7920    0.7920    0.7920    0.7920   1.000
   826.000   1164.000    2.8492    2.8492    2.8492    2.8492   1.000
   781.000   1165.000    0.3701    0.3701    0.3701    0.3701   1.000
   789.000   1165.000    2.5362    2.5362    2.5362    2.5362   1.000
   785.000   1166.000    1.5857    1.5857    1.5857    1.5857   1.000
   815.000   1166.000    2.3522    2.3522    2.3522    2.3522   1.000
   803.000   1167.000    2.3358    2.3358    2.3358    2.3358   1.000
   800.000   1168.000    2.3224    2.3224    2.3224    2.3224   1.000
   820.000   1168.000   -0.0698   -0.0698   -0.0698   -0.0698   1.000
   778.000   1169.000    0.9872    0.9872    0.9872    0.9872   1.000
   787.000   1170.000    1.4939    1.4939    1.4939    1.4939   1.000
   808.000   1170.000    0.3897    0.3897    0.3897    0.3897   1.000
   813.000   1170.000    1.3619    1.3619    1.3619    1.3619   1.000
   827.000   1170.000    2.4582    2.4582    2.4582    2.4582   1.000
   792.000   1172.000    2.3589    2.3589    2.3589    2.3589   1.000
   797.000   1173.000    1.8655    1.8655    1.8655    1.8655   1.000
   787.000   1174.000    1.8015    1.8015    1.8015    1.8015   1.000
   811.000   1175.000    2.8130    2.8130    2.8130    2.8130   1.000
   776.000   1176.000    1.6196    1.6196    1.6196    1.6196   1.000
   782.000   1176.000    1.5806    1.5806    1.5806    1.5806   1.000
   798.000   1176.000    1.7115    1.7115    1.7115    1.7115   1.000
   816.000   1176.000    2.5331    2.5331    2.5331    2.5331   1.000
   793.000   1177.000    0.2248    0.2248    0.2248    0.2248   1.000
   826.000   1177.000    1.9015    1.9015    1.9015    1.9015   1.000
   800.000   1179.000    1.6688    1.6688    1.6688    1.6688   1.000
   808.000   1179.000    1.3641    1.3641    1.3641    1.3641   1.000
   772.000   1180.000    2.9207    2.9207    2.9207    2.9207   1.000
   784.000   1180.000    2.7634    2.7634    2.7634    2.7634   1.000
   821.000   1180.000    2.0309    2.0309    2.0309    2.0309   1.000
   777.000   1181.000    2.6104    2.6104    2.6104    2.6104   1.000
   815.000   1181.000    1.9952    1.9952    1.9952    1.9952   1.000
   792.000   1184.000    2.9701    2.9701    2.9701    2.9701   1.000
   797.000   1184.000    0.5083    0.5083    0.5083    0.5083   1.000
   811.000   1184.000    2.3329    2.3329    2.3329    2.3329   1.000
   826.000   1184.000    0.8566    0.8566    0.8566    0.8566   1.000
   776.000   1186.000    0.1157    0.1157    0.1157    0.1157   1.000
   781.000   1186.000   -0.5586   -0.5586   -0.5586   -0.5586   1.000
   818.000   1187.000   -0.5120   -0.5120   -0.5120   -0.5120   1.000
   788.000   1188.000    2.1661    2.1661    2.1661    2.1661   1.000
   800.000   1188.000    2.3569    2.3569    2.3569    2.3569   1.000
   791.000   1189.000    2.3853    2.3853    2.3853    2.3853   1.000
   773.000   1190.000    0.0037    0.0037    0.0037    0.0037   1.000
   809.000   1190.000    2.4087    2.4087    2.4087    2.4087   1.000
   814.000   1190.000    2.4871    2.4871    2.4871    2.4871   1.000
   796.000   1191.000    1.9689    1.9689    1.9689    1.9689   1.000
   777.000   1192.000    2.4418    2.4418    2.4418    2.4418   1.000
   819.000   1192.000    1.7959    1.7959    1.7959    1.7959   1.000
   825.000   1192.000    2.2355    2.2355    2.2355    2.2355   1.000
   788.000   1194.000    1.3233    1.3233    1.3233    1.3233   1.000
   774.000   1196.000    1.5125    1.5125    1.5125    1.5125   1.000
   798.000   1196.000    1.5423    1.5423    1.5423    1.5423   1.000
   807.000   1196.000    2.1320    2.1320    2.1320    2.1320   1.000
   813.000   1196.000    2.5966    2.5966    2.5966    2.5966   1.000
   817.000   1196.000    1.6137    1.6137    1.6137    1.6137   1.000
   783.000   1198.000    2.1003    2.1003    2.1003    2.1003   1.000
   810.000   1198.000    2.6577    2.6577    2.6577    2.6577   1.000
   798.000   1200.000    1.7747    1.7747    1.7747    1.7747   1.000
   800.000   1200.000    1.7018    1.7018    1.7018    1.7018   1.000
   777.000   1201.000    2.1340    2.1340    2.1340    2.1340   1.000
   824.000   1201.000    1.9193    1.9193    1.9193    1.9193   1.000
   781.000   1202.000    2.6580    2.6580    2.6580    2.6580   1.000
   816.000   1202.000    1.1918    1.1918    1.1918    1.1918   1.000
   791.000   1203.000    2.5519    2.5519    2.5519    2.5519   1.000
   812.000   1205.000    1.9338    1.9338    1.9338    1.9338   1.000
   774.000   1206.000    1.4487    1.4487    1.4487    1.4487   1.000
   780.000   1206.000    2.1435    2.1435    2.1435    2.1435   1.000
   797.000   1206.000   -0.6430   -0.6430   -0.6430   -0.6430   1.000
   806.000   1206.000    2.4199    2.4199    2.4199    2.4199   1.000
   822.000   1206.000    2.0541    2.0541    2.0541    2.0541   1.000
   817.000   1207.000    2.3468    2.3468    2.3468    2.3468   1.000
   809.000   1208.000    1.8865    1.8865    1.8865    1.8865   1.000
   772.000   1210.000    2.6625    2.6625    2.6625    2.6625   1.000
   802.000   1210.000    1.5074    1.5074    1.5074    1.5074   1.000
   809.000   1210.000    1.4563    1.4563    1.4563    1.4563   1.000
   778.000   1211.000    2.8724    2.8724    2.8724    2.8724   1.000
   842.000   1156.000    2.6130    2.6130    2.6130    2.6130   1.000
   881.000   1156.000    1.8638    1.8638    1.8638    1.8638   1.000
   854.000   1157.000    1.4506    1.4506    1.4506    1.4506   1.000
   858.000   1157.000    2.3196    2.3196    2.3196    2.3196   1.000
   846.000   1158.000    2.8985    2.8985    2.8985    2.8985   1.000
   873.000   1158.000    2.5173    2.5173    2.5173    2.5173   1.000
   840.000   1159.000    3.0349    3.0349    3.0349    3.0349   1.000
   870.000   1159.000    1.0261    1.0261    1.0261    1.0261   1.000
   855.000   1160.000    2.2686    2.2686    2.2686    2.2686   1.000
   876.000   1160.000    2.4533    2.4533    2.4533    2.4533   1.000
   862.000   1161.000    2.0777    2.0777    2.0777    2.0777   1.000
   880.000   1161.000    1.7912    1.7912    1.7912    1.7912   1.000
   890.000   1161.000    1.3751    1.3751    1.3751    1.3751   1.000
   871.000   1164.000    2.2741    2.2741    2.2741    2.2741   1.000
   875.000   1165.000    2.4719    2.4719    2.4719    2.4719   1.000
   880.000   1165.000    1.3765    1.3765    1.3765    1.3765   1.000
   845.000   1166.000    2.3814    2.3814    2.3814    2.3814   1.000
   851.000   1166.000    2.0386    2.0386    2.0386    2.0386   1.000
   888.000   1168.000    2.5854    2.5854    2.5854    2.5854   1.000
   863.000   1169.000    0.2488    0.2488    0.2488    0.2488   1.000
   880.000   1169.000    2.0936    2.0936    2.0936    2.0936   1.000
   856.000   1170.000    2.0143    2.0143    2.0143    2.0143   1.000
   871.000   1170.000    2.8258    2.8258    2.8258    2.8258   1.000
   876.000   1170.000    2.3951    2.3951    2.3951    2.3951   1.000
   853.000   1171.000   -0.2482   -0.2482   -0.2482   -0.2482   1.000
   860.000   1173.000    2.7547    2.7547    2.7547    2.7547   1.000
   839.000   1174.000    1.0502    1.0502    1.0502    1.0502   1.000
   889.000   1174.000    0.8326    0.8326    0.8326    0.8326   1.000
   843.000   1176.000    1.5970    1.5970    1.5970    1.5970   1.000
   852.000   1176.000    3.1761    3.1761    3.1761    3.1761   1.000
   883.000   1176.000    2.0163    2.0163    2.0163    2.0163   1.000
   865.000   1177.000    0.0388    0.0388    0.0388    0.0388   1.000
   836.000   1178.000    2.7259    2.7259    2.7259    2.7259   1.000
   846.000   1179.000    0.4375    0.4375    0.4375    0.4375   1.000
   873.000   1179.000    2.3026    2.3026    2.3026    2.3026   1.000
   877.000   1179.000    2.5368    2.5368    2.5368    2.5368   1.000
   887.000   1179.000    2.2346    2.2346    2.2346    2.2346   1.000
   839.000   1180.000    2.3120    2.3120    2.3120    2.3120   1.000
   882.000   1180.000    2.9195    2.9195    2.9195    2.9195   1.000
   837.000   1182.000    1.8153    1.8153    1.8153    1.8153   1.000
   843.000   1182.000    2.1619    2.1619    2.1619    2.1619   1.000
   873.000   1183.000    0.5058    0.5058    0.5058    0.5058   1.000
   855.000   1184.000    2.4457    2.4457    2.4457    2.4457   1.000
   885.000   1184.000    2.1430    2.1430    2.1430    2.1430   1.000
   847.000   1185.000    2.7936    2.7936    2.7936    2.7936   1.000
   868.000   1185.000    2.5944    2.5944    2.5944    2.5944   1.000
   842.000   1186.000    1.8786    1.8786    1.8786    1.8786   1.000
   889.000   1186.000    2.0594    2.0594    2.0594    2.0594   1.000
   864.000   1187.000    0.1687    0.1687    0.1687    0.1687   1.000
   836.000   1188.000    1.2157    1.2157    1.2157    1.2157   1.000
   851.000   1188.000    0.9105    0.9105    0.9105    0.9105   1.000
   882.000   1188.000    2.1519    2.1519    2.1519    2.1519   1.000
   872.000   1189.000    1.1623    1.1623    1.1623    1.1623   1.000
   886.000   1191.000    0.7087    0.7087    0.7087    0.7087   1.000
   866.000   1192.000    1.8238    1.8238    1.8238    1.8238   1.000
   851.000   1193.000    2.6535    2.6535    2.6535    2.6535   1.000
   881.000   1193.000    1.9987    1.9987    1.9987    1.9987   1.000
   838.000   1194.000    2.5299    2.5299    2.5299    2.5299   1.000
   856.000   1194.000    2.8864    2.8864    2.8864    2.8864   1.000
   843.000   1195.000    1.3610    1.3610    1.3610    1.3610   1.000
   872.000   1195.000    2.0868    2.0868    2.0868    2.0868   1.000
   862.000   1196.000    2.0477    2.0477    2.0477    2.0477   1.000
   875.000   1196.000    2.0325    2.0325    2.0325    2.0325   1.000
   887.000   1196.000    1.7737    1.7737    1.7737    1.7737   1.000
   837.000   1198.000    2.0561    2.0561    2.0561    2.0561   1.000
   872.000   1198.000    2.6162    2.6162    2.6162    2.6162   1.000
   841.000   1199.000    1.7464    1.7464    1.7464    1.7464   1.000
   859.000   1199.000    2.9189    2.9189    2.9189    2.9189   1.000
   847.000   1201.000    1.9977    1.9977    1.9977    1.9977   1.000
   887.000   1201.000    2.8004    2.8004    2.8004    2.8004   1.000
   868.000   1202.000    2.1089    2.1089    2.1089    2.1089   1.000
   883.000   1202.000   -1.5993   -1.5993   -1.5993   -1.5993   1.000
   836.000   1203.000    1.6067    1.6067    1.6067    1.6067   1.000
   859.000   1203.000    2.6721    2.6721    2.6721    2.6721   1.000
   850.000   1205.000    2.2653    2.2653    2.2653    2.2653   1.000
   855.000   1205.000    2.5848    2.5848    2.5848    2.5848   1.000
   864.000   1205.000    2.1645    2.1645    2.1645    2.1645   1.000
   873.000   1205.000    2.1015    2.1015    2.1015    2.1015   1.000
   844.000   1206.000    2.0732    2.0732    2.0732    2.0732   1.000
   880.000   1207.000    2.0297    2.0297    2.0297    2.0297   1.000
   869.000   1208.000    2.3011    2.3011    2.3011    2.3011   1.000
   891.000   1208.000    1.1028    1.1028    1.1028    1.1028   1.000
   885.000   1209.000    2.1634    2.1634    2.1634    2.1634   1.000
   849.000   1211.000   -0.0734   -0.0734   -0.0734   -0.0734   1.000
   891.000   1211.000    1.2816    1.2816    1.2816    1.2816   1.000
   909.000   1156.000    2.0324    2.0324    2.0324    2.0324   1.000
   914.000   1156.000    1.9533    1.9533    1.9533    1.9533   1.000
   907.000   1158.000    1.9346    1.9346    1.9346    1.9346   1.000
   922.000   1158.000    2.3395    2.3395    2.3395    2.3395   1.000
   928.000   1158.000    2.3744    2.3744    2.3744    2.3744   1.000
   900.000   1160.000    2.2817    2.2817    2.2817    2.2817   1.000
   932.000   1160.000    1.9252    1.9252    1.9252    1.9252   1.000
   945.000   1161.000    2.0035    2.0035    2.0035    2.0035   1.000
   913.000   1163.000    0.5152    0.5152    0.5152    0.5152   1.000
   934.000   1163.000    2.2733    2.2733    2.2733    2.2733   1.000
   951.000   1163.000    1.7119    1.7119    1.7119    1.7119   1.000
   942.000   1164.000    2.2172    2.2172    2.2172    2.2172   1.000
   948.000   1165.000    2.0628    2.0628    2.0628    2.0628   1.000
   923.000   1166.000    1.4694    1.4694    1.4694    1.4694   1.000
   939.000   1166.000   -0.6370   -0.6370   -0.6370   -0.6370   1.000
   909.000   1167.000   -0.1522   -0.1522   -0.1522   -0.1522   1.000
   932.000   1167.000    2.4845    2.4845    2.4845    2.4845   1.000
   904.000   1168.000    2.2133    2.2133    2.2133    2.2133   1.000
   920.000   1168.000    1.9207    1.9207    1.9207    1.9207   1.000
   925.000   1168.000    1.9684    1.9684    1.9684    1.9684   1.000
   944.000   1170.000    1.7368    1.7368    1.7368    1.7368   1.000
   950.000   1170.000    0.9453    0.9453    0.9453    0.9453   1.000
   911.000   1171.000   -0.8960   -0.8960   -0.8960   -0.8960   1.000
   919.000   1172.000    2.3908    2.3908    2.3908    2.3908   1.000
   929.000   1172.000    0.7683    0.7683    0.7683    0.7683   1.000
   941.000   1172.000    1.8481    1.8481    1.8481    1.8481   1.000
   901.000   1173.000   -0.4482   -0.4482   -0.4482   -0.4482   1.000
   924.000   1173.000    1.7098    1.7098    1.7098    1.7098   1.000
   934.000   1173.000    2.0463    2.0463    2.0463    2.0463   1.000
   907.000   1174.000    1.3263    1.3263    1.3263    1.3263   1.000
   914.000   1174.000    1.4877    1.4877    1.4877    1.4877   1.000
   930.000   1176.000    2.4160    2.4160    2.4160    2.4160   1.000
   947.000   1176.000    2.3138    2.3138    2.3138    2.3138   1.000
   942.000   1177.000    2.5434    2.5434    2.5434    2.5434   1.000
   909.000   1178.000    2.0982    2.0982    2.0982    2.0982   1.000
   921.000   1178.000    2.0261    2.0261    2.0261    2.0261   1.000
   924.000   1178.000    2.0065    2.0065    2.0065    2.0065   1.000
   911.000   1179.000    1.9894    1.9894    1.9894    1.9894   1.000
   933.000   1179.000    2.0295    2.0295    2.0295    2.0295   1.000
   948.000   1180.000    2.4796    2.4796    2.4796    2.4796   1.000
   939.000   1181.000    2.5989    2.5989    2.5989    2.5989   1.000
   905.000   1182.000    2.0672    2.0672    2.0672    2.0672   1.000
   928.000   1182.000    1.8874    1.8874    1.8874    1.8874   1.000
   922.000   1183.000    2.0505    2.0505    2.0505    2.0505   1.000
   936.000   1183.000    2.5414    2.5414    2.5414    2.5414   1.000
   951.000   1184.000    2.0723    2.0723    2.0723    2.0723   1.000
   913.000   1186.000    1.9362    1.9362    1.9362    1.9362   1.000
   943.000   1186.000    1.4557    1.4557    1.4557    1.4557   1.000
   932.000   1187.000    1.9780    1.9780    1.9780    1.9780   1.000
   905.000   1188.000    2.0120    2.0120    2.0120    2.0120   1.000
   910.000   1188.000    2.3938    2.3938    2.3938    2.3938   1.000
   928.000   1188.000    2.3154    2.3154    2.3154    2.3154   1.000
   923.000   1189.000    1.8517    1.8517    1.8517    1.8517   1.000
   951.000   1189.000    1.9876    1.9876    1.9876    1.9876   1.000
   900.000   1190.000    2.5920    2.5920    2.5920    2.5920   1.000
   942.000   1190.000    3.1600    3.1600    3.1600    3.1600   1.000
   938.000   1191.000    2.2191    2.2191    2.2191    2.2191   1.000
   907.000   1192.000    1.5025    1.5025    1.5025    1.5025   1.000
   913.000   1192.000    2.3276    2.3276    2.3276    2.3276   1.000
   931.000   1193.000    1.6734    1.6734    1.6734    1.6734   1.000
   925.000   1194.000    2.7564    2.7564    2.7564    2.7564   1.000
   937.000   1194.000    2.5026    2.5026    2.5026    2.5026   1.000
   935.000   1195.000    1.9381    1.9381    1.9381    1.9381   1.000
   942.000   1195.000    1.6323    1.6323    1.6323    1.6323   1.000
   952.000   1195.000    2.1595    2.1595    2.1595    2.1595   1.000
   909.000   1196.000    3.3549    3.3549    3.3549    3.3549   1.000
   905.000   1197.000   -0.5556   -0.5556   -0.5556   -0.5556   1.000
   946.000   1197.000    2.7893    2.7893    2.7893    2.7893   1.000
   912.000   1200.000    1.7774    1.7774    1.7774    1.7774   1.000
   925.000   1200.000    1.9157    1.9157    1.9157    1.9157   1.000
   931.000   1201.000    1.9459    1.9459    1.9459    1.9459   1.000
   937.000   1202.000    1.9156    1.9156    1.9156    1.9156   1.000
   945.000   1202.000    1.0850    1.0850    1.0850    1.0850   1.000
   954.000   1202.000    2.8496    2.8496    2.8496    2.8496   1.000
   904.000   1203.000    2.2415    2.2415    2.2415    2.2415   1.000
   929.000   1205.000    2.4119    2.4119    2.4119    2.4119   1.000
   937.000   1205.000    1.8157    1.8157    1.8157    1.8157   1.000
   916.000   1206.000    0.0822    0.0822    0.0822    0.0822   1.000
   954.000   1207.000    2.7509    2.7509    2.7509    2.7509   1.000
   900.000   1208.000    2.0446    2.0446    2.0446    2.0446   1.000
   943.000   1208.000    1.9716    1.9716    1.9716    1.9716   1.000
   906.000   1209.000    1.4465    1.4465    1.4465    1.4465   1.000
   946.000   1210.000    1.9998    1.9998    1.9998    1.9998   1.000
   938.000   1211.000    2.1800    2.1800    2.1800    2.1800   1.000
   949.000   1211.000    1.5498    1.5498    1.5498    1.5498   1.000
   979.000   1156.000    1.3495    1.3495    1.3495    1.3495   1.000
   976.000   1157.000    1.4942    1.4942    1.4942    1.4942   1.000
  1005.000   1157.000    1.8790    1.8790    1.8790    1.8790   1.000
   971.000   1158.000    2.1671    2.1671    2.1671    2.1671   1.000
   989.000   1158.000    2.1595    2.1595    2.1595    2.1595   1.000
   993.000   1158.000    2.0321    2.0321    2.0321    2.0321   1.000
  1017.000   1158.000    2.6874    2.6874    2.6874    2.6874   1.000
   999.000   1159.000    2.2560    2.2560    2.2560    2.2560   1.000
  1009.000   1159.000    1.8194    1.8194    1.8194    1.8194   1.000
   967.000   1160.000    2.4095    2.4095    2.4095    2.4095   1.000
   979.000   1161.000    2.1056    2.1056    2.1056    2.1056   1.000
  1003.000   1161.000    2.6398    2.6398    2.6398    2.6398   1.000
  1016.000   1163.000    1.8069    1.8069    1.8069    1.8069   1.000
   965.000   1164.000    1.9106    1.9106    1.9106    1.9106   1.000
   970.000   1164.000    2.1525    2.1525    2.1525    2.1525   1.000
   994.000   1164.000    1.9505    1.9505    1.9505    1.9505   1.000
  1007.000   1165.000    2.4932    2.4932    2.4932    2.4932   1.000
   998.000   1166.000    2.3914    2.3914    2.3914    2.3914   1.000
  1005.000   1167.000    2.2608    2.2608    2.2608    2.2608   1.000
  1018.000   1167.000    1.7428    1.7428    1.7428    1.7428   1.000
   973.000   1168.000    1.7935    1.7935    1.7935    1.7935   1.000
  1010.000   1168.000    2.0239    2.0239    2.0239    2.0239   1.000
   975.000   1169.000    2.4649    2.4649    2.4649    2.4649   1.000
   967.000   1170.000   -0.0289   -0.0289   -0.0289   -0.0289   1.000
   989.000   1170.000    2.3438    2.3438    2.3438    2.3438   1.000
   999.000   1171.000    0.5449    0.5449    0.5449    0.5449   1.000
   985.000   1172.000    2.4307    2.4307    2.4307    2.4307   1.000
   996.000   1173.000    1.3637    1.3637    1.3637    1.3637   1.000
  1015.000   1173.000    2.8472    2.8472    2.8472    2.8472   1.000
   978.000   1175.000   -0.4524   -0.4524   -0.4524   -0.4524   1.000
   996.000   1176.000    2.0736    2.0736    2.0736    2.0736   1.000
  1000.000   1176.000    2.7169    2.7169    2.7169    2.7169   1.000
   966.000   1177.000    1.9240    1.9240    1.9240    1.9240   1.000
   972.000   1177.000    1.8365    1.8365    1.8365    1.8365   1.000
   983.000   1177.000    1.3998    1.3998    1.3998    1.3998   1.000
  1006.000   1177.000    2.0088    2.0088    2.0088    2.0088   1.000
  1009.000   1178.000    1.5777    1.5777    1.5777    1.5777   1.000
  1014.000   1178.000    0.8039    0.8039    0.8039    0.8039   1.000
   967.000   1179.000    2.1296    2.1296    2.1296    2.1296   1.000
   992.000   1179.000    2.6680    2.6680    2.6680    2.6680   1.000
   969.000   1180.000    1.5428    1.5428    1.5428    1.5428   1.000
  1000.000   1180.000    2.2304    2.2304    2.2304    2.2304   1.000
   997.000   1182.000    2.1260    2.1260    2.1260    2.1260   1.000
  1004.000   1182.000    1.9808    1.9808    1.9808    1.9808   1.000
  1013.000   1183.000    1.4653    1.4653    1.4653    1.4653   1.000
   967.000   1184.000    1.9172    1.9172    1.9172    1.9172   1.000
   980.000   1184.000    1.0594    1.0594    1.0594    1.0594   1.000
   989.000   1185.000   -0.8434   -0.8434   -0.8434   -0.8434   1.000
   999.000   1185.000    2.3651    2.3651    2.3651    2.3651   1.000
  1009.000   1185.000    1.6008    1.6008    1.6008    1.6008   1.000
  1015.000   1185.000    1.4668    1.4668    1.4668    1.4668   1.000
   984.000   1186.000    3.1152    3.1152    3.1152    3.1152   1.000
  1002.000   1187.000    1.3984    1.3984    1.3984    1.3984   1.000
   974.000   1188.000    1.6656    1.6656    1.6656    1.6656   1.000
   997.000   1190.000    2.0379    2.0379    2.0379    2.0379   1.000
   969.000   1191.000   -0.6752   -0.6752   -0.6752   -0.6752   1.000
   988.000   1191.000    1.6569    1.6569    1.6569    1.6569   1.000
  1008.000   1191.000    2.3040    2.3040    2.3040    2.3040   1.000
   976.000   1192.000    2.6340    2.6340    2.6340    2.6340   1.000
  1013.000   1192.000    1.3656    1.3656    1.3656    1.3656   1.000
   983.000   1193.000    2.6451    2.6451    2.6451    2.6451   1.000
   994.000   1194.000    1.3846    1.3846    1.3846    1.3846   1.000
  1019.000   1194.000    2.6472    2.6472    2.6472    2.6472   1.000
   964.000   1196.000    2.2542    2.2542    2.2542    2.2542   1.000
   968.000   1196.000    2.3663    2.3663    2.3663    2.3663   1.000
   986.000   1196.000    2.6531    2.6531    2.6531    2.6531   1.000
   992.000   1196.000    1.8085    1.8085    1.8085    1.8085   1.000
  1008.000   1196.000    1.8301    1.8301    1.8301    1.8301   1.000
   998.000   1197.000    2.0723    2.0723    2.0723    2.0723   1.000
  1015.000   1197.000    1.7423    1.7423    1.7423    1.7423   1.000
  1002.000   1198.000    2.3585    2.3585    2.3585    2.3585   1.000
  1005.000   1198.000    2.1848    2.1848    2.1848    2.1848   1.000
   973.000   1199.000    2.8925    2.8925    2.8925    2.8925   1.000
   982.000   1199.000    2.6404    2.6404    2.6404    2.6404   1.000
   977.000   1201.000    2.3564    2.3564    2.3564    2.3564   1.000
   990.000   1201.000    1.7681    1.7681    1.7681    1.7681   1.000
  1012.000   1202.000    2.2449    2.2449    2.2449    2.2449   1.000
  1017.000   1202.000    2.4943    2.4943    2.4943    2.4943   1.000
   968.000   1203.000    2.8443    2.8443    2.8443    2.8443   1.000
   994.000   1203.000    3.3576    3.3576    3.3576    3.3576   1.000
   974.000   1204.000    2.4055    2.4055    2.4055    2.4055   1.000
   998.000   1204.000    2.4099    2.4099    2.4099    2.4099   1.000
  1009.000   1204.000    1.7888    1.7888    1.7888    1.7888   1.000
  1006.000   1205.000    1.2764    1.2764    1.2764    1.2764   1.000
   990.000   1207.000    2.3141    2.3141    2.3141    2.3141   1.000
   986.000   1208.000    2.2810    2.2810    2.2810    2.2810   1.000
  1017.000   1208.000    1.9065    1.9065    1.9065    1.9065   1.000
   994.000   1209.000    2.9828    2.9828    2.9828    2.9828   1.000
  1009.000   1209.000    2.3371    2.3371    2.3371    2.3371   1.000
  1038.000   1156.000    0.9803    0.9803    0.9803    0.9803   1.000
  1049.000   1156.000    2.2239    2.2239    2.2239    2.2239   1.000
  1078.000   1156.000    1.7293    1.7293    1.7293    1.7293   1.000
  1082.000   1156.000    2.8652    2.8652    2.8652    2.8652   1.000
  1055.000   1158.000   -0.5096   -0.5096   -0.5096   -0.5096   1.000
  1066.000   1158.000    3.0465    3.0465    3.0465    3.0465   1.000
  1032.000   1159.000    2.3585    2.3585    2.3585    2.3585   1.000
  1050.000   1159.000    1.7492    1.7492    1.7492    1.7492   1.000
  1041.000   1160.000    1.2823    1.2823    1.2823    1.2823   1.000
  1061.000   1161.000    0.7155    0.7155    0.7155    0.7155   1.000
  1074.000   1162.000    1.6299    1.6299    1.6299    1.6299   1.000
  1079.000   1162.000    1.5905    1.5905    1.5905    1.5905   1.000
  1068.000   1163.000    2.2581    2.2581    2.2581    2.2581   1.000
  1043.000   1164.000   -0.1585   -0.1585   -0.1585   -0.1585   1.000
  1074.000   1164.000    1.8660    1.8660    1.8660    1.8660   1.000
  1028.000   1165.000    2.3825    2.3825    2.3825    2.3825   1.000
  1056.000   1165.000    1.9992    1.9992    1.9992    1.9992   1.000
  1051.000   1166.000    1.3104    1.3104    1.3104    1.3104   1.000
  1063.000   1167.000    2.6255    2.6255    2.6255    2.6255   1.000
  1083.000   1167.000    2.5572    2.5572    2.5572    2.5572   1.000
  1032.000   1168.000    1.2249    1.2249    1.2249    1.2249   1.000
  1047.000   1168.000    2.9348    2.9348    2.9348    2.9348   1.000
  1068.000   1168.000    2.8691    2.8691    2.8691    2.8691   1.000
  1078.000   1168.000    2.0995    2.0995    2.0995    2.0995   1.000
  1064.000   1169.000    2.7187    2.7187    2.7187    2.7187   1.000
  1074.000   1169.000    1.7888    1.7888    1.7888    1.7888   1.000
  1035.000   1170.000    2.2940    2.2940    2.2940    2.2940   1.000
  1058.000   1170.000    2.2410    2.2410    2.2410    2.2410   1.000
  1048.000   1171.000    2.2827    2.2827    2.2827    2.2827   1.000
  1082.000   1173.000    2.9004    2.9004    2.9004    2.9004   1.000
  1037.000   1174.000    2.0683    2.0683    2.0683    2.0683   1.000
  1061.000   1174.000    1.7816    1.7816    1.7816    1.7816   1.000
  1069.000   1174.000    1.6075    1.6075    1.6075    1.6075   1.000
  1056.000   1175.000    2.8038    2.8038    2.8038    2.8038   1.000
  1034.000   1176.000    2.2339    2.2339    2.2339    2.2339   1.000
  1051.000   1176.000   -0.3632   -0.3632   -0.3632   -0.3632   1.000
  1072.000   1177.000    1.2543    1.2543    1.2543    1.2543   1.000
  1039.000   1178.000    1.5994    1.5994    1.5994    1.5994   1.000
  1077.000   1178.000    2.5889    2.5889    2.5889    2.5889   1.000
  1082.000   1178.000    2.0323    2.0323    2.0323    2.0323   1.000
  1068.000   1179.000    0.7684    0.7684    0.7684    0.7684   1.000
  1050.000   1180.000   -0.4165   -0.4165   -0.4165   -0.4165   1.000
  1058.000   1180.000    1.6796    1.6796    1.6796    1.6796   1.000
  1031.000   1181.000   -0.2673   -0.2673   -0.2673   -0.2673   1.000
  1044.000   1181.000    2.6950    2.6950    2.6950    2.6950   1.000
  1074.000   1181.000    0.8163    0.8163    0.8163    0.8163   1.000
  1068.000   1183.000    2.2068    2.2068    2.2068    2.2068   1.000
  1046.000   1185.000    2.5844    2.5844    2.5844    2.5844   1.000
  1060.000   1185.000    2.2952    2.2952    2.2952    2.2952   1.000
  1041.000   1186.000    2.5975    2.5975    2.5975    2.5975   1.000
  1050.000   1186.000    2.0730    2.0730    2.0730    2.0730   1.000
  1053.000   1186.000    1.6207    1.6207    1.6207    1.6207   1.000
  1081.000   1186.000    1.7756    1.7756    1.7756    1.7756   1.000
  1031.000   1187.000    1.0887    1.0887    1.0887    1.0887   1.000
  1076.000   1187.000    2.0509    2.0509    2.0509    2.0509   1.000
  1037.000   1188.000    2.2905    2.2905    2.2905    2.2905   1.000
  1034.000   1190.000    2.0924    2.0924    2.0924    2.0924   1.000
  1056.000   1190.000    1.9747    1.9747    1.9747    1.9747   1.000
  1059.000   1190.000    1.2989    1.2989    1.2989    1.2989   1.000
  1065.000   1190.000    2.1719    2.1719    2.1719    2.1719   1.000
  1043.000   1191.000    1.7366    1.7366    1.7366    1.7366   1.000
  1074.000   1191.000    2.4323    2.4323    2.4323    2.4323   1.000
  1048.000   1192.000   -0.6414   -0.6414   -0.6414   -0.6414   1.000
  1079.000   1192.000    2.4080    2.4080    2.4080    2.4080   1.000
  1083.000   1192.000    1.8114    1.8114    1.8114    1.8114   1.000
  1063.000   1193.000    2.7264    2.7264    2.7264    2.7264   1.000
  1030.000   1194.000    1.7848    1.7848    1.7848    1.7848   1.000
  1053.000   1194.000    1.9129    1.9129    1.9129    1.9129   1.000
  1068.000   1194.000    2.5875    2.5875    2.5875    2.5875   1.000
  1039.000   1195.000    2.1655    2.1655    2.1655    2.1655   1.000
  1049.000   1197.000    1.0647    1.0647    1.0647    1.0647   1.000
  1034.000   1198.000    2.2609    2.2609    2.2609    2.2609   1.000
  1056.000   1199.000    1.4420    1.4420    1.4420    1.4420   1.000
  1044.000   1200.000    0.8118    0.8118    0.8118    0.8118   1.000
  1035.000   1202.000    2.0918    2.0918    2.0918    2.0918   1.000
  1052.000   1202.000    2.2047    2.2047    2.2047    2.2047   1.000
  1068.000   1202.000    3.0477    3.0477    3.0477    3.0477   1.000
  1083.000   1202.000    2.2263    2.2263    2.2263    2.2263   1.000
  1037.000   1203.000    1.8514    1.8514    1.8514    1.8514   1.000
  1057.000   1204.000    1.2484    1.2484    1.2484    1.2484   1.000
  1079.000   1205.000    1.7292    1.7292    1.7292    1.7292   1.000
  1029.000   1206.000    2.0877    2.0877    2.0877    2.0877   1.000
  1045.000   1206.000    2.1002    2.1002    2.1002    2.1002   1.000
  1072.000   1206.000   -0.2813   -0.2813   -0.2813   -0.2813   1.000
  1041.000   1207.000    1.9621    1.9621    1.9621    1.9621   1.000
  1050.000   1207.000    2.2386    2.2386    2.2386    2.2386   1.000
  1065.000   1207.000    1.5897    1.5897    1.5897    1.5897   1.000
  1055.000   1208.000    2.1227    2.1227    2.1227    2.1227   1.000
  1060.000   1208.000    3.2271    3.2271    3.2271    3.2271   1.000
  1076.000   1208.000    1.5342    1.5342    1.5342    1.5342   1.000
  1032.000   1210.000    2.0732    2.0732    2.0732    2.0732   1.000
  1083.000   1210.000    0.9201    0.9201    0.9201    0.9201   1.000
  1064.000   1211.000    2.1486    2.1486    2.1486    2.1486   1.000
  1068.000   1211.000    1.9560    1.9560    1.9560    1.9560   1.000
  1094.000   1156.000    3.0054    3.0054    3.0054    3.0054   1.000
  1104.000   1156.000    1.7856    1.7856    1.7856    1.7856   1.000
  1117.000   1157.000    2.4619    2.4619    2.4619    2.4619   1.000
  1138.000   1157.000    0.7466    0.7466    0.7466    0.7466   1.000
  1147.000   1157.000    1.6885    1.6885    1.6885    1.6885   1.000
  1100.000   1158.000    2.5105    2.5105    2.5105    2.5105   1.000
  1133.000   1159.000    0.4026    0.4026    0.4026    0.4026   1.000
  1121.000   1160.000    2.1641    2.1641    2.1641    2.1641   1.000
  1093.000   1161.000    1.9370    1.9370    1.9370    1.9370   1.000
  1111.000   1161.000    2.0762    2.0762    2.0762    2.0762   1.000
  1128.000   1162.000   -1.4234   -1.4234   -1.4234   -1.4234   1.000
  1137.000   1162.000    2.4201    2.4201    2.4201    2.4201   1.000
  1145.000   1162.000    2.0585    2.0585    2.0585    2.0585   1.000
  1099.000   1164.000    1.1784    1.1784    1.1784    1.1784   1.000
  1119.000   1164.000    2.2804    2.2804    2.2804    2.2804   1.000
  1123.000   1164.000    2.5313    2.5313    2.5313    2.5313   1.000
  1113.000   1166.000    2.6298    2.6298    2.6298    2.6298   1.000
  1102.000   1168.000    2.2036    2.2036    2.2036    2.2036   1.000
  1096.000   1169.000    1.9474    1.9474    1.9474    1.9474   1.000
  1120.000   1169.000    2.1298    2.1298    2.1298    2.1298   1.000
  1128.000   1169.000    1.7817    1.7817    1.7817    1.7817   1.000
  1109.000   1170.000    1.3807    1.3807    1.3807    1.3807   1.000
  1138.000   1170.000    1.9804    1.9804    1.9804    1.9804   1.000
  1143.000   1170.000    1.1900    1.1900    1.1900    1.1900   1.000
  1105.000   1173.000    1.8832    1.8832    1.8832    1.8832   1.000
  1122.000   1173.000    1.5091    1.5091    1.5091    1.5091   1.000
  1129.000   1173.000    1.7097    1.7097    1.7097    1.7097   1.000
  1095.000   1174.000    1.8743    1.8743    1.8743    1.8743   1.000
  1100.000   1176.000    0.1424    0.1424    0.1424    0.1424   1.000
  1130.000   1176.000    1.1956    1.1956    1.1956    1.1956   1.000
  1136.000   1176.000    1.3120    1.3120    1.3120    1.3120   1.000
  1144.000   1176.000    2.6367    2.6367    2.6367    2.6367   1.000
  1104.000   1177.000    1.3988    1.3988    1.3988    1.3988   1.000
  1124.000   1177.000    2.1592    2.1592    2.1592    2.1592   1.000
  1111.000   1178.000   -0.6188   -0.6188   -0.6188   -0.6188   1.000
  1095.000   1179.000    2.1181    2.1181    2.1181    2.1181   1.000
  1140.000   1179.000    2.3030    2.3030    2.3030    2.3030   1.000
  1098.000   1180.000    2.4024    2.4024    2.4024    2.4024   1.000
  1117.000   1182.000   -0.8267   -0.8267   -0.8267   -0.8267   1.000
  1131.000   1182.000    0.8410    0.8410    0.8410    0.8410   1.000
  1136.000   1182.000    0.9509    0.9509    0.9509    0.9509   1.000
  1147.000   1182.000    2.3891    2.3891    2.3891    2.3891   1.000
  1101.000   1183.000    1.6178    1.6178    1.6178    1.6178   1.000
  1105.000   1183.000    2.2506    2.2506    2.2506    2.2506   1.000
  1142.000   1183.000    2.3279    2.3279    2.3279    2.3279   1.000
  1126.000   1185.000    2.1807    2.1807    2.1807    2.1807   1.000
  1114.000   1187.000    2.7898    2.7898    2.7898    2.7898   1.000
  1122.000   1187.000    2.6186    2.6186    2.6186    2.6186   1.000
  1138.000   1187.000    1.6079    1.6079    1.6079    1.6079   1.000
  1108.000   1188.000    1.8498    1.8498    1.8498    1.8498   1.000
  1105.000   1189.000    0.8723    0.8723    0.8723    0.8723   1.000
  1126.000   1190.000    2.5129    2.5129    2.5129    2.5129   1.000
  1119.000   1191.000    2.3097    2.3097    2.3097    2.3097   1.000
  1096.000   1192.000    1.3764    1.3764    1.3764    1.3764   1.000
  1110.000   1192.000    1.4933    1.4933    1.4933    1.4933   1.000
  1127.000   1192.000    2.2570    2.2570    2.2570    2.2570   1.000
  1139.000   1192.000    0.5817    0.5817    0.5817    0.5817   1.000
  1101.000   1193.000    2.4589    2.4589    2.4589    2.4589   1.000
  1134.000   1194.000    0.9773    0.9773    0.9773    0.9773   1.000
  1144.000   1194.000    2.4998    2.4998    2.4998    2.4998   1.000
  1122.000   1195.000    1.9070    1.9070    1.9070    1.9070   1.000
  1138.000   1197.000    0.3203    0.3203    0.3203    0.3203   1.000
  1143.000   1197.000    2.2742    2.2742    2.2742    2.2742   1.000
  1106.000   1198.000    2.1022    2.1022    2.1022    2.1022   1.000
  1113.000   1198.000    1.1263    1.1263    1.1263    1.1263   1.000
  1127.000   1198.000    1.9185    1.9185    1.9185    1.9185   1.000
  1145.000   1198.000    2.5458    2.5458    2.5458    2.5458   1.000
  1094.000   1199.000    3.0173    3.0173    3.0173    3.0173   1.000
  1117.000   1200.000    2.5740    2.5740    2.5740    2.5740   1.000
  1130.000   1200.000    1.9039    1.9039    1.9039    1.9039   1.000
  1113.000   1201.000    2.3023    2.3023    2.3023    2.3023   1.000
  1098.000   1202.000    2.1855    2.1855    2.1855    2.1855   1.000
  1108.000   1202.000    2.0313    2.0313    2.0313    2.0313   1.000
  1144.000   1202.000    2.1181    2.1181    2.1181    2.1181   1.000
  1102.000   1203.000    2.3618    2.3618    2.3618    2.3618   1.000
  1129.000   1203.000    1.6073    1.6073    1.6073    1.6073   1.000
  1135.000   1203.000    0.2136    0.2136    0.2136    0.2136   1.000
  1094.000   1204.000    2.7872    2.7872    2.7872    2.7872   1.000
  1115.000   1206.000    2.8842    2.8842    2.8842    2.8842   1.000
  1117.000   1206.000    2.3818    2.3818    2.3818    2.3818   1.000
  1094.000   1207.000    2.5835    2.5835    2.5835    2.5835   1.000
  1107.000   1207.000    1.3665    1.3665    1.3665    1.3665   1.000
  1111.000   1207.000    2.7496    2.7496    2.7496    2.7496   1.000
  1147.000   1207.000    1.9316    1.9316    1.9316    1.9316   1.000
  1097.000   1210.000    2.2224    2.2224    2.2224    2.2224   1.000
  1133.000   1210.000    2.2461    2.2461    2.2461    2.2461   1.000
  1140.000   1210.000    2.1884    2.1884    2.1884    2.1884   1.000
  1111.000   1211.000    2.4004    2.4004    2.4004    2.4004   1.000
  1158.000   1156.000    1.5443    1.5443    1.5443    1.5443   1.000
  1166.000   1156.000    2.1935    2.1935    2.1935    2.1935   1.000
  1200.000   1156.000    3.2234    3.2234    3.2234    3.2234   1.000
  1183.000   1157.000    1.8966    1.8966    1.8966    1.8966   1.000
  1173.000   1159.000    2.8423    2.8423    2.8423    2.8423   1.000
  1178.000   1160.000    0.6397    0.6397    0.6397    0.6397   1.000
  1187.000   1160.000    2.3840    2.3840    2.3840    2.3840   1.000
  1190.000   1161.000    1.8613    1.8613    1.8613    1.8613   1.000
  1202.000   1161.000    1.8716    1.8716    1.8716    1.8716   1.000
  1182.000   1162.000    2.2191    2.2191    2.2191    2.2191   1.000
  1209.000   1164.000    2.1193    2.1193    2.1193    2.1193   1.000
  1157.000   1165.000    2.5344    2.5344    2.5344    2.5344   1.000
  1192.000   1165.000    2.2296    2.2296    2.2296    2.2296   1.000
  1167.000   1166.000    2.1595    2.1595    2.1595    2.1595   1.000
  1187.000   1166.000    2.3640    2.3640    2.3640    2.3640   1.000
  1200.000   1166.000    2.5649    2.5649    2.5649    2.5649   1.000
  1205.000   1166.000    2.6121    2.6121    2.6121    2.6121   1.000
  1173.000   1167.000   -0.9254   -0.9254   -0.9254   -0.9254   1.000
  1181.000   1167.000    2.4720    2.4720    2.4720    2.4720   1.000
  1196.000   1169.000    2.0450    2.0450    2.0450    2.0450   1.000
  1208.000   1169.000    2.8956    2.8956    2.8956    2.8956   1.000
  1159.000   1170.000    2.8226    2.8226    2.8226    2.8226   1.000
  1189.000   1170.000    2.5073    2.5073    2.5073    2.5073   1.000
  1202.000   1170.000    2.5365    2.5365    2.5365    2.5365   1.000
  1170.000   1171.000    2.1032    2.1032    2.1032    2.1032   1.000
  1204.000   1172.000    2.4405    2.4405    2.4405    2.4405   1.000
  1174.000   1173.000    2.2174    2.2174    2.2174    2.2174   1.000
  1157.000   1174.000    2.7599    2.7599    2.7599    2.7599   1.000
  1179.000   1174.000   -0.5290   -0.5290   -0.5290   -0.5290   1.000
  1168.000   1175.000   -0.0269   -0.0269   -0.0269   -0.0269   1.000
  1196.000   1175.000   -1.0158   -1.0158   -1.0158   -1.0158   1.000
  1207.000   1175.000    2.4473    2.4473    2.4473    2.4473   1.000
  1160.000   1177.000    2.0674    2.0674    2.0674    2.0674   1.000
  1163.000   1179.000    2.5300    2.5300    2.5300    2.5300   1.000
  1181.000   1179.000   -0.0178   -0.0178   -0.0178   -0.0178   1.000
  1209.000   1179.000    0.8026    0.8026    0.8026    0.8026   1.000
  1185.000   1180.000    0.9778    0.9778    0.9778    0.9778   1.000
  1190.000   1180.000    1.7191    1.7191    1.7191    1.7191   1.000
  1175.000   1181.000    1.6184    1.6184    1.6184    1.6184   1.000
  1201.000   1181.000    2.5456    2.5456    2.5456    2.5456   1.000
  1161.000   1182.000    2.5620    2.5620    2.5620    2.5620   1.000
  1157.000   1184.000    2.2623    2.2623    2.2623    2.2623   1.000
  1206.000   1184.000    2.5404    2.5404    2.5404    2.5404   1.000
  1190.000   1185.000    1.9694    1.9694    1.9694    1.9694   1.000
  1173.000   1186.000    1.3900    1.3900    1.3900    1.3900   1.000
  1159.000   1187.000    2.1234    2.1234    2.1234    2.1234   1.000
  1181.000   1187.000    2.0973    2.0973    2.0973    2.0973   1.000
  1198.000   1187.000   -0.3848   -0.3848   -0.3848   -0.3848   1.000
  1211.000   1189.000    1.6112    1.6112    1.6112    1.6112   1.000
  1177.000   1190.000    2.3902    2.3902    2.3902    2.3902   1.000
  1190.000   1190.000    1.7409    1.7409    1.7409    1.7409   1.000
  1206.000   1190.000    2.2973    2.2973    2.2973    2.2973   1.000
  1173.000   1191.000    2.6721    2.6721    2.6721    2.6721   1.000
  1183.000   1191.000   -0.6623   -0.6623   -0.6623   -0.6623   1.000
  1169.000   1192.000    1.4004    1.4004    1.4004    1.4004   1.000
  1194.000   1193.000    2.0752    2.0752    2.0752    2.0752   1.000
  1196.000   1193.000    2.3087    2.3087    2.3087    2.3087   1.000
  1200.000   1193.000    2.7535    2.7535    2.7535    2.7535   1.000
  1164.000   1194.000    3.1992    3.1992    3.1992    3.1992   1.000
  1158.000   1195.000   -0.5994   -0.5994   -0.5994   -0.5994   1.000
  1175.000   1195.000    1.7295    1.7295    1.7295    1.7295   1.000
  1209.000   1196.000    0.3866    0.3866    0.3866    0.3866   1.000
  1167.000   1197.000   -0.2852   -0.2852   -0.2852   -0.2852   1.000
  1204.000   1197.000    2.8295    2.8295    2.8295    2.8295   1.000
  1196.000   1198.000    2.7259    2.7259    2.7259    2.7259   1.000
  1201.000   1199.000    2.6469    2.6469    2.6469    2.6469   1.000
  1164.000   1200.000    2.0639    2.0639    2.0639    2.0639   1.000
  1171.000   1200.000    0.5263    0.5263    0.5263    0.5263   1.000
  1207.000   1200.000    2.3370    2.3370    2.3370    2.3370   1.000
  1182.000   1202.000    1.1672    1.1672    1.1672    1.1672   1.000
  1189.000   1202.000    2.2407    2.2407    2.2407    2.2407   1.000
  1206.000   1202.000    2.0156    2.0156    2.0156    2.0156   1.000
  1200.000   1203.000    2.0201    2.0201    2.0201    2.0201   1.000
  1161.000   1204.000    2.2776    2.2776    2.2776    2.2776   1.000
  1169.000   1204.000   -0.5485   -0.5485   -0.5485   -0.5485   1.000
  1157.000   1205.000    2.1636    2.1636    2.1636    2.1636   1.000
  1178.000   1205.000    1.9185    1.9185    1.9185    1.9185   1.000
  1183.000   1205.000    1.7249    1.7249    1.7249    1.7249   1.000
  1195.000   1205.000    1.9212    1.9212    1.9212    1.9212   1.000
  1180.000   1208.000    2.3733    2.3733    2.3733    2.3733   1.000
  1208.000   1208.000    2.0894    2.0894    2.0894    2.0894   1.000
  1170.000   1209.000    2.2683    2.2683    2.2683    2.2683   1.000
  1188.000   1209.000    2.1318    2.1318    2.1318    2.1318   1.000
  1196.000   1209.000    2.6442    2.6442    2.6442    2.6442   1.000
  1200.000   1209.000    2.0071    2.0071    2.0071    2.0071   1.000
  1161.000   1210.000    2.1207    2.1207    2.1207    2.1207   1.000
  1185.000   1210.000    2.2942    2.2942    2.2942    2.2942   1.000
  1166.000   1211.000    2.5697    2.5697    2.5697    2.5697   1.000
  1174.000   1211.000    2.5497    2.5497    2.5497    2.5497   1.000
  1221.000   1156.000    0.3108    0.3108    0.3108    0.3108   1.000
  1245.000   1156.000    2.4347    2.4347    2.4347    2.4347   1.000
  1269.000   1156.000    2.4985    2.4985    2.4985    2.4985   1.000
  1257.000   1158.000    2.0934    2.0934    2.0934    2.0934   1.000
  1238.000   1159.000    2.0769    2.0769    2.0769    2.0769   1.000
  1261.000   1159.000    1.2990    1.2990    1.2990    1.2990   1.000
  1265.000   1159.000    2.3366    2.3366    2.3366    2.3366   1.000
  1243.000   1160.000    2.2633    2.2633    2.2633    2.2633   1.000
  1252.000   1160.000    2.0914    2.0914    2.0914    2.0914   1.000
  1275.000   1160.000    2.2442    2.2442    2.2442    2.2442   1.000
  1224.000   1161.000    1.6803    1.6803    1.6803    1.6803   1.000
  1222.000   1162.000    1.4775    1.4775    1.4775    1.4775   1.000
  1229.000   1162.000    2.1355    2.1355    2.1355    2.1355   1.000
  1234.000   1162.000    1.6246    1.6246    1.6246    1.6246   1.000
  1248.000   1163.000    1.9772    1.9772    1.9772    1.9772   1.000
  1256.000   1163.000    2.1341    2.1341    2.1341    2.1341   1.000
  1262.000   1163.000    1.9261    1.9261    1.9261    1.9261   1.000
  1268.000   1164.000    2.0152    2.0152    2.0152    2.0152   1.000
  1221.000   1167.000    2.4927    2.4927    2.4927    2.4927   1.000
  1251.000   1167.000    2.1871    2.1871    2.1871    2.1871   1.000
  1259.000   1167.000    1.0333    1.0333    1.0333    1.0333   1.000
  1226.000   1168.000    1.5902    1.5902    1.5902    1.5902   1.000
  1228.000   1168.000    1.8472    1.8472    1.8472    1.8472   1.000
  1234.000   1168.000    0.4278    0.4278    0.4278    0.4278   1.000
  1265.000   1168.000    1.1679    1.1679    1.1679    1.1679   1.000
  1244.000   1169.000    0.5720    0.5720    0.5720    0.5720   1.000
  1254.000   1169.000    1.5862    1.5862    1.5862    1.5862   1.000
  1267.000   1170.000    2.6093    2.6093    2.6093    2.6093   1.000
  1222.000   1172.000    1.8575    1.8575    1.8575    1.8575   1.000
  1230.000   1172.000    2.1432    2.1432    2.1432    2.1432   1.000
  1239.000   1172.000   -0.2516   -0.2516   -0.2516   -0.2516   1.000
  1262.000   1172.000    2.3284    2.3284    2.3284    2.3284   1.000
  1255.000   1173.000    2.0243    2.0243    2.0243    2.0243   1.000
  1244.000   1174.000    1.1208    1.1208    1.1208    1.1208   1.000
  1234.000   1175.000    2.1718    2.1718    2.1718    2.1718   1.000
  1238.000   1176.000    2.3396    2.3396    2.3396    2.3396   1.000
  1264.000   1176.000    3.1347    3.1347    3.1347    3.1347   1.000
  1221.000   1177.000    2.0035    2.0035    2.0035    2.0035   1.000
  1230.000   1177.000    1.9073    1.9073    1.9073    1.9073   1.000
  1247.000   1177.000    2.4328    2.4328    2.4328    2.4328   1.000
  1275.000   1177.000    2.5950    2.5950    2.5950    2.5950   1.000
  1260.000   1178.000    2.2170    2.2170    2.2170    2.2170   1.000
  1231.000   1179.000    1.8225    1.8225    1.8225    1.8225   1.000
  1226.000   1180.000    0.9139    0.9139    0.9139    0.9139   1.000
  1234.000   1180.000    1.6600    1.6600    1.6600    1.6600   1.000
  1239.000   1180.000    2.1929    2.1929    2.1929    2.1929   1.000
  1243.000   1180.000    1.3586    1.3586    1.3586    1.3586   1.000
  1264.000   1181.000    1.1065    1.1065    1.1065    1.1065   1.000
  1269.000   1181.000    2.3333    2.3333    2.3333    2.3333   1.000
  1274.000   1181.000    2.1956    2.1956    2.1956    2.1956   1.000
  1222.000   1182.000    1.4706    1.4706    1.4706    1.4706   1.000
  1258.000   1182.000    2.7006    2.7006    2.7006    2.7006   1.000
  1228.000   1184.000    1.9408    1.9408    1.9408    1.9408   1.000
  1237.000   1184.000    2.5017    2.5017    2.5017    2.5017   1.000
  1245.000   1184.000    2.4088    2.4088    2.4088    2.4088   1.000
  1241.000   1185.000    1.7116    1.7116    1.7116    1.7116   1.000
  1266.000   1185.000    2.8444    2.8444    2.8444    2.8444   1.000
  1255.000   1186.000    2.4888    2.4888    2.4888    2.4888   1.000
  1229.000   1187.000    2.0141    2.0141    2.0141    2.0141   1.000
  1269.000   1187.000    2.6796    2.6796    2.6796    2.6796   1.000
  1273.000   1187.000    2.9700    2.9700    2.9700    2.9700   1.000
  1223.000   1188.000    2.3232    2.3232    2.3232    2.3232   1.000
  1245.000   1188.000    1.4453    1.4453    1.4453    1.4453   1.000
  1251.000   1188.000    1.8688    1.8688    1.8688    1.8688   1.000
  1260.000   1188.000    1.7283    1.7283    1.7283    1.7283   1.000
  1233.000   1189.000    1.6240    1.6240    1.6240    1.6240   1.000
  1256.000   1190.000    2.8408    2.8408    2.8408    2.8408   1.000
  1242.000   1191.000    2.2648    2.2648    2.2648    2.2648   1.000
  1262.000   1191.000    2.3718    2.3718    2.3718    2.3718   1.000
  1221.000   1192.000    3.2613    3.2613    3.2613    3.2613   1.000
  1248.000   1192.000    2.2393    2.2393    2.2393    2.2393   1.000
  1270.000   1192.000    2.6927    2.6927    2.6927    2.6927   1.000
  1232.000   1194.000    2.0689    2.0689    2.0689    2.0689   1.000
  1236.000   1194.000    2.8895    2.8895    2.8895    2.8895   1.000
  1243.000   1195.000    2.2216    2.2216    2.2216    2.2216   1.000
  1251.000   1195.000    1.1660    1.1660    1.1660    1.1660   1.000
  1224.000   1197.000    2.2621    2.2621    2.2621    2.2621   1.000
  1259.000   1197.000    0.2894    0.2894    0.2894    0.2894   1.000
  1268.000   1197.000    2.2462    2.2462    2.2462    2.2462   1.000
  1246.000   1198.000    2.6550    2.6550    2.6550    2.6550   1.000
  1235.000   1199.000    2.5230    2.5230    2.5230    2.5230   1.000
  1251.000   1199.000    2.7554    2.7554    2.7554    2.7554   1.000
  1239.000   1200.000    2.3408    2.3408    2.3408    2.3408   1.000
  1243.000   1200.000    1.3752    1.3752    1.3752    1.3752   1.000
  1272.000   1200.000    2.4399    2.4399    2.4399    2.4399   1.000
  1235.000   1202.000    2.3860    2.3860    2.3860    2.3860   1.000
  1254.000   1202.000    2.0990    2.0990    2.0990    2.0990   1.000
  1263.000   1202.000    1.7824    1.7824    1.7824    1.7824   1.000
  1228.000   1204.000    0.0512    0.0512    0.0512    0.0512   1.000
  1243.000   1204.000    1.8933    1.8933    1.8933    1.8933   1.000
  1248.000   1204.000    2.3833    2.3833    2.3833    2.3833   1.000
  1258.000   1204.000    1.6695    1.6695    1.6695    1.6695   1.000
  1222.000   1205.000    2.6153    2.6153    2.6153    2.6153   1.000
  1238.000   1205.000    2.6171    2.6171    2.6171    2.6171   1.000
  1235.000   1208.000    1.8660    1.8660    1.8660    1.8660   1.000
  1252.000   1208.000    2.0843    2.0843    2.0843    2.0843   1.000
  1257.000   1208.000    1.7351    1.7351    1.7351    1.7351   1.000
  1272.000   1208.000    2.6314    2.6314    2.6314    2.6314   1.000
  1229.000   1209.000    2.0165    2.0165    2.0165    2.0165   1.000
  1243.000   1209.000    1.5745    1.5745    1.5745    1.5745   1.000
  1239.000   1210.000    3.0445    3.0445    3.0445    3.0445   1.000
  1248.000   1210.000    2.1944    2.1944    2.1944    2.1944   1.000
   788.000   1222.000    1.5420    1.5420    1.5420    1.5420   1.000
   798.000   1222.000    2.4961    2.4961    2.4961    2.4961   1.000
   809.000   1222.000    2.3045    2.3045    2.3045    2.3045   1.000
   772.000   1223.000    1.7360    1.7360    1.7360    1.7360   1.000
   775.000   1223.000    2.6826    2.6826    2.6826    2.6826   1.000
   813.000   1223.000    3.3472    3.3472    3.3472    3.3472   1.000
   792.000   1224.000    2.8603    2.8603    2.8603    2.8603   1.000
   826.000   1224.000    2.2998    2.2998    2.2998    2.2998   1.000
   822.000   1226.000    2.4504    2.4504    2.4504    2.4504   1.000
   776.000   1227.000    2.6654    2.6654    2.6654    2.6654   1.000
   788.000   1227.000    1.7566    1.7566    1.7566    1.7566   1.000
   797.000   1227.000    2.5667    2.5667    2.5667    2.5667   1.000
   817.000   1227.000    2.3364    2.3364    2.3364    2.3364   1.000
   783.000   1228.000    2.3817    2.3817    2.3817    2.3817   1.000
   811.000   1228.000    2.2615    2.2615    2.2615    2.2615   1.000
   793.000   1229.000    2.8731    2.8731    2.8731    2.8731   1.000
   807.000   1229.000    2.6799    2.6799    2.6799    2.6799   1.000
   779.000   1230.000    2.1370    2.1370    2.1370    2.1370   1.000
   774.000   1231.000    2.1470    2.1470    2.1470    2.1470   1.000
   801.000   1231.000    1.9604    1.9604    1.9604    1.9604   1.000
   785.000   1232.000   -0.5260   -0.5260   -0.5260   -0.5260   1.000
   796.000   1232.000    2.3085    2.3085    2.3085    2.3085   1.000
   810.000   1232.000    1.7086    1.7086    1.7086    1.7086   1.000
   815.000   1232.000    1.9915    1.9915    1.9915    1.9915   1.000
   818.000   1232.000    1.5582    1.5582    1.5582    1.5582   1.000
   823.000   1232.000    2.4451    2.4451    2.4451    2.4451   1.000
   792.000   1236.000    1.3306    1.3306    1.3306    1.3306   1.000
   782.000   1237.000    0.0836    0.0836    0.0836    0.0836   1.000
   812.000   1237.000    2.3177    2.3177    2.3177    2.3177   1.000
   815.000   1237.000    2.7484    2.7484    2.7484    2.7484   1.000
   825.000   1237.000    1.7798    1.7798    1.7798    1.7798   1.000
   774.000   1238.000    0.3214    0.3214    0.3214    0.3214   1.000
   796.000   1238.000    2.4543    2.4543    2.4543    2.4543   1.000
   790.000   1241.000    1.4766    1.4766    1.4766    1.4766   1.000
   818.000   1241.000    1.8458    1.8458    1.8458    1.8458   1.000
   824.000   1241.000    1.3920    1.3920    1.3920    1.3920   1.000
   806.000   1242.000    2.7242    2.7242    2.7242    2.7242   1.000
   786.000   1244.000   -0.5259   -0.5259   -0.5259   -0.5259   1.000
   792.000   1245.000    1.8384    1.8384    1.8384    1.8384   1.000
   797.000   1245.000    1.9153    1.9153    1.9153    1.9153   1.000
   772.000   1246.000    0.7706    0.7706    0.7706    0.7706   1.000
   780.000   1246.000   -0.4009   -0.4009   -0.4009   -0.4009   1.000
   807.000   1246.000   -0.3498   -0.3498   -0.3498   -0.3498   1.000
   816.000   1246.000    2.1197    2.1197    2.1197    2.1197   1.000
   819.000   1247.000    1.3686    1.3686    1.3686    1.3686   1.000
   776.000   1249.000    1.7837    1.7837    1.7837    1.7837   1.000
   793.000   1249.000    2.4390    2.4390    2.4390    2.4390   1.000
   788.000   1250.000    2.1648    2.1648    2.1648    2.1648   1.000
   801.000   1250.000    1.3655    1.3655    1.3655    1.3655   1.000
   827.000   1250.000    2.0720    2.0720    2.0720    2.0720   1.000
   809.000   1251.000    2.6374    2.6374    2.6374    2.6374   1.000
   797.000   1252.000    2.0039    2.0039    2.0039    2.0039   1.000
   804.000   1252.000    2.4349    2.4349    2.4349    2.4349   1.000
   816.000   1252.000    1.8309    1.8309    1.8309    1.8309   1.000
   772.000   1254.000    1.5092    1.5092    1.5092    1.5092   1.000
   780.000   1254.000    2.0717    2.0717    2.0717    2.0717   1.000
   793.000   1254.000    2.8359    2.8359    2.8359    2.8359   1.000
   786.000   1255.000    2.1258    2.1258    2.1258    2.1258   1.000
   808.000   1256.000    3.0321    3.0321    3.0321    3.0321   1.000
   823.000   1256.000    0.3608    0.3608    0.3608    0.3608   1.000
   804.000   1257.000    1.3746    1.3746    1.3746    1.3746   1.000
   813.000   1257.000    2.0992    2.0992    2.0992    2.0992   1.000
   818.000   1257.000    2.1358    2.1358    2.1358    2.1358   1.000
   775.000   1258.000    2.0145    2.0145    2.0145    2.0145   1.000
   783.000   1258.000    1.5741    1.5741    1.5741    1.5741   1.000
   798.000   1258.000    2.9314    2.9314    2.9314    2.9314   1.000
   789.000   1259.000    1.5434    1.5434    1.5434    1.5434   1.000
   779.000   1260.000    3.0138    3.0138    3.0138    3.0138   1.000
   801.000   1260.000    2.3692    2.3692    2.3692    2.3692   1.000
   809.000   1260.000    3.1009    3.1009    3.1009    3.1009   1.000
   793.000   1261.000    1.5797    1.5797    1.5797    1.5797   1.000
   797.000   1262.000    2.9020    2.9020    2.9020    2.9020   1.000
   822.000   1262.000    1.7264    1.7264    1.7264    1.7264   1.000
   805.000   1263.000    2.3297    2.3297    2.3297    2.3297   1.000
   783.000   1264.000    2.0934    2.0934    2.0934    2.0934   1.000
   778.000   1265.000    2.5339    2.5339    2.5339    2.5339   1.000
   810.000   1265.000    1.2190    1.2190    1.2190    1.2190   1.000
   823.000   1265.000    2.2828    2.2828    2.2828    2.2828   1.000
   772.000   1266.000   -0.3958   -0.3958   -0.3958   -0.3958   1.000
   816.000   1267.000    1.4710    1.4710    1.4710    1.4710   1.000
   793.000   1268.000    2.1357    2.1357    2.1357    2.1357   1.000
   806.000   1268.000    2.0113    2.0113    2.0113    2.0113   1.000
   812.000   1270.000    1.2481    1.2481    1.2481    1.2481   1.000
   802.000   1271.000    2.5428    2.5428    2.5428    2.5428   1.000
   796.000   1272.000    2.1771    2.1771    2.1771    2.1771   1.000
   806.000   1272.000    1.9093    1.9093    1.9093    1.9093   1.000
   779.000   1273.000    2.1004    2.1004    2.1004    2.1004   1.000
   785.000   1273.000    2.5857    2.5857    2.5857    2.5857   1.000
   816.000   1273.000    1.4934    1.4934    1.4934    1.4934   1.000
   775.000   1275.000    2.1482    2.1482    2.1482    2.1482   1.000
   856.000   1220.000    1.8264    1.8264    1.8264    1.8264   1.000
   860.000   1220.000    1.8991    1.8991    1.8991    1.8991   1.000
   887.000   1220.000    1.6758    1.6758    1.6758    1.6758   1.000
   879.000   1221.000    2.0762    2.0762    2.0762    2.0762   1.000
   839.000   1222.000    2.9651    2.9651    2.9651    2.9651   1.000
   868.000   1222.000    1.7215    1.7215    1.7215    1.7215   1.000
   874.000   1222.000    1.6263    1.6263    1.6263    1.6263   1.000
   891.000   1222.000    1.4540    1.4540    1.4540    1.4540   1.000
   843.000   1223.000    2.6934    2.6934    2.6934    2.6934   1.000
   860.000   1223.000    2.5759    2.5759    2.5759    2.5759   1.000
   847.000   1224.000    1.8950    1.8950    1.8950    1.8950   1.000
   852.000   1224.000    2.3562    2.3562    2.3562    2.3562   1.000
   879.000   1224.000    1.8410    1.8410    1.8410    1.8410   1.000
   884.000   1224.000    0.8293    0.8293    0.8293    0.8293   1.000
   864.000   1226.000    2.1755    2.1755    2.1755    2.1755   1.000
   870.000   1227.000    2.6413    2.6413    2.6413    2.6413   1.000
   888.000   1227.000    2.8110    2.8110    2.8110    2.8110   1.000
   840.000   1228.000    2.4982    2.4982    2.4982    2.4982   1.000
   854.000   1228.000    2.6486    2.6486    2.6486    2.6486   1.000
   858.000   1228.000    2.2751    2.2751    2.2751    2.2751   1.000
   846.000   1229.000    2.5996    2.5996    2.5996    2.5996   1.000
   882.000   1229.000    2.6471    2.6471    2.6471    2.6471   1.000
   874.000   1230.000    1.3618    1.3618    1.3618    1.3618   1.000
   879.000   1230.000    2.1924    2.1924    2.1924    2.1924   1.000
   837.000   1231.000    2.0778    2.0778    2.0778    2.0778   1.000
   850.000   1231.000    1.5621    1.5621    1.5621    1.5621   1.000
   866.000   1231.000    1.8018    1.8018    1.8018    1.8018   1.000
   871.000   1232.000    2.8816    2.8816    2.8816    2.8816   1.000
   887.000   1232.000    1.5760    1.5760    1.5760    1.5760   1.000
   856.000   1233.000    2.1330    2.1330    2.1330    2.1330   1.000
   844.000   1234.000    1.3672    1.3672    1.3672    1.3672   1.000
   861.000   1234.000    1.0578    1.0578    1.0578    1.0578   1.000
   884.000   1234.000    2.0577    2.0577    2.0577    2.0577   1.000
   875.000   1235.000    2.6561    2.6561    2.6561    2.6561   1.000
   851.000   1236.000    0.7948    0.7948    0.7948    0.7948   1.000
   866.000   1236.000    1.5559    1.5559    1.5559    1.5559   1.000
   878.000   1236.000    2.5667    2.5667    2.5667    2.5667   1.000
   870.000   1237.000    2.7068    2.7068    2.7068    2.7068   1.000
   845.000   1239.000   -1.1120   -1.1120   -1.1120   -1.1120   1.000
   861.000   1239.000    2.6289    2.6289    2.6289    2.6289   1.000
   884.000   1239.000    2.6223    2.6223    2.6223    2.6223   1.000
   840.000   1240.000    2.4978    2.4978    2.4978    2.4978   1.000
   874.000   1240.000    2.4836    2.4836    2.4836    2.4836   1.000
   852.000   1241.000    2.5326    2.5326    2.5326    2.5326   1.000
   868.000   1241.000    2.1490    2.1490    2.1490    2.1490   1.000
   858.000   1242.000    0.8860    0.8860    0.8860    0.8860   1.000
   848.000   1244.000    1.9680    1.9680    1.9680    1.9680   1.000
   862.000   1245.000   -0.2550   -0.2550   -0.2550   -0.2550   1.000
   883.000   1245.000    2.4904    2.4904    2.4904    2.4904   1.000
   840.000   1247.000    2.3762    2.3762    2.3762    2.3762   1.000
   872.000   1247.000    2.4814    2.4814    2.4814    2.4814   1.000
   878.000   1247.000    2.2064    2.2064    2.2064    2.2064   1.000
   888.000   1247.000    2.4655    2.4655    2.4655    2.4655   1.000
   836.000   1249.000    2.5211    2.5211    2.5211    2.5211   1.000
   844.000   1249.000    1.8979    1.8979    1.8979    1.8979   1.000
   850.000   1250.000    2.0674    2.0674    2.0674    2.0674   1.000
   859.000   1250.000    2.6958    2.6958    2.6958    2.6958   1.000
   864.000   1250.000    2.3190    2.3190    2.3190    2.3190   1.000
   883.000   1250.000    1.9642    1.9642    1.9642    1.9642   1.000
   846.000   1251.000    1.7206    1.7206    1.7206    1.7206   1.000
   854.000   1251.000    2.6593    2.6593    2.6593    2.6593   1.000
   891.000   1251.000    1.0225    1.0225    1.0225    1.0225   1.000
   870.000   1252.000    1.8006    1.8006    1.8006    1.8006   1.000
   874.000   1252.000    2.6540    2.6540    2.6540    2.6540   1.000
   843.000   1255.000    1.6694    1.6694    1.6694    1.6694   1.000
   849.000   1255.000    3.0343    3.0343    3.0343    3.0343   1.000
   838.000   1256.000    1.6557    1.6557    1.6557    1.6557   1.000
   857.000   1256.000    1.5059    1.5059    1.5059    1.5059   1.000
   860.000   1256.000    2.4806    2.4806    2.4806    2.4806   1.000
   872.000   1257.000    1.6503    1.6503    1.6503    1.6503   1.000
   846.000   1258.000    2.8450    2.8450    2.8450    2.8450   1.000
   853.000   1258.000    2.1990    2.1990    2.1990    2.1990   1.000
   882.000   1258.000    2.2205    2.2205    2.2205    2.2205   1.000
   887.000   1258.000    2.2607    2.2607    2.2607    2.2607   1.000
   836.000   1260.000    2.3170    2.3170    2.3170    2.3170   1.000
   859.000   1260.000    2.7893    2.7893    2.7893    2.7893   1.000
   874.000   1261.000    2.0886    2.0886    2.0886    2.0886   1.000
   837.000   1264.000    1.4975    1.4975    1.4975    1.4975   1.000
   842.000   1264.000    1.3642    1.3642    1.3642    1.3642   1.000
   863.000   1264.000    0.6232    0.6232    0.6232    0.6232   1.000
   869.000   1264.000    2.2784    2.2784    2.2784    2.2784   1.000
   888.000   1264.000    3.0320    3.0320    3.0320    3.0320   1.000
   884.000   1265.000    0.0533    0.0533    0.0533    0.0533   1.000
   848.000   1266.000    0.3767    0.3767    0.3767    0.3767   1.000
   860.000   1266.000    1.8272    1.8272    1.8272    1.8272   1.000
   891.000   1267.000    2.4437    2.4437    2.4437    2.4437   1.000
   855.000   1268.000    2.0752    2.0752    2.0752    2.0752   1.000
   868.000   1268.000    2.4935    2.4935    2.4935    2.4935   1.000
   878.000   1268.000    2.3427    2.3427    2.3427    2.3427   1.000
   839.000   1270.000    2.7265    2.7265    2.7265    2.7265   1.000
   850.000   1270.000    1.8631    1.8631    1.8631    1.8631   1.000
   887.000   1270.000    2.5170    2.5170    2.5170    2.5170   1.000
   883.000   1271.000    1.6346    1.6346    1.6346    1.6346   1.000
   872.000   1272.000   -0.4485   -0.4485   -0.4485   -0.4485   1.000
   847.000   1273.000    2.1477    2.1477    2.1477    2.1477   1.000
   888.000   1273.000    1.3675    1.3675    1.3675    1.3675   1.000
   880.000   1274.000    2.5680    2.5680    2.5680    2.5680   1.000
   853.000   1275.000    3.2428    3.2428    3.2428    3.2428   1.000
   884.000   1275.000    1.9104    1.9104    1.9104    1.9104   1.000
   954.000   1221.000    2.4411    2.4411    2.4411    2.4411   1.000
   915.000   1222.000    0.8790    0.8790    0.8790    0.8790   1.000
   933.000   1222.000    2.0336    2.0336    2.0336    2.0336   1.000
   946.000   1222.000    2.3055    2.3055    2.3055    2.3055   1.000
   949.000   1222.000    2.1002    2.1002    2.1002    2.1002   1.000
   903.000   1223.000    1.0216    1.0216    1.0216    1.0216   1.000
   940.000   1224.000    1.8942    1.8942    1.8942    1.8942   1.000
   920.000   1226.000    2.1178    2.1178    2.1178    2.1178   1.000
   941.000   1226.000    2.1266    2.1266    2.1266    2.1266   1.000
   946.000   1226.000    1.5621    1.5621    1.5621    1.5621   1.000
   950.000   1226.000    2.1988    2.1988    2.1988    2.1988   1.000
   917.000   1227.000    1.5845    1.5845    1.5845    1.5845   1.000
   924.000   1227.000    2.2335    2.2335    2.2335    2.2335   1.000
   903.000   1229.000    0.0390    0.0390    0.0390    0.0390   1.000
   932.000   1230.000    2.5845    2.5845    2.5845    2.5845   1.000
   925.000   1232.000    2.2076    2.2076    2.2076    2.2076   1.000
   909.000   1233.000    1.5802    1.5802    1.5802    1.5802   1.000
   943.000   1233.000    1.9780    1.9780    1.9780    1.9780   1.000
   954.000   1234.000    2.6598    2.6598    2.6598    2.6598   1.000
   949.000   1235.000    2.8148    2.8148    2.8148    2.8148   1.000
   911.000   1236.000    2.1611    2.1611    2.1611    2.1611   1.000
   926.000   1236.000    2.7467    2.7467    2.7467    2.7467   1.000
   931.000   1236.000    2.2128    2.2128    2.2128    2.2128   1.000
   938.000   1236.000    0.9083    0.9083    0.9083    0.9083   1.000
   947.000   1237.000    2.6316    2.6316    2.6316    2.6316   1.000
   923.000   1238.000    1.8826    1.8826    1.8826    1.8826   1.000
   935.000   1238.000    2.6378    2.6378    2.6378    2.6378   1.000
   902.000   1239.000    2.8290    2.8290    2.8290    2.8290   1.000
   916.000   1239.000    2.7165    2.7165    2.7165    2.7165   1.000
   942.000   1240.000    2.0704    2.0704    2.0704    2.0704   1.000
   919.000   1241.000    2.7361    2.7361    2.7361    2.7361   1.000
   928.000   1241.000    2.3072    2.3072    2.3072    2.3072   1.000
   906.000   1242.000    2.6564    2.6564    2.6564    2.6564   1.000
   911.000   1242.000    1.9868    1.9868    1.9868    1.9868   1.000
   924.000   1242.000    2.9372    2.9372    2.9372    2.9372   1.000
   938.000   1242.000    2.8457    2.8457    2.8457    2.8457   1.000
   902.000   1243.000    1.9655    1.9655    1.9655    1.9655   1.000
   936.000   1243.000    2.6526    2.6526    2.6526    2.6526   1.000
   946.000   1244.000   -0.1154   -0.1154   -0.1154   -0.1154   1.000
   920.000   1245.000    1.2495    1.2495    1.2495    1.2495   1.000
   941.000   1246.000    2.2111    2.2111    2.2111    2.2111   1.000
   932.000   1247.000    1.8098    1.8098    1.8098    1.8098   1.000
   926.000   1248.000    2.7522    2.7522    2.7522    2.7522   1.000
   921.000   1249.000    1.8812    1.8812    1.8812    1.8812   1.000
   946.000   1249.000    0.9004    0.9004    0.9004    0.9004   1.000
   954.000   1249.000    1.5118    1.5118    1.5118    1.5118   1.000
   932.000   1252.000   -0.5338   -0.5338   -0.5338   -0.5338   1.000
   940.000   1252.000    2.5511    2.5511    2.5511    2.5511   1.000
   900.000   1253.000   -1.9324   -1.9324   -1.9324   -1.9324   1.000
   911.000   1253.000    1.5728    1.5728    1.5728    1.5728   1.000
   917.000   1253.000    1.4281    1.4281    1.4281    1.4281   1.000
   921.000   1254.000    2.1117    2.1117    2.1117    2.1117   1.000
   953.000   1254.000    2.4191    2.4191    2.4191    2.4191   1.000
   943.000   1255.000    2.1326    2.1326    2.1326    2.1326   1.000
   935.000   1256.000    1.9247    1.9247    1.9247    1.9247   1.000
   938.000   1257.000    1.8806    1.8806    1.8806    1.8806   1.000
   905.000   1258.000   -0.4336   -0.4336   -0.4336   -0.4336   1.000
   929.000   1258.000    2.1484    2.1484    2.1484    2.1484   1.000
   900.000   1259.000    2.6123    2.6123    2.6123    2.6123   1.000
   909.000   1259.000    2.5282    2.5282    2.5282    2.5282   1.000
   951.000   1259.000    2.5190    2.5190    2.5190    2.5190   1.000
   916.000   1260.000    2.0293    2.0293    2.0293    2.0293   1.000
   945.000   1260.000   -1.4596   -1.4596   -1.4596   -1.4596   1.000
   953.000   1260.000    2.2968    2.2968    2.2968    2.2968   1.000
   904.000   1262.000    2.2266    2.2266    2.2266    2.2266   1.000
   912.000   1262.000    1.9984    1.9984    1.9984    1.9984   1.000
   917.000   1263.000    1.6295    1.6295    1.6295    1.6295   1.000
   922.000   1263.000    2.0029    2.0029    2.0029    2.0029   1.000
   931.000   1263.000    1.7460    1.7460    1.7460    1.7460   1.000
   907.000   1264.000    1.6068    1.6068    1.6068    1.6068   1.000
   926.000   1264.000    1.2014    1.2014    1.2014    1.2014   1.000
   940.000   1265.000    3.0284    3.0284    3.0284    3.0284   1.000
   953.000   1266.000    2.3436    2.3436    2.3436    2.3436   1.000
   900.000   1267.000   -0.1366   -0.1366   -0.1366   -0.1366   1.000
   909.000   1267.000    2.2894    2.2894    2.2894    2.2894   1.000
   944.000   1267.000    1.8617    1.8617    1.8617    1.8617   1.000
   914.000   1268.000   -0.6715   -0.6715   -0.6715   -0.6715   1.000
   906.000   1270.000    2.1924    2.1924    2.1924    2.1924   1.000
   943.000   1270.000    2.6268    2.6268    2.6268    2.6268   1.000
   948.000   1270.000    2.9076    2.9076    2.9076    2.9076   1.000
   951.000   1270.000    2.1860    2.1860    2.1860    2.1860   1.000
   909.000   1271.000    2.3193    2.3193    2.3193    2.3193   1.000
   925.000   1271.000    2.1481    2.1481    2.1481    2.1481   1.000
   915.000   1273.000    1.6942    1.6942    1.6942    1.6942   1.000
   930.000   1273.000    2.8792    2.8792    2.8792    2.8792   1.000
   935.000   1273.000   -0.6607   -0.6607   -0.6607   -0.6607   1.000
   952.000   1273.000    2.3765    2.3765    2.3765    2.3765   1.000
   922.000   1274.000    2.3214    2.3214    2.3214    2.3214   1.000
   970.000   1221.000    2.5580    2.5580    2.5580    2.5580   1.000
   983.000   1221.000    2.6570    2.6570    2.6570    2.6570   1.000
   974.000   1222.000    1.9411    1.9411    1.9411    1.9411   1.000
   979.000   1222.000    2.2972    2.2972    2.2972    2.2972   1.000
  1003.000   1222.000   -1.2675   -1.2675   -1.2675   -1.2675   1.000
  1017.000   1222.000    2.0494    2.0494    2.0494    2.0494   1.000
   967.000   1223.000    2.4681    2.4681    2.4681    2.4681   1.000
   989.000   1223.000    1.3513    1.3513    1.3513    1.3513   1.000
   965.000   1224.000    1.8843    1.8843    1.8843    1.8843   1.000
   984.000   1225.000    2.6044    2.6044    2.6044    2.6044   1.000
  1014.000   1225.000    2.1558    2.1558    2.1558    2.1558   1.000
   967.000   1227.000    2.7655    2.7655    2.7655    2.7655   1.000
   973.000   1227.000    1.1676    1.1676    1.1676    1.1676   1.000
   995.000   1227.000    1.4079    1.4079    1.4079    1.4079   1.000
   989.000   1228.000    2.1504    2.1504    2.1504    2.1504   1.000
   980.000   1229.000    2.6038    2.6038    2.6038    2.6038   1.000
   984.000   1231.000    1.8718    1.8718    1.8718    1.8718   1.000
  1001.000   1231.000   -0.7712   -0.7712   -0.7712   -0.7712   1.000
  1013.000   1231.000    2.7188    2.7188    2.7188    2.7188   1.000
   970.000   1232.000    2.4340    2.4340    2.4340    2.4340   1.000
  1008.000   1232.000    1.8833    1.8833    1.8833    1.8833   1.000
   966.000   1233.000    1.6562    1.6562    1.6562    1.6562   1.000
  1019.000   1233.000    0.5330    0.5330    0.5330    0.5330   1.000
   997.000   1234.000    2.0521    2.0521    2.0521    2.0521   1.000
  1013.000   1235.000    2.9894    2.9894    2.9894    2.9894   1.000
   982.000   1236.000    2.0873    2.0873    2.0873    2.0873   1.000
   998.000   1236.000    1.8994    1.8994    1.8994    1.8994   1.000
  1006.000   1236.000    2.0614    2.0614    2.0614    2.0614   1.000
   975.000   1237.000    2.1806    2.1806    2.1806    2.1806   1.000
   986.000   1238.000    1.7627    1.7627    1.7627    1.7627   1.000
   989.000   1238.000    2.3439    2.3439    2.3439    2.3439   1.000
   995.000   1239.000    2.6681    2.6681    2.6681    2.6681   1.000
   999.000   1241.000    2.6517    2.6517    2.6517    2.6517   1.000
  1003.000   1241.000    2.6988    2.6988    2.6988    2.6988   1.000
  1007.000   1241.000    2.6755    2.6755    2.6755    2.6755   1.000
   975.000   1242.000    0.2246    0.2246    0.2246    0.2246   1.000
   964.000   1243.000    2.2082    2.2082    2.2082    2.2082   1.000
  1012.000   1243.000    1.0624    1.0624    1.0624    1.0624   1.000
   968.000   1244.000    1.2637    1.2637    1.2637    1.2637   1.000
   981.000   1244.000    1.4955    1.4955    1.4955    1.4955   1.000
   986.000   1244.000    1.2848    1.2848    1.2848    1.2848   1.000
  1002.000   1246.000    1.8125    1.8125    1.8125    1.8125   1.000
  1007.000   1246.000    2.2099    2.2099    2.2099    2.2099   1.000
   970.000   1247.000    1.2319    1.2319    1.2319    1.2319   1.000
   975.000   1248.000    2.9687    2.9687    2.9687    2.9687   1.000
   990.000   1248.000    2.2016    2.2016    2.2016    2.2016   1.000
  1000.000   1248.000    2.1801    2.1801    2.1801    2.1801   1.000
  1013.000   1248.000    2.5139    2.5139    2.5139    2.5139   1.000
   988.000   1249.000    1.2947    1.2947    1.2947    1.2947   1.000
  1011.000   1249.000    2.2867    2.2867    2.2867    2.2867   1.000
   996.000   1252.000    2.5215    2.5215    2.5215    2.5215   1.000
   965.000   1253.000    1.5491    1.5491    1.5491    1.5491   1.000
  1005.000   1253.000    1.1831    1.1831    1.1831    1.1831   1.000
  1014.000   1253.000    2.1983    2.1983    2.1983    2.1983   1.000
  1009.000   1254.000    2.1534    2.1534    2.1534    2.1534   1.000
   966.000   1257.000    1.2787    1.2787    1.2787    1.2787   1.000
   972.000   1257.000    2.1741    2.1741    2.1741    2.1741   1.000
   986.000   1257.000    2.4360    2.4360    2.4360    2.4360   1.000
   992.000   1257.000    0.8313    0.8313    0.8313    0.8313   1.000
  1012.000   1257.000    2.3578    2.3578    2.3578    2.3578   1.000
  1000.000   1258.000    1.7898    1.7898    1.7898    1.7898   1.000
  1007.000   1258.000    2.5792    2.5792    2.5792    2.5792   1.000
  1018.000   1258.000    0.7434    0.7434    0.7434    0.7434   1.000
   983.000   1259.000    2.3647    2.3647    2.3647    2.3647   1.000
   969.000   1260.000    2.6330    2.6330    2.6330    2.6330   1.000
   978.000   1260.000    2.9313    2.9313    2.9313    2.9313   1.000
   984.000   1262.000    1.9065    1.9065    1.9065    1.9065   1.000
   988.000   1262.000    2.3850    2.3850    2.3850    2.3850   1.000
   998.000   1263.000    2.2657    2.2657    2.2657    2.2657   1.000
  1011.000   1263.000    2.2273    2.2273    2.2273    2.2273   1.000
  1001.000   1264.000    3.2768    3.2768    3.2768    3.2768   1.000
  1005.000   1264.000    2.5009    2.5009    2.5009    2.5009   1.000
   989.000   1265.000    1.3572    1.3572    1.3572    1.3572   1.000
   976.000   1266.000    2.1224    2.1224    2.1224    2.1224   1.000
  1019.000   1266.000    2.1715    2.1715    2.1715    2.1715   1.000
   969.000   1267.000    2.0827    2.0827    2.0827    2.0827   1.000
   983.000   1267.000    0.7763    0.7763    0.7763    0.7763   1.000
   992.000   1268.000    2.2124    2.2124    2.2124    2.2124   1.000
  1001.000   1268.000    2.5967    2.5967    2.5967    2.5967   1.000
   965.000   1269.000    2.6753    2.6753    2.6753    2.6753   1.000
  1010.000   1269.000   -0.0854   -0.0854   -0.0854   -0.0854   1.000
   978.000   1270.000    1.5569    1.5569    1.5569    1.5569   1.000
  1013.000   1270.000    1.1317    1.1317    1.1317    1.1317   1.000
   988.000   1271.000    2.6535    2.6535    2.6535    2.6535   1.000
   975.000   1272.000    2.2825    2.2825    2.2825    2.2825   1.000
  1005.000   1272.000    1.7866    1.7866    1.7866    1.7866   1.000
  1000.000   1273.000    2.2523    2.2523    2.2523    2.2523   1.000
  1007.000   1273.000    2.0679    2.0679    2.0679    2.0679   1.000
   993.000   1274.000    2.3799    2.3799    2.3799    2.3799   1.000
  1019.000   1275.000   -0.0198   -0.0198   -0.0198   -0.0198   1.000
  1039.000   1221.000    2.1806    2.1806    2.1806    2.1806   1.000
  1046.000   1221.000   -0.8689   -0.8689   -0.8689   -0.8689   1.000
  1054.000   1221.000    1.7227    1.7227    1.7227    1.7227   1.000
  1075.000   1221.000    1.2027    1.2027    1.2027    1.2027   1.000
  1080.000   1222.000    2.7305    2.7305    2.7305    2.7305   1.000
  1036.000   1223.000    2.3908    2.3908    2.3908    2.3908   1.000
  1060.000   1224.000    1.8408    1.8408    1.8408    1.8408   1.000
  1051.000   1225.000    0.2531    0.2531    0.2531    0.2531   1.000
  1063.000   1225.000    2.3807    2.3807    2.3807    2.3807   1.000
  1080.000   1225.000    2.0994    2.0994    2.0994    2.0994   1.000
  1029.000   1226.000    2.2765    2.2765    2.2765    2.2765   1.000
  1070.000   1226.000    2.2709    2.2709    2.2709    2.2709   1.000
  1040.000   1227.000    1.7514    1.7514    1.7514    1.7514   1.000
  1047.000   1227.000    2.2590    2.2590    2.2590    2.2590   1.000
  1074.000   1227.000    1.4391    1.4391    1.4391    1.4391   1.000
  1078.000   1228.000    1.7769    1.7769    1.7769    1.7769   1.000
  1043.000   1230.000    3.2327    3.2327    3.2327    3.2327   1.000
  1029.000   1231.000    1.8704    1.8704    1.8704    1.8704   1.000
  1083.000   1231.000    2.3095    2.3095    2.3095    2.3095   1.000
  1032.000   1232.000    1.4558    1.4558    1.4558    1.4558   1.000
  1049.000   1232.000    1.5212    1.5212    1.5212    1.5212   1.000
  1045.000   1233.000    2.4706    2.4706    2.4706    2.4706   1.000
  1072.000   1233.000    1.2552    1.2552    1.2552    1.2552   1.000
  1053.000   1234.000    2.9467    2.9467    2.9467    2.9467   1.000
  1059.000   1234.000   -0.3623   -0.3623   -0.3623   -0.3623   1.000
  1040.000   1235.000    1.9227    1.9227    1.9227    1.9227   1.000
  1067.000   1235.000    2.6201    2.6201    2.6201    2.6201   1.000
  1076.000   1236.000    2.3935    2.3935    2.3935    2.3935   1.000
  1047.000   1238.000    2.0956    2.0956    2.0956    2.0956   1.000
  1073.000   1238.000    2.3679    2.3679    2.3679    2.3679   1.000
  1056.000   1240.000    2.4332    2.4332    2.4332    2.4332   1.000
  1078.000   1240.000    2.0764    2.0764    2.0764    2.0764   1.000
  1067.000   1241.000    2.4838    2.4838    2.4838    2.4838   1.000
  1063.000   1242.000    2.7724    2.7724    2.7724    2.7724   1.000
  1037.000   1243.000    1.5809    1.5809    1.5809    1.5809   1.000
  1047.000   1243.000    1.7716    1.7716    1.7716    1.7716   1.000
  1060.000   1243.000    1.9036    1.9036    1.9036    1.9036   1.000
  1075.000   1243.000    0.5713    0.5713    0.5713    0.5713   1.000
  1082.000   1244.000    2.1626    2.1626    2.1626    2.1626   1.000
  1052.000   1245.000    2.7318    2.7318    2.7318    2.7318   1.000
  1043.000   1246.000    0.6676    0.6676    0.6676    0.6676   1.000
  1065.000   1247.000    1.4984    1.4984    1.4984    1.4984   1.000
  1035.000   1248.000    1.2552    1.2552    1.2552    1.2552   1.000
  1048.000   1248.000    2.9409    2.9409    2.9409    2.9409   1.000
  1074.000   1248.000    2.7044    2.7044    2.7044    2.7044   1.000
  1056.000   1249.000    1.7275    1.7275    1.7275    1.7275   1.000
  1079.000   1249.000    2.7140    2.7140    2.7140    2.7140   1.000
  1044.000   1251.000    1.6531    1.6531    1.6531    1.6531   1.000
  1062.000   1251.000    2.3246    2.3246    2.3246    2.3246   1.000
  1070.000   1251.000    0.4823    0.4823    0.4823    0.4823   1.000
  1032.000   1252.000    1.7748    1.7748    1.7748    1.7748   1.000
  1051.000   1252.000    2.6271    2.6271    2.6271    2.6271   1.000
  1059.000   1252.000    2.7392    2.7392    2.7392    2.7392   1.000
  1065.000   1253.000    2.4537    2.4537    2.4537    2.4537   1.000
  1049.000   1254.000    2.4548    2.4548    2.4548    2.4548   1.000
  1081.000   1254.000    1.9259    1.9259    1.9259    1.9259   1.000
  1034.000   1256.000    2.3940    2.3940    2.3940    2.3940   1.000
  1043.000   1256.000    2.8656    2.8656    2.8656    2.8656   1.000
  1071.000   1256.000    1.4696    1.4696    1.4696    1.4696   1.000
  1056.000   1258.000    2.4094    2.4094    2.4094    2.4094   1.000
  1083.000   1258.000    0.6483    0.6483    0.6483    0.6483   1.000
  1066.000   1259.000    2.6301    2.6301    2.6301    2.6301   1.000
  1075.000   1259.000    2.0008    2.0008    2.0008    2.0008   1.000
  1036.000   1260.000    0.8226    0.8226    0.8226    0.8226   1.000
  1041.000   1260.000    2.8513    2.8513    2.8513    2.8513   1.000
  1047.000   1260.000    1.7058    1.7058    1.7058    1.7058   1.000
  1044.000   1261.000    2.4243    2.4243    2.4243    2.4243   1.000
  1060.000   1261.000    0.9896    0.9896    0.9896    0.9896   1.000
  1032.000   1262.000    0.6159    0.6159    0.6159    0.6159   1.000
  1078.000   1262.000    1.4789    1.4789    1.4789    1.4789   1.000
  1052.000   1265.000    1.5320    1.5320    1.5320    1.5320   1.000
  1063.000   1265.000   -0.8797   -0.8797   -0.8797   -0.8797   1.000
  1036.000   1266.000    2.4174    2.4174    2.4174    2.4174   1.000
  1073.000   1266.000    1.7981    1.7981    1.7981    1.7981   1.000
  1083.000   1267.000    1.2573    1.2573    1.2573    1.2573   1.000
  1049.000   1268.000    1.9579    1.9579    1.9579    1.9579   1.000
  1031.000   1269.000    2.8024    2.8024    2.8024    2.8024   1.000
  1066.000   1269.000    2.3527    2.3527    2.3527    2.3527   1.000
  1052.000   1271.000    1.7652    1.7652    1.7652    1.7652   1.000
  1070.000   1271.000   -0.2464   -0.2464   -0.2464   -0.2464   1.000
  1057.000   1272.000    1.5299    1.5299    1.5299    1.5299   1.000
  1078.000   1272.000   -0.4807   -0.4807   -0.4807   -0.4807   1.000
  1062.000   1274.000    2.0439    2.0439    2.0439    2.0439   1.000
  1082.000   1274.000    1.9839    1.9839    1.9839    1.9839   1.000
  1035.000   1275.000    2.3875    2.3875    2.3875    2.3875   1.000
  1049.000   1275.000    1.0095    1.0095    1.0095    1.0095   1.000
  1139.000   1220.000    2.5739    2.5739    2.5739    2.5739   1.000
  1094.000   1221.000    2.0515    2.0515    2.0515    2.0515   1.000
  1099.000   1221.000    2.0888    2.0888    2.0888    2.0888   1.000
  1126.000   1221.000    2.3216    2.3216    2.3216    2.3216   1.000
  1107.000   1222.000    1.4000    1.4000    1.4000    1.4000   1.000
  1113.000   1223.000    2.5819    2.5819    2.5819    2.5819   1.000
  1119.000   1223.000    0.0720    0.0720    0.0720    0.0720   1.000
  1133.000   1223.000    2.2898    2.2898    2.2898    2.2898   1.000
  1145.000   1223.000    1.7188    1.7188    1.7188    1.7188   1.000
  1130.000   1225.000    0.4013    0.4013    0.4013    0.4013   1.000
  1097.000   1226.000    2.1076    2.1076    2.1076    2.1076   1.000
  1134.000   1226.000    1.9149    1.9149    1.9149    1.9149   1.000
  1102.000   1227.000    2.4345    2.4345    2.4345    2.4345   1.000
  1109.000   1227.000    1.5357    1.5357    1.5357    1.5357   1.000
  1118.000   1228.000    2.2860    2.2860    2.2860    2.2860   1.000
  1133.000   1228.000    2.1287    2.1287    2.1287    2.1287   1.000
  1107.000   1230.000    2.4981    2.4981    2.4981    2.4981   1.000
  1139.000   1230.000    2.1763    2.1763    2.1763    2.1763   1.000
  1144.000   1230.000    1.5319    1.5319    1.5319    1.5319   1.000
  1102.000   1231.000    1.4010    1.4010    1.4010    1.4010   1.000
  1123.000   1231.000    2.0025    2.0025    2.0025    2.0025   1.000
  1135.000   1231.000    2.7346    2.7346    2.7346    2.7346   1.000
  1115.000   1233.000    2.4539    2.4539    2.4539    2.4539   1.000
  1141.000   1234.000    2.3345    2.3345    2.3345    2.3345   1.000
  1110.000   1236.000    1.5742    1.5742    1.5742    1.5742   1.000
  1132.000   1236.000    2.5857    2.5857    2.5857    2.5857   1.000
  1146.000   1236.000    3.1612    3.1612    3.1612    3.1612   1.000
  1122.000   1237.000    2.8392    2.8392    2.8392    2.8392   1.000
  1126.000   1237.000    2.3913    2.3913    2.3913    2.3913   1.000
  1096.000   1238.000    2.1699    2.1699    2.1699    2.1699   1.000
  1101.000   1239.000    2.6493    2.6493    2.6493    2.6493   1.000
  1143.000   1239.000    2.8948    2.8948    2.8948    2.8948   1.000
  1093.000   1240.000    2.1198    2.1198    2.1198    2.1198   1.000
  1113.000   1240.000    1.9721    1.9721    1.9721    1.9721   1.000
  1136.000   1241.000    2.4777    2.4777    2.4777    2.4777   1.000
  1138.000   1241.000    2.0539    2.0539    2.0539    2.0539   1.000
  1130.000   1242.000    0.6994    0.6994    0.6994    0.6994   1.000
  1127.000   1243.000    0.7257    0.7257    0.7257    0.7257   1.000
  1104.000   1244.000    1.7245    1.7245    1.7245    1.7245   1.000
  1119.000   1244.000    1.2992    1.2992    1.2992    1.2992   1.000
  1142.000   1244.000    1.0282    1.0282    1.0282    1.0282   1.000
  1093.000   1245.000    2.3375    2.3375    2.3375    2.3375   1.000
  1134.000   1246.000    2.6386    2.6386    2.6386    2.6386   1.000
  1099.000   1247.000    2.3528    2.3528    2.3528    2.3528   1.000
  1093.000   1248.000    1.5095    1.5095    1.5095    1.5095   1.000
  1104.000   1248.000    2.5724    2.5724    2.5724    2.5724   1.000
  1110.000   1250.000    2.3659    2.3659    2.3659    2.3659   1.000
  1115.000   1250.000    1.7456    1.7456    1.7456    1.7456   1.000
  1129.000   1250.000    0.1732    0.1732    0.1732    0.1732   1.000
  1144.000   1250.000    2.5885    2.5885    2.5885    2.5885   1.000
  1122.000   1251.000    2.3503    2.3503    2.3503    2.3503   1.000
  1146.000   1252.000    2.8926    2.8926    2.8926    2.8926   1.000
  1141.000   1253.000    2.4271    2.4271    2.4271    2.4271   1.000
  1098.000   1254.000    2.4017    2.4017    2.4017    2.4017   1.000
  1126.000   1254.000    1.0127    1.0127    1.0127    1.0127   1.000
  1092.000   1255.000    1.3495    1.3495    1.3495    1.3495   1.000
  1132.000   1255.000    2.7208    2.7208    2.7208    2.7208   1.000
  1136.000   1256.000    2.7423    2.7423    2.7423    2.7423   1.000
  1114.000   1257.000    1.7330    1.7330    1.7330    1.7330   1.000
  1142.000   1257.000    2.3702    2.3702    2.3702    2.3702   1.000
  1138.000   1258.000    2.3153    2.3153    2.3153    2.3153   1.000
  1102.000   1259.000   -0.4866   -0.4866   -0.4866   -0.4866   1.000
  1122.000   1259.000    0.0117    0.0117    0.0117    0.0117   1.000
  1092.000   1260.000    0.6609    0.6609    0.6609    0.6609   1.000
  1107.000   1260.000    2.1923    2.1923    2.1923    2.1923   1.000
  1130.000   1260.000    3.0155    3.0155    3.0155    3.0155   1.000
  1145.000   1261.000    1.6863    1.6863    1.6863    1.6863   1.000
  1126.000   1262.000    3.0161    3.0161    3.0161    3.0161   1.000
  1113.000   1263.000    2.1512    2.1512    2.1512    2.1512   1.000
  1104.000   1264.000    2.4754    2.4754    2.4754    2.4754   1.000
  1119.000   1264.000    2.1969    2.1969    2.1969    2.1969   1.000
  1130.000   1265.000    2.2166    2.2166    2.2166    2.2166   1.000
  1138.000   1265.000    2.5022    2.5022    2.5022    2.5022   1.000
  1099.000   1266.000    3.1088    3.1088    3.1088    3.1088   1.000
  1109.000   1266.000    2.3570    2.3570    2.3570    2.3570   1.000
  1124.000   1267.000    1.5607    1.5607    1.5607    1.5607   1.000
  1106.000   1269.000    2.7993    2.7993    2.7993    2.7993   1.000
  1115.000   1270.000    1.9026    1.9026    1.9026    1.9026   1.000
  1119.000   1270.000    2.3414    2.3414    2.3414    2.3414   1.000
  1130.000   1270.000    1.9420    1.9420    1.9420    1.9420   1.000
  1133.000   1270.000    1.9478    1.9478    1.9478    1.9478   1.000
  1096.000   1273.000    2.5220    2.5220    2.5220    2.5220   1.000
  1109.000   1273.000    1.8758    1.8758    1.8758    1.8758   1.000
  1114.000   1273.000    1.6678    1.6678    1.6678    1.6678   1.000
  1105.000   1274.000    1.6550    1.6550    1.6550    1.6550   1.000
  1137.000   1274.000    2.3722    2.3722    2.3722    2.3722   1.000
  1160.000   1220.000    2.0669    2.0669    2.0669    2.0669   1.000
  1164.000   1220.000    1.7894    1.7894    1.7894    1.7894   1.000
  1184.000   1220.000    1.5960    1.5960    1.5960    1.5960   1.000
  1187.000   1220.000    1.1031    1.1031    1.1031    1.1031   1.000
  1196.000   1220.000    2.0046    2.0046    2.0046    2.0046   1.000
  1201.000   1220.000    3.2942    3.2942    3.2942    3.2942   1.000
  1178.000   1222.000    1.8017    1.8017    1.8017    1.8017   1.000
  1170.000   1223.000    2.9035    2.9035    2.9035    2.9035   1.000
  1206.000   1223.000    2.1149    2.1149    2.1149    2.1149   1.000
  1156.000   1224.000    1.8653    1.8653    1.8653    1.8653   1.000
  1197.000   1224.000    0.9623    0.9623    0.9623    0.9623   1.000
  1166.000   1225.000    1.8903    1.8903    1.8903    1.8903   1.000
  1176.000   1225.000    2.1871    2.1871    2.1871    2.1871   1.000
  1191.000   1225.000    3.0469    3.0469    3.0469    3.0469   1.000
  1186.000   1226.000    1.7309    1.7309    1.7309    1.7309   1.000
  1202.000   1227.000    2.0513    2.0513    2.0513    2.0513   1.000
  1156.000   1228.000    1.8156    1.8156    1.8156    1.8156   1.000
  1161.000   1228.000    1.8195    1.8195    1.8195    1.8195   1.000
  1173.000   1228.000    2.5879    2.5879    2.5879    2.5879   1.000
  1194.000   1228.000    1.3443    1.3443    1.3443    1.3443   1.000
  1206.000   1228.000    2.3982    2.3982    2.3982    2.3982   1.000
  1168.000   1230.000    1.5761    1.5761    1.5761    1.5761   1.000
  1210.000   1230.000    1.8339    1.8339    1.8339    1.8339   1.000
  1176.000   1231.000    2.3958    2.3958    2.3958    2.3958   1.000
  1181.000   1231.000   -0.4248   -0.4248   -0.4248   -0.4248   1.000
  1186.000   1232.000   -0.5971   -0.5971   -0.5971   -0.5971   1.000
  1202.000   1232.000    2.1175    2.1175    2.1175    2.1175   1.000
  1160.000   1233.000    2.5076    2.5076    2.5076    2.5076   1.000
  1167.000   1234.000    1.2483    1.2483    1.2483    1.2483   1.000
  1199.000   1235.000    2.0723    2.0723    2.0723    2.0723   1.000
  1203.000   1235.000    2.1831    2.1831    2.1831    2.1831   1.000
  1173.000   1236.000    2.0912    2.0912    2.0912    2.0912   1.000
  1163.000   1237.000    1.0542    1.0542    1.0542    1.0542   1.000
  1207.000   1237.000    0.7827    0.7827    0.7827    0.7827   1.000
  1157.000   1238.000    1.9474    1.9474    1.9474    1.9474   1.000
  1186.000   1238.000    1.5851    1.5851    1.5851    1.5851   1.000
  1201.000   1239.000    0.7223    0.7223    0.7223    0.7223   1.000
  1181.000   1240.000    2.3033    2.3033    2.3033    2.3033   1.000
  1190.000   1240.000    1.7731    1.7731    1.7731    1.7731   1.000
  1169.000   1241.000    2.5508    2.5508    2.5508    2.5508   1.000
  1173.000   1241.000    2.6002    2.6002    2.6002    2.6002   1.000
  1197.000   1241.000    2.6237    2.6237    2.6237    2.6237   1.000
  1159.000   1242.000    2.2928    2.2928    2.2928    2.2928   1.000
  1162.000   1242.000    2.3533    2.3533    2.3533    2.3533   1.000
  1205.000   1243.000    2.4385    2.4385    2.4385    2.4385   1.000
  1165.000   1244.000    2.9761    2.9761    2.9761    2.9761   1.000
  1177.000   1244.000    1.7870    1.7870    1.7870    1.7870   1.000
  1185.000   1244.000    2.6993    2.6993    2.6993    2.6993   1.000
  1158.000   1246.000    0.4201    0.4201    0.4201    0.4201   1.000
  1190.000   1246.000    1.7285    1.7285    1.7285    1.7285   1.000
  1198.000   1246.000    2.1685    2.1685    2.1685    2.1685   1.000
  1173.000   1247.000    1.9461    1.9461    1.9461    1.9461   1.000
  1181.000   1248.000    2.4063    2.4063    2.4063    2.4063   1.000
  1186.000   1248.000    1.1361    1.1361    1.1361    1.1361   1.000
  1175.000   1249.000    1.7252    1.7252    1.7252    1.7252   1.000
  1198.000   1249.000    2.1365    2.1365    2.1365    2.1365   1.000
  1168.000   1250.000    1.3951    1.3951    1.3951    1.3951   1.000
  1202.000   1250.000    3.1472    3.1472    3.1472    3.1472   1.000
  1158.000   1252.000    2.1593    2.1593    2.1593    2.1593   1.000
  1171.000   1252.000    1.6659    1.6659    1.6659    1.6659   1.000
  1208.000   1252.000    2.3034    2.3034    2.3034    2.3034   1.000
  1163.000   1253.000    1.5381    1.5381    1.5381    1.5381   1.000
  1188.000   1253.000    3.0464    3.0464    3.0464    3.0464   1.000
  1193.000   1253.000    1.3627    1.3627    1.3627    1.3627   1.000
  1198.000   1254.000    2.2683    2.2683    2.2683    2.2683   1.000
  1195.000   1256.000    1.8666    1.8666    1.8666    1.8666   1.000
  1203.000   1256.000    2.3548    2.3548    2.3548    2.3548   1.000
  1208.000   1256.000    1.7519    1.7519    1.7519    1.7519   1.000
  1174.000   1257.000    1.5858    1.5858    1.5858    1.5858   1.000
  1165.000   1258.000    1.7513    1.7513    1.7513    1.7513   1.000
  1186.000   1258.000    2.3892    2.3892    2.3892    2.3892   1.000
  1199.000   1258.000    2.1228    2.1228    2.1228    2.1228   1.000
  1158.000   1259.000    1.5607    1.5607    1.5607    1.5607   1.000
  1191.000   1259.000    1.7566    1.7566    1.7566    1.7566   1.000
  1169.000   1260.000    1.5979    1.5979    1.5979    1.5979   1.000
  1194.000   1260.000    1.8542    1.8542    1.8542    1.8542   1.000
  1176.000   1261.000    1.7295    1.7295    1.7295    1.7295   1.000
  1186.000   1261.000    2.3824    2.3824    2.3824    2.3824   1.000
  1158.000   1262.000    2.3386    2.3386    2.3386    2.3386   1.000
  1163.000   1262.000    2.4669    2.4669    2.4669    2.4669   1.000
  1201.000   1263.000    2.0418    2.0418    2.0418    2.0418   1.000
  1208.000   1264.000    2.5218    2.5218    2.5218    2.5218   1.000
  1191.000   1265.000    3.0004    3.0004    3.0004    3.0004   1.000
  1167.000   1266.000    2.4963    2.4963    2.4963    2.4963   1.000
  1173.000   1266.000    1.7308    1.7308    1.7308    1.7308   1.000
  1183.000   1266.000    1.4335    1.4335    1.4335    1.4335   1.000
  1211.000   1267.000    2.5092    2.5092    2.5092    2.5092   1.000
  1194.000   1268.000    1.9724    1.9724    1.9724    1.9724   1.000
  1204.000   1268.000    2.3305    2.3305    2.3305    2.3305   1.000
  1156.000   1269.000    2.4159    2.4159    2.4159    2.4159   1.000
  1163.000   1269.000    2.1318    2.1318    2.1318    2.1318   1.000
  1178.000   1270.000    2.4954    2.4954    2.4954    2.4954   1.000
  1160.000   1271.000    2.1247    2.1247    2.1247    2.1247   1.000
  1174.000   1272.000    2.1395    2.1395    2.1395    2.1395   1.000
  1177.000   1272.000    1.8635    1.8635    1.8635    1.8635   1.000
  1183.000   1272.000    2.2105    2.2105    2.2105    2.2105   1.000
  1196.000   1272.000    1.0238    1.0238    1.0238    1.0238   1.000
  1208.000   1272.000    1.8835    1.8835    1.8835    1.8835   1.000
  1168.000   1274.000    2.3396    2.3396    2.3396    2.3396   1.000
  1251.000   1220.000    1.7687    1.7687    1.7687    1.7687   1.000
  1267.000   1220.000    2.5094    2.5094    2.5094    2.5094   1.000
  1226.000   1221.000    1.8991    1.8991    1.8991    1.8991   1.000
  1238.000   1222.000    2.1470    2.1470    2.1470    2.1470   1.000
  1243.000   1222.000    2.7725    2.7725    2.7725    2.7725   1.000
  1232.000   1224.000    3.1234    3.1234    3.1234    3.1234   1.000
  1271.000   1224.000    2.0715    2.0715    2.0715    2.0715   1.000
  1266.000   1225.000    2.1657    2.1657    2.1657    2.1657   1.000
  1269.000   1225.000    2.6520    2.6520    2.6520    2.6520   1.000
  1224.000   1226.000    2.9401    2.9401    2.9401    2.9401   1.000
  1228.000   1226.000    3.1057    3.1057    3.1057    3.1057   1.000
  1250.000   1226.000    2.0201    2.0201    2.0201    2.0201   1.000
  1258.000   1226.000    1.9151    1.9151    1.9151    1.9151   1.000
  1234.000   1227.000    2.1043    2.1043    2.1043    2.1043   1.000
  1247.000   1229.000    1.9577    1.9577    1.9577    1.9577   1.000
  1230.000   1230.000    1.9583    1.9583    1.9583    1.9583   1.000
  1254.000   1230.000    1.6714    1.6714    1.6714    1.6714   1.000
  1264.000   1230.000    1.6122    1.6122    1.6122    1.6122   1.000
  1269.000   1230.000    1.6395    1.6395    1.6395    1.6395   1.000
  1221.000   1231.000    1.5796    1.5796    1.5796    1.5796   1.000
  1260.000   1231.000    1.5302    1.5302    1.5302    1.5302   1.000
  1225.000   1232.000    2.2329    2.2329    2.2329    2.2329   1.000
  1233.000   1234.000    1.8513    1.8513    1.8513    1.8513   1.000
  1244.000   1234.000    2.0252    2.0252    2.0252    2.0252   1.000
  1248.000   1234.000    3.3334    3.3334    3.3334    3.3334   1.000
  1252.000   1234.000    1.1474    1.1474    1.1474    1.1474   1.000
  1230.000   1235.000    2.0188    2.0188    2.0188    2.0188   1.000
  1224.000   1236.000    2.8471    2.8471    2.8471    2.8471   1.000
  1265.000   1236.000    0.0688    0.0688    0.0688    0.0688   1.000
  1275.000   1236.000   -0.5979   -0.5979   -0.5979   -0.5979   1.000
  1246.000   1238.000    2.4575    2.4575    2.4575    2.4575   1.000
  1227.000   1240.000    2.5168    2.5168    2.5168    2.5168   1.000
  1239.000   1240.000    2.7658    2.7658    2.7658    2.7658   1.000
  1231.000   1241.000    2.6578    2.6578    2.6578    2.6578   1.000
  1261.000   1241.000    2.3064    2.3064    2.3064    2.3064   1.000
  1271.000   1241.000    2.3375    2.3375    2.3375    2.3375   1.000
  1252.000   1242.000    0.7564    0.7564    0.7564    0.7564   1.000
  1247.000   1243.000    2.7475    2.7475    2.7475    2.7475   1.000
  1240.000   1244.000    1.5967    1.5967    1.5967    1.5967   1.000
  1231.000   1245.000    2.8030    2.8030    2.8030    2.8030   1.000
  1235.000   1245.000    2.5216    2.5216    2.5216    2.5216   1.000
  1257.000   1245.000    2.6946    2.6946    2.6946    2.6946   1.000
  1265.000   1245.000    2.3847    2.3847    2.3847    2.3847   1.000
  1269.000   1246.000    1.7087    1.7087    1.7087    1.7087   1.000
  1222.000   1247.000    1.8295    1.8295    1.8295    1.8295   1.000
  1255.000   1247.000    2.3565    2.3565    2.3565    2.3565   1.000
  1253.000   1248.000    2.2543    2.2543    2.2543    2.2543   1.000
  1262.000   1248.000    2.0109    2.0109    2.0109    2.0109   1.000
  1243.000   1249.000    1.9221    1.9221    1.9221    1.9221   1.000
  1247.000   1249.000   -0.1862   -0.1862   -0.1862   -0.1862   1.000
  1274.000   1249.000    2.2385    2.2385    2.2385    2.2385   1.000
  1226.000   1250.000    1.1721    1.1721    1.1721    1.1721   1.000
  1229.000   1250.000    0.8984    0.8984    0.8984    0.8984   1.000
  1242.000   1251.000    2.1467    2.1467    2.1467    2.1467   1.000
  1265.000   1251.000    2.5091    2.5091    2.5091    2.5091   1.000
  1270.000   1251.000    1.6232    1.6232    1.6232    1.6232   1.000
  1234.000   1253.000    2.5957    2.5957    2.5957    2.5957   1.000
  1253.000   1253.000    2.9689    2.9689    2.9689    2.9689   1.000
  1258.000   1253.000    2.3848    2.3848    2.3848    2.3848   1.000
  1261.000   1253.000    1.9045    1.9045    1.9045    1.9045   1.000
  1239.000   1255.000    0.7978    0.7978    0.7978    0.7978   1.000
  1273.000   1255.000    2.2147    2.2147    2.2147    2.2147   1.000
  1220.000   1256.000    2.8291    2.8291    2.8291    2.8291   1.000
  1245.000   1256.000    1.5845    1.5845    1.5845    1.5845   1.000
  1249.000   1256.000    2.1791    2.1791    2.1791    2.1791   1.000
  1263.000   1257.000    2.2342    2.2342    2.2342    2.2342   1.000
  1269.000   1257.000    1.9626    1.9626    1.9626    1.9626   1.000
  1233.000   1258.000    2.1677    2.1677    2.1677    2.1677   1.000
  1260.000   1258.000    1.9555    1.9555    1.9555    1.9555   1.000
  1227.000   1259.000    2.6528    2.6528    2.6528    2.6528   1.000
  1258.000   1259.000    2.2751    2.2751    2.2751    2.2751   1.000
  1243.000   1260.000    2.1810    2.1810    2.1810    2.1810   1.000
  1274.000   1260.000    1.9727    1.9727    1.9727    1.9727   1.000
  1238.000   1262.000    2.5101    2.5101    2.5101    2.5101   1.000
  1262.000   1262.000    3.0611    3.0611    3.0611    3.0611   1.000
  1246.000   1263.000    2.0712    2.0712    2.0712    2.0712   1.000
  1229.000   1264.000    2.5025    2.5025    2.5025    2.5025   1.000
  1240.000   1265.000    1.9141    1.9141    1.9141    1.9141   1.000
  1258.000   1265.000    2.7923    2.7923    2.7923    2.7923   1.000
  1262.000   1266.000    1.9849    1.9849    1.9849    1.9849   1.000
  1235.000   1267.000    0.7298    0.7298    0.7298    0.7298   1.000
  1226.000   1268.000    2.4956    2.4956    2.4956    2.4956   1.000
  1253.000   1268.000    1.0236    1.0236    1.0236    1.0236   1.000
  1266.000   1268.000    2.0871    2.0871    2.0871    2.0871   1.000
  1270.000   1268.000    1.9658    1.9658    1.9658    1.9658   1.000
  1231.000   1269.000    0.2511    0.2511    0.2511    0.2511   1.000
  1239.000   1269.000    1.6569    1.6569    1.6569    1.6569   1.000
  1244.000   1269.000    2.2145    2.2145    2.2145    2.2145   1.000
  1247.000   1269.000    2.1512    2.1512    2.1512    2.1512   1.000
  1260.000   1271.000    1.8599    1.8599    1.8599    1.8599   1.000
  1266.000   1273.000    2.2607    2.2607    2.2607    2.2607   1.000
  1226.000   1274.000    2.9339    2.9339    2.9339    2.9339   1.000
  1246.000   1274.000    2.2389    2.2389    2.2389    2.2389   1.000
  1236.000   1275.000    1.9112    1.9112    1.9112    1.9112   1.000
  1253.000   1275.000    1.7301    1.7301    1.7301    1.7301   1.000
