X Y I J H K mass
   774.000    772.000    3.8929    3.8929    3.8929    3.8929   1.000
   776.000    772.000    2.7743    2.7743    2.7743    2.7743   1.000
   793.000    772.000    3.5025    3.5025    3.5025    3.5025   1.000
   802.000    772.000    3.0437    3.0437    3.0437    3.0437   1.000
   772.000    773.000    3.0196    3.0196    3.0196    3.0196   1.000
   795.000    773.000    3.8375    3.8375    3.8375    3.8375   1.000
   800.000    773.000    3.6199    3.6199    3.6199    3.6199   1.000
   824.000    773.000    4.2446    4.2446    4.2446    4.2446   1.000
   827.000    773.000    3.9818    3.9818    3.9818    3.9818   1.000
   776.000    774.000    3.6874    3.6874    3.6874    3.6874   1.000
   782.000    774.000    5.3712    5.3712    5.3712    5.3712   1.000
   806.000    774.000    3.5293    3.5293    3.5293    3.5293   1.000
   820.000    774.000    3.9700    3.9700    3.9700    3.9700   1.000
   800.000    775.000    3.6307    3.6307    3.6307    3.6307   1.000
   802.000    775.000    3.8907    3.8907    3.8907    3.8907   1.000
   804.000    775.000    3.3437    3.3437    3.3437    3.3437   1.000
   813.000    775.000   -0.1063   -0.1063   -0.1063   -0.1063   1.000
   817.000    775.000    3.0298    3.0298    3.0298    3.0298   1.000
   791.000    777.000    3.3764    3.3764    3.3764    3.3764   1.000
   809.000    777.000    1.7106    1.7106    1.7106    1.7106   1.000
   821.000    777.000    4.3743    4.3743    4.3743    4.3743   1.000
   789.000    778.000    3.2359    3.2359    3.2359    3.2359   1.000
   801.000    778.000    3.7356    3.7356    3.7356    3.7356   1.000
   805.000    778.000    3.2337    3.2337    3.2337    3.2337   1.000
   812.000    778.000    3.0011    3.0011    3.0011    3.0011   1.000
   817.000    778.000    2.9204    2.9204    2.9204    2.9204   1.000
   826.000    778.000    3.6481    3.6481    3.6481    3.6481   1.000
   784.000    779.000    3.5498    3.5498    3.5498    3.5498   1.000
   786.000    779.000    2.7851    2.7851    2.7851    2.7851   1.000
   793.000    779.000    3.7896    3.7896    3.7896    3.7896   1.000
   808.000    779.000    2.4836    2.4836    2.4836    2.4836   1.000
   819.000    779.000    3.2323    3.2323    3.2323    3.2323   1.000
   772.000    780.000    4.3043    4.3043    4.3043    4.3043   1.000
   779.000    780.000    2.4434    2.4434    2.4434    2.4434   1.000
   796.000    780.000    3.9925    3.9925    3.9925    3.9925   1.000
   823.000    780.000    3.4668    3.4668    3.4668    3.4668   1.000
   804.000    781.000    0.1850    0.1850    0.1850    0.1850   1.000
   811.000    781.000    3.1019    3.1019    3.1019    3.1019   1.000
   791.000    782.000    3.8766    3.8766    3.8766    3.8766   1.000
   820.000    782.000    4.7297    4.7297    4.7297    4.7297   1.000
   774.000    784.000    3.7116    3.7116    3.7116    3.7116   1.000
   785.000    784.000    3.8389    3.8389    3.8389    3.8389   1.000
   787.000    784.000    2.8159    2.8159    2.8159    2.8159   1.000
   795.000    784.000    2.9655    2.9655    2.9655    2.9655   1.000
   799.000    784.000    3.8976    3.8976    3.8976    3.8976   1.000
   801.000    784.000    2.6679    2.6679    2.6679    2.6679   1.000
   820.000    784.000    3.3288    3.3288    3.3288    3.3288   1.000
   780.000    785.000    4.1208    4.1208    4.1208    4.1208   1.000
   791.000    785.000    3.6752    3.6752    3.6752    3.6752   1.000
   817.000    785.000    3.1030    3.1030    3.1030    3.1030   1.000
   784.000    786.000    3.0989    3.0989    3.0989    3.0989   1.000
   796.000    786.000    3.0874    3.0874    3.0874    3.0874   1.000
   801.000    786.000    3.9899    3.9899    3.9899    3.9899   1.000
   804.000    786.000    2.8767    2.8767    2.8767    2.8767   1.000
   820.000    786.000    2.4872    2.4872    2.4872    2.4872   1.000
   825.000    786.000    3.5478    3.5478    3.5478    3.5478   1.000
   774.000    787.000    3.4783    3.4783    3.4783    3.4783   1.000
   788.000    787.000    3.7797    3.7797    3.7797    3.7797   1.000
   779.000    788.000    3.7501    3.7501    3.7501    3.7501   1.000
   806.000    788.000    3.3737    3.3737    3.3737    3.3737   1.000
   776.000    789.000    3.3546    3.3546    3.3546    3.3546   1.000
   789.000    790.000    1.5635    1.5635    1.5635    1.5635   1.000
   791.000    790.000    0.8617    0.8617    0.8617    0.8617   1.000
   800.000    790.000    2.5980    2.5980    2.5980    2.5980   1.000
   806.000    790.000    2.9711    2.9711    2.9711    2.9711   1.000
   808.000    790.000    2.7593    2.7593    2.7593    2.7593   1.000
   824.000    790.000    3.5208    3.5208    3.5208    3.5208   1.000
   798.000    791.000    1.6333    1.6333    1.6333    1.6333   1.000
   778.000    792.000    3.4030    3.4030    3.4030    3.4030   1.000
   800.000    792.000    1.2492    1.2492    1.2492    1.2492   1.000
   803.000    792.000    0.5862    0.5862    0.5862    0.5862   1.000
   816.000    792.000    4.2922    4.2922    4.2922    4.2922   1.000
   791.000    793.000    3.3535    3.3535    3.3535    3.3535   1.000
   780.000    794.000    4.6949    4.6949    4.6949    4.6949   1.000
   795.000    794.000    3.6467    3.6467    3.6467    3.6467   1.000
   785.000    795.000    3.9466    3.9466    3.9466    3.9466   1.000
   787.000    795.000    3.5460    3.5460    3.5460    3.5460   1.000
   792.000    795.000    3.1105    3.1105    3.1105    3.1105   1.000
   819.000    795.000    3.4893    3.4893    3.4893    3.4893   1.000
   826.000    795.000    3.6271    3.6271    3.6271    3.6271   1.000
   781.000    796.000    4.1145    4.1145    4.1145    4.1145   1.000
   789.000    796.000    2.6332    2.6332    2.6332    2.6332   1.000
   795.000    796.000    2.8615    2.8615    2.8615    2.8615   1.000
   806.000    796.000    4.4273    4.4273    4.4273    4.4273   1.000
   808.000    796.000    4.6987    4.6987    4.6987    4.6987   1.000
   822.000    796.000    3.4438    3.4438    3.4438    3.4438   1.000
   791.000    797.000    4.5155    4.5155    4.5155    4.5155   1.000
   793.000    797.000    3.9146    3.9146    3.9146    3.9146   1.000
   801.000    797.000    2.9228    2.9228    2.9228    2.9228   1.000
   815.000    797.000    3.6505    3.6505    3.6505    3.6505   1.000
   819.000    797.000    3.1896    3.1896    3.1896    3.1896   1.000
   772.000    798.000    2.8479    2.8479    2.8479    2.8479   1.000
   775.000    798.000    3.8080    3.8080    3.8080    3.8080   1.000
   782.000    798.000    4.1819    4.1819    4.1819    4.1819   1.000
   810.000    798.000    3.8569    3.8569    3.8569    3.8569   1.000
   827.000    798.000    3.1462    3.1462    3.1462    3.1462   1.000
   792.000    799.000    3.5411    3.5411    3.5411    3.5411   1.000
   794.000    799.000    3.5552    3.5552    3.5552    3.5552   1.000
   803.000    799.000    3.9172    3.9172    3.9172    3.9172   1.000
   805.000    799.000    3.9403    3.9403    3.9403    3.9403   1.000
   819.000    799.000    3.1798    3.1798    3.1798    3.1798   1.000
   785.000    800.000    3.6304    3.6304    3.6304    3.6304   1.000
   789.000    800.000    3.4469    3.4469    3.4469    3.4469   1.000
   825.000    800.000    3.2905    3.2905    3.2905    3.2905   1.000
   827.000    800.000    4.1308    4.1308    4.1308    4.1308   1.000
   780.000    801.000    3.5626    3.5626    3.5626    3.5626   1.000
   815.000    801.000    3.6236    3.6236    3.6236    3.6236   1.000
   823.000    801.000    2.9048    2.9048    2.9048    2.9048   1.000
   783.000    802.000    2.6140    2.6140    2.6140    2.6140   1.000
   793.000    802.000    0.4113    0.4113    0.4113    0.4113   1.000
   787.000    803.000    3.3505    3.3505    3.3505    3.3505   1.000
   820.000    803.000    2.8104    2.8104    2.8104    2.8104   1.000
   824.000    803.000    3.1423    3.1423    3.1423    3.1423   1.000
   773.000    804.000    4.8832    4.8832    4.8832    4.8832   1.000
   781.000    804.000    3.6743    3.6743    3.6743    3.6743   1.000
   783.000    804.000    3.3895    3.3895    3.3895    3.3895   1.000
   790.000    804.000    4.0642    4.0642    4.0642    4.0642   1.000
   792.000    804.000    2.3509    2.3509    2.3509    2.3509   1.000
   797.000    804.000    2.8796    2.8796    2.8796    2.8796   1.000
   799.000    804.000    4.1243    4.1243    4.1243    4.1243   1.000
   801.000    804.000    3.9207    3.9207    3.9207    3.9207   1.000
   808.000    804.000    3.2895    3.2895    3.2895    3.2895   1.000
   775.000    805.000    3.7596    3.7596    3.7596    3.7596   1.000
   821.000    805.000    2.8057    2.8057    2.8057    2.8057   1.000
   823.000    805.000    3.0330    3.0330    3.0330    3.0330   1.000
   784.000    806.000    2.1985    2.1985    2.1985    2.1985   1.000
   795.000    806.000    0.9905    0.9905    0.9905    0.9905   1.000
   797.000    806.000    4.9278    4.9278    4.9278    4.9278   1.000
   801.000    806.000    4.3071    4.3071    4.3071    4.3071   1.000
   804.000    806.000    4.3874    4.3874    4.3874    4.3874   1.000
   808.000    806.000    2.2271    2.2271    2.2271    2.2271   1.000
   773.000    807.000    4.0525    4.0525    4.0525    4.0525   1.000
   780.000    807.000    4.2226    4.2226    4.2226    4.2226   1.000
   782.000    807.000    2.8919    2.8919    2.8919    2.8919   1.000
   789.000    807.000    3.1240    3.1240    3.1240    3.1240   1.000
   793.000    807.000    3.6845    3.6845    3.6845    3.6845   1.000
   820.000    807.000    3.8002    3.8002    3.8002    3.8002   1.000
   822.000    807.000    4.0890    4.0890    4.0890    4.0890   1.000
   804.000    808.000    4.0346    4.0346    4.0346    4.0346   1.000
   818.000    808.000    4.0625    4.0625    4.0625    4.0625   1.000
   774.000    809.000    3.1821    3.1821    3.1821    3.1821   1.000
   776.000    810.000    2.9801    2.9801    2.9801    2.9801   1.000
   796.000    810.000    2.7122    2.7122    2.7122    2.7122   1.000
   799.000    810.000    3.2746    3.2746    3.2746    3.2746   1.000
   819.000    810.000    0.8747    0.8747    0.8747    0.8747   1.000
   826.000    810.000    2.4631    2.4631    2.4631    2.4631   1.000
   784.000    811.000    3.9389    3.9389    3.9389    3.9389   1.000
   790.000    811.000    3.4738    3.4738    3.4738    3.4738   1.000
   815.000    811.000    2.0110    2.0110    2.0110    2.0110   1.000
   772.000    812.000    3.3147    3.3147    3.3147    3.3147   1.000
   776.000    812.000    2.0285    2.0285    2.0285    2.0285   1.000
   824.000    812.000    2.1381    2.1381    2.1381    2.1381   1.000
   780.000    813.000    2.2875    2.2875    2.2875    2.2875   1.000
   795.000    813.000    3.9842    3.9842    3.9842    3.9842   1.000
   799.000    813.000    3.3991    3.3991    3.3991    3.3991   1.000
   772.000    814.000    3.0590    3.0590    3.0590    3.0590   1.000
   778.000    814.000    3.7909    3.7909    3.7909    3.7909   1.000
   787.000    814.000    3.9069    3.9069    3.9069    3.9069   1.000
   810.000    814.000    2.6067    2.6067    2.6067    2.6067   1.000
   815.000    814.000    3.1083    3.1083    3.1083    3.1083   1.000
   822.000    814.000    4.0004    4.0004    4.0004    4.0004   1.000
   793.000    815.000    2.8551    2.8551    2.8551    2.8551   1.000
   795.000    815.000    4.1613    4.1613    4.1613    4.1613   1.000
   802.000    815.000    2.5252    2.5252    2.5252    2.5252   1.000
   804.000    815.000    4.3596    4.3596    4.3596    4.3596   1.000
   775.000    816.000    4.5217    4.5217    4.5217    4.5217   1.000
   777.000    816.000    2.9095    2.9095    2.9095    2.9095   1.000
   797.000    816.000    3.3685    3.3685    3.3685    3.3685   1.000
   819.000    816.000    2.0375    2.0375    2.0375    2.0375   1.000
   824.000    816.000    3.8138    3.8138    3.8138    3.8138   1.000
   786.000    818.000    2.5541    2.5541    2.5541    2.5541   1.000
   799.000    818.000    2.5201    2.5201    2.5201    2.5201   1.000
   803.000    818.000    3.6341    3.6341    3.6341    3.6341   1.000
   808.000    818.000    3.8553    3.8553    3.8553    3.8553   1.000
   814.000    818.000    3.8183    3.8183    3.8183    3.8183   1.000
   780.000    819.000    2.8666    2.8666    2.8666    2.8666   1.000
   791.000    820.000    4.3505    4.3505    4.3505    4.3505   1.000
   798.000    820.000    2.8597    2.8597    2.8597    2.8597   1.000
   814.000    820.000    4.2729    4.2729    4.2729    4.2729   1.000
   816.000    820.000    3.4030    3.4030    3.4030    3.4030   1.000
   776.000    821.000    3.2743    3.2743    3.2743    3.2743   1.000
   780.000    821.000    2.5330    2.5330    2.5330    2.5330   1.000
   820.000    821.000    1.6836    1.6836    1.6836    1.6836   1.000
   823.000    821.000    2.2480    2.2480    2.2480    2.2480   1.000
   778.000    822.000    2.7507    2.7507    2.7507    2.7507   1.000
   776.000    823.000    3.9372    3.9372    3.9372    3.9372   1.000
   803.000    823.000    4.2260    4.2260    4.2260    4.2260   1.000
   809.000    823.000    4.0453    4.0453    4.0453    4.0453   1.000
   772.000    824.000    2.6726    2.6726    2.6726    2.6726   1.000
   779.000    824.000    1.7674    1.7674    1.7674    1.7674   1.000
   818.000    824.000    3.4762    3.4762    3.4762    3.4762   1.000
   775.000    825.000    2.4850    2.4850    2.4850    2.4850   1.000
   786.000    825.000    3.7945    3.7945    3.7945    3.7945   1.000
   798.000    825.000    2.9161    2.9161    2.9161    2.9161   1.000
   816.000    825.000    3.4258    3.4258    3.4258    3.4258   1.000
   781.000    826.000    4.0459    4.0459    4.0459    4.0459   1.000
   802.000    826.000    3.3042    3.3042    3.3042    3.3042   1.000
   804.000    826.000    3.0572    3.0572    3.0572    3.0572   1.000
   820.000    826.000    2.9482    2.9482    2.9482    2.9482   1.000
   822.000    826.000    3.3162    3.3162    3.3162    3.3162   1.000
   824.000    826.000    3.6898    3.6898    3.6898    3.6898   1.000
   787.000    827.000    1.6827    1.6827    1.6827    1.6827   1.000
   791.000    827.000    3.5640    3.5640    3.5640    3.5640   1.000
   800.000    827.000    3.7611    3.7611    3.7611    3.7611   1.000
   846.000    772.000    4.2551    4.2551    4.2551    4.2551   1.000
   859.000    772.000    3.7186    3.7186    3.7186    3.7186   1.000
   874.000    772.000    4.0261    4.0261    4.0261    4.0261   1.000
   876.000    772.000    3.4816    3.4816    3.4816    3.4816   1.000
   856.000    773.000    3.7859    3.7859    3.7859    3.7859   1.000
   869.000    773.000    4.5445    4.5445    4.5445    4.5445   1.000
   881.000    773.000    3.1855    3.1855    3.1855    3.1855   1.000
   848.000    774.000    4.4825    4.4825    4.4825    4.4825   1.000
   859.000    774.000    2.0289    2.0289    2.0289    2.0289   1.000
   890.000    775.000    3.4098    3.4098    3.4098    3.4098   1.000
   836.000    776.000    4.5835    4.5835    4.5835    4.5835   1.000
   840.000    776.000    3.5617    3.5617    3.5617    3.5617   1.000
   848.000    776.000    3.9166    3.9166    3.9166    3.9166   1.000
   853.000    776.000    3.1354    3.1354    3.1354    3.1354   1.000
   861.000    776.000    2.5278    2.5278    2.5278    2.5278   1.000
   869.000    776.000    1.8025    1.8025    1.8025    1.8025   1.000
   873.000    776.000    2.6419    2.6419    2.6419    2.6419   1.000
   879.000    776.000    3.8399    3.8399    3.8399    3.8399   1.000
   882.000    776.000    2.9014    2.9014    2.9014    2.9014   1.000
   845.000    777.000    3.6244    3.6244    3.6244    3.6244   1.000
   856.000    777.000    3.2870    3.2870    3.2870    3.2870   1.000
   840.000    778.000    3.4908    3.4908    3.4908    3.4908   1.000
   864.000    778.000    3.9326    3.9326    3.9326    3.9326   1.000
   872.000    778.000    2.9804    2.9804    2.9804    2.9804   1.000
   844.000    779.000    2.8488    2.8488    2.8488    2.8488   1.000
   858.000    779.000    3.6947    3.6947    3.6947    3.6947   1.000
   860.000    779.000    3.2545    3.2545    3.2545    3.2545   1.000
   885.000    779.000    3.6281    3.6281    3.6281    3.6281   1.000
   847.000    780.000    3.1040    3.1040    3.1040    3.1040   1.000
   850.000    780.000    2.6929    2.6929    2.6929    2.6929   1.000
   869.000    780.000    3.0933    3.0933    3.0933    3.0933   1.000
   883.000    780.000    3.4401    3.4401    3.4401    3.4401   1.000
   837.000    781.000    3.0853    3.0853    3.0853    3.0853   1.000
   841.000    781.000    1.9168    1.9168    1.9168    1.9168   1.000
   852.000    781.000    3.5347    3.5347    3.5347    3.5347   1.000
   859.000    781.000    3.0497    3.0497    3.0497    3.0497   1.000
   875.000    781.000    3.2002    3.2002    3.2002    3.2002   1.000
   877.000    781.000    3.5294    3.5294    3.5294    3.5294   1.000
   848.000    782.000    2.5989    2.5989    2.5989    2.5989   1.000
   854.000    782.000    4.2887    4.2887    4.2887    4.2887   1.000
   863.000    782.000    3.3279    3.3279    3.3279    3.3279   1.000
   891.000    782.000    2.5890    2.5890    2.5890    2.5890   1.000
   840.000    783.000    2.8788    2.8788    2.8788    2.8788   1.000
   842.000    783.000    1.1650    1.1650    1.1650    1.1650   1.000
   857.000    783.000    1.6116    1.6116    1.6116    1.6116   1.000
   870.000    783.000    4.4255    4.4255    4.4255    4.4255   1.000
   880.000    783.000    3.4362    3.4362    3.4362    3.4362   1.000
   850.000    784.000    2.8647    2.8647    2.8647    2.8647   1.000
   860.000    784.000    2.8585    2.8585    2.8585    2.8585   1.000
   872.000    784.000    2.0106    2.0106    2.0106    2.0106   1.000
   845.000    785.000   -0.1465   -0.1465   -0.1465   -0.1465   1.000
   857.000    785.000    2.8320    2.8320    2.8320    2.8320   1.000
   839.000    786.000    0.0312    0.0312    0.0312    0.0312   1.000
   869.000    786.000    3.1398    3.1398    3.1398    3.1398   1.000
   876.000    786.000    3.2260    3.2260    3.2260    3.2260   1.000
   844.000    787.000    0.7231    0.7231    0.7231    0.7231   1.000
   848.000    787.000    3.8853    3.8853    3.8853    3.8853   1.000
   879.000    787.000    4.0160    4.0160    4.0160    4.0160   1.000
   850.000    788.000    3.2730    3.2730    3.2730    3.2730   1.000
   867.000    788.000    2.4865    2.4865    2.4865    2.4865   1.000
   875.000    788.000    4.2031    4.2031    4.2031    4.2031   1.000
   883.000    788.000    3.5010    3.5010    3.5010    3.5010   1.000
   845.000    789.000    2.5528    2.5528    2.5528    2.5528   1.000
   847.000    789.000    3.7883    3.7883    3.7883    3.7883   1.000
   878.000    789.000    4.2541    4.2541    4.2541    4.2541   1.000
   842.000    790.000    2.7203    2.7203    2.7203    2.7203   1.000
   850.000    790.000    3.0172    3.0172    3.0172    3.0172   1.000
   867.000    790.000    3.3507    3.3507    3.3507    3.3507   1.000
   886.000    790.000    3.2086    3.2086    3.2086    3.2086   1.000
   891.000    790.000    4.0494    4.0494    4.0494    4.0494   1.000
   847.000    791.000    2.6581    2.6581    2.6581    2.6581   1.000
   856.000    791.000    3.7728    3.7728    3.7728    3.7728   1.000
   874.000    791.000    3.6970    3.6970    3.6970    3.6970   1.000
   876.000    791.000    4.1855    4.1855    4.1855    4.1855   1.000
   879.000    791.000    4.1288    4.1288    4.1288    4.1288   1.000
   859.000    792.000    3.3262    3.3262    3.3262    3.3262   1.000
   863.000    792.000    3.2019    3.2019    3.2019    3.2019   1.000
   867.000    792.000    2.7903    2.7903    2.7903    2.7903   1.000
   882.000    792.000    3.5680    3.5680    3.5680    3.5680   1.000
   885.000    792.000    4.0318    4.0318    4.0318    4.0318   1.000
   839.000    793.000    4.4710    4.4710    4.4710    4.4710   1.000
   877.000    793.000    3.1794    3.1794    3.1794    3.1794   1.000
   891.000    793.000    3.5673    3.5673    3.5673    3.5673   1.000
   844.000    794.000    2.5758    2.5758    2.5758    2.5758   1.000
   848.000    794.000    4.2537    4.2537    4.2537    4.2537   1.000
   854.000    794.000    1.5356    1.5356    1.5356    1.5356   1.000
   880.000    794.000    4.2146    4.2146    4.2146    4.2146   1.000
   887.000    794.000    2.7168    2.7168    2.7168    2.7168   1.000
   836.000    795.000    3.3390    3.3390    3.3390    3.3390   1.000
   846.000    795.000    2.0680    2.0680    2.0680    2.0680   1.000
   891.000    795.000    3.5545    3.5545    3.5545    3.5545   1.000
   838.000    796.000    3.0516    3.0516    3.0516    3.0516   1.000
   886.000    796.000    3.8319    3.8319    3.8319    3.8319   1.000
   888.000    796.000    3.6937    3.6937    3.6937    3.6937   1.000
   845.000    797.000    2.7177    2.7177    2.7177    2.7177   1.000
   851.000    797.000    5.2946    5.2946    5.2946    5.2946   1.000
   855.000    797.000    3.3500    3.3500    3.3500    3.3500   1.000
   874.000    797.000    3.8273    3.8273    3.8273    3.8273   1.000
   839.000    798.000    4.3210    4.3210    4.3210    4.3210   1.000
   842.000    798.000    3.0849    3.0849    3.0849    3.0849   1.000
   845.000    799.000    2.3356    2.3356    2.3356    2.3356   1.000
   857.000    799.000    2.8121    2.8121    2.8121    2.8121   1.000
   880.000    799.000    3.6954    3.6954    3.6954    3.6954   1.000
   883.000    799.000    5.1002    5.1002    5.1002    5.1002   1.000
   843.000    800.000    3.2147    3.2147    3.2147    3.2147   1.000
   848.000    800.000    3.8941    3.8941    3.8941    3.8941   1.000
   866.000    800.000    3.4611    3.4611    3.4611    3.4611   1.000
   871.000    800.000    3.3079    3.3079    3.3079    3.3079   1.000
   888.000    801.000    2.9749    2.9749    2.9749    2.9749   1.000
   845.000    802.000    3.9287    3.9287    3.9287    3.9287   1.000
   847.000    802.000    3.6304    3.6304    3.6304    3.6304   1.000
   849.000    802.000    4.7083    4.7083    4.7083    4.7083   1.000
   852.000    802.000    3.1988    3.1988    3.1988    3.1988   1.000
   865.000    802.000    3.6591    3.6591    3.6591    3.6591   1.000
   879.000    802.000    3.8601    3.8601    3.8601    3.8601   1.000
   856.000    803.000   -0.0776   -0.0776   -0.0776   -0.0776   1.000
   888.000    803.000    2.9021    2.9021    2.9021    2.9021   1.000
   838.000    804.000    2.4433    2.4433    2.4433    2.4433   1.000
   865.000    804.000    1.7718    1.7718    1.7718    1.7718   1.000
   884.000    804.000    3.0673    3.0673    3.0673    3.0673   1.000
   891.000    804.000    3.3341    3.3341    3.3341    3.3341   1.000
   845.000    805.000    2.9427    2.9427    2.9427    2.9427   1.000
   850.000    805.000    2.8701    2.8701    2.8701    2.8701   1.000
   889.000    805.000    3.5311    3.5311    3.5311    3.5311   1.000
   859.000    806.000    3.7886    3.7886    3.7886    3.7886   1.000
   869.000    806.000    3.6848    3.6848    3.6848    3.6848   1.000
   876.000    806.000    3.3478    3.3478    3.3478    3.3478   1.000
   883.000    806.000    3.6787    3.6787    3.6787    3.6787   1.000
   887.000    806.000    1.5740    1.5740    1.5740    1.5740   1.000
   841.000    807.000    3.7088    3.7088    3.7088    3.7088   1.000
   853.000    807.000    4.3062    4.3062    4.3062    4.3062   1.000
   855.000    807.000    2.8546    2.8546    2.8546    2.8546   1.000
   864.000    807.000    3.7853    3.7853    3.7853    3.7853   1.000
   866.000    807.000    2.5215    2.5215    2.5215    2.5215   1.000
   873.000    807.000    4.1516    4.1516    4.1516    4.1516   1.000
   844.000    808.000    4.1695    4.1695    4.1695    4.1695   1.000
   848.000    808.000    3.0480    3.0480    3.0480    3.0480   1.000
   850.000    808.000    3.2543    3.2543    3.2543    3.2543   1.000
   881.000    808.000    3.4100    3.4100    3.4100    3.4100   1.000
   885.000    808.000    4.6174    4.6174    4.6174    4.6174   1.000
   841.000    809.000    4.0452    4.0452    4.0452    4.0452   1.000
   856.000    809.000    2.7550    2.7550    2.7550    2.7550   1.000
   878.000    809.000    4.3100    4.3100    4.3100    4.3100   1.000
   890.000    809.000    3.8871    3.8871    3.8871    3.8871   1.000
   865.000    810.000    2.4375    2.4375    2.4375    2.4375   1.000
   870.000    811.000    3.3637    3.3637    3.3637    3.3637   1.000
   843.000    812.000    3.2586    3.2586    3.2586    3.2586   1.000
   845.000    812.000    2.6559    2.6559    2.6559    2.6559   1.000
   847.000    812.000    3.8662    3.8662    3.8662    3.8662   1.000
   849.000    812.000    4.5969    4.5969    4.5969    4.5969   1.000
   859.000    812.000    4.6699    4.6699    4.6699    4.6699   1.000
   861.000    812.000    3.6326    3.6326    3.6326    3.6326   1.000
   874.000    812.000    4.2652    4.2652    4.2652    4.2652   1.000
   876.000    812.000    3.6964    3.6964    3.6964    3.6964   1.000
   882.000    812.000    2.9813    2.9813    2.9813    2.9813   1.000
   864.000    813.000    2.6232    2.6232    2.6232    2.6232   1.000
   885.000    813.000    2.5918    2.5918    2.5918    2.5918   1.000
   839.000    814.000    3.6974    3.6974    3.6974    3.6974   1.000
   841.000    814.000    3.3943    3.3943    3.3943    3.3943   1.000
   871.000    814.000    3.2146    3.2146    3.2146    3.2146   1.000
   878.000    814.000    3.4004    3.4004    3.4004    3.4004   1.000
   883.000    814.000    2.0240    2.0240    2.0240    2.0240   1.000
   846.000    815.000    3.4909    3.4909    3.4909    3.4909   1.000
   858.000    815.000    3.4849    3.4849    3.4849    3.4849   1.000
   862.000    815.000    3.2739    3.2739    3.2739    3.2739   1.000
   866.000    815.000    3.0825    3.0825    3.0825    3.0825   1.000
   838.000    816.000    3.1572    3.1572    3.1572    3.1572   1.000
   855.000    816.000    2.6584    2.6584    2.6584    2.6584   1.000
   869.000    816.000    3.9779    3.9779    3.9779    3.9779   1.000
   858.000    817.000    3.4871    3.4871    3.4871    3.4871   1.000
   861.000    817.000    4.0074    4.0074    4.0074    4.0074   1.000
   865.000    817.000    4.3338    4.3338    4.3338    4.3338   1.000
   883.000    817.000    2.4347    2.4347    2.4347    2.4347   1.000
   851.000    818.000    3.9503    3.9503    3.9503    3.9503   1.000
   856.000    818.000    4.6054    4.6054    4.6054    4.6054   1.000
   867.000    818.000    2.5270    2.5270    2.5270    2.5270   1.000
   880.000    818.000    3.5761    3.5761    3.5761    3.5761   1.000
   887.000    818.000    4.1861    4.1861    4.1861    4.1861   1.000
   884.000    819.000    3.8693    3.8693    3.8693    3.8693   1.000
   856.000    820.000    4.0306    4.0306    4.0306    4.0306   1.000
   863.000    820.000    3.9400    3.9400    3.9400    3.9400   1.000
   868.000    820.000    3.2947    3.2947    3.2947    3.2947   1.000
   880.000    820.000    3.5244    3.5244    3.5244    3.5244   1.000
   846.000    821.000    4.1350    4.1350    4.1350    4.1350   1.000
   871.000    821.000    3.7129    3.7129    3.7129    3.7129   1.000
   885.000    821.000    2.6055    2.6055    2.6055    2.6055   1.000
   842.000    822.000    4.5765    4.5765    4.5765    4.5765   1.000
   844.000    822.000    4.5769    4.5769    4.5769    4.5769   1.000
   848.000    822.000    4.1682    4.1682    4.1682    4.1682   1.000
   865.000    822.000    3.3408    3.3408    3.3408    3.3408   1.000
   875.000    822.000    5.1284    5.1284    5.1284    5.1284   1.000
   877.000    822.000    4.5510    4.5510    4.5510    4.5510   1.000
   851.000    823.000    3.9988    3.9988    3.9988    3.9988   1.000
   853.000    823.000    3.6543    3.6543    3.6543    3.6543   1.000
   881.000    823.000    4.4089    4.4089    4.4089    4.4089   1.000
   838.000    824.000    3.3978    3.3978    3.3978    3.3978   1.000
   840.000    824.000    3.5283    3.5283    3.5283    3.5283   1.000
   864.000    824.000    3.6702    3.6702    3.6702    3.6702   1.000
   868.000    824.000    0.6550    0.6550    0.6550    0.6550   1.000
   879.000    824.000    3.1242    3.1242    3.1242    3.1242   1.000
   884.000    824.000    5.2768    5.2768    5.2768    5.2768   1.000
   886.000    824.000    6.2130    6.2130    6.2130    6.2130   1.000
   857.000    825.000    5.5840    5.5840    5.5840    5.5840   1.000
   841.000    826.000    3.9444    3.9444    3.9444    3.9444   1.000
   844.000    826.000    3.2583    3.2583    3.2583    3.2583   1.000
   848.000    826.000    2.4799    2.4799    2.4799    2.4799   1.000
   862.000    826.000    3.7917    3.7917    3.7917    3.7917   1.000
   884.000    826.000    4.3680    4.3680    4.3680    4.3680   1.000
   837.000    827.000    3.4675    3.4675    3.4675    3.4675   1.000
   839.000    827.000    4.1699    4.1699    4.1699    4.1699   1.000
   874.000    827.000    3.8081    3.8081    3.8081    3.8081   1.000
   908.000    772.000    2.1533    2.1533    2.1533    2.1533   1.000
   937.000    772.000    3.3871    3.3871    3.3871    3.3871   1.000
   941.000    772.000    2.8038    2.8038    2.8038    2.8038   1.000
   912.000    773.000    3.0806    3.0806    3.0806    3.0806   1.000
   925.000    773.000    4.1294    4.1294    4.1294    4.1294   1.000
   930.000    773.000    3.3223    3.3223    3.3223    3.3223   1.000
   948.000    773.000    2.9938    2.9938    2.9938    2.9938   1.000
   950.000    773.000    4.0189    4.0189    4.0189    4.0189   1.000
   907.000    774.000   -0.1146   -0.1146   -0.1146   -0.1146   1.000
   915.000    774.000    2.6050    2.6050    2.6050    2.6050   1.000
   923.000    774.000    3.5675    3.5675    3.5675    3.5675   1.000
   935.000    774.000    2.8466    2.8466    2.8466    2.8466   1.000
   954.000    774.000    2.8175    2.8175    2.8175    2.8175   1.000
   911.000    775.000    3.1941    3.1941    3.1941    3.1941   1.000
   933.000    775.000    3.0762    3.0762    3.0762    3.0762   1.000
   942.000    775.000    4.0513    4.0513    4.0513    4.0513   1.000
   900.000    776.000    3.4173    3.4173    3.4173    3.4173   1.000
   917.000    776.000    3.4622    3.4622    3.4622    3.4622   1.000
   920.000    776.000    2.9838    2.9838    2.9838    2.9838   1.000
   926.000    776.000    3.8555    3.8555    3.8555    3.8555   1.000
   928.000    776.000    3.5911    3.5911    3.5911    3.5911   1.000
   944.000    776.000    3.8336    3.8336    3.8336    3.8336   1.000
   948.000    776.000    3.4902    3.4902    3.4902    3.4902   1.000
   951.000    776.000    3.3267    3.3267    3.3267    3.3267   1.000
   954.000    776.000    4.5835    4.5835    4.5835    4.5835   1.000
   905.000    777.000    2.9587    2.9587    2.9587    2.9587   1.000
   908.000    777.000    3.1237    3.1237    3.1237    3.1237   1.000
   938.000    777.000    2.9786    2.9786    2.9786    2.9786   1.000
   934.000    778.000    2.2218    2.2218    2.2218    2.2218   1.000
   951.000    778.000    3.3822    3.3822    3.3822    3.3822   1.000
   954.000    778.000    3.8146    3.8146    3.8146    3.8146   1.000
   907.000    779.000    4.0598    4.0598    4.0598    4.0598   1.000
   928.000    779.000    3.1515    3.1515    3.1515    3.1515   1.000
   936.000    779.000    2.8144    2.8144    2.8144    2.8144   1.000
   904.000    780.000    3.2238    3.2238    3.2238    3.2238   1.000
   919.000    780.000    4.1092    4.1092    4.1092    4.1092   1.000
   907.000    781.000    3.2711    3.2711    3.2711    3.2711   1.000
   937.000    781.000    4.1330    4.1330    4.1330    4.1330   1.000
   944.000    781.000    3.9491    3.9491    3.9491    3.9491   1.000
   947.000    781.000    3.7907    3.7907    3.7907    3.7907   1.000
   914.000    782.000    2.6526    2.6526    2.6526    2.6526   1.000
   922.000    782.000    3.9795    3.9795    3.9795    3.9795   1.000
   935.000    782.000    3.4912    3.4912    3.4912    3.4912   1.000
   941.000    782.000    4.4535    4.4535    4.4535    4.4535   1.000
   950.000    782.000    3.3305    3.3305    3.3305    3.3305   1.000
   906.000    783.000    2.6654    2.6654    2.6654    2.6654   1.000
   925.000    783.000    3.7110    3.7110    3.7110    3.7110   1.000
   929.000    783.000    3.6026    3.6026    3.6026    3.6026   1.000
   915.000    784.000    2.7830    2.7830    2.7830    2.7830   1.000
   920.000    784.000    3.9263    3.9263    3.9263    3.9263   1.000
   940.000    784.000    3.3939    3.3939    3.3939    3.3939   1.000
   948.000    784.000    2.6590    2.6590    2.6590    2.6590   1.000
   903.000    785.000    3.9498    3.9498    3.9498    3.9498   1.000
   912.000    785.000    3.5161    3.5161    3.5161    3.5161   1.000
   925.000    785.000    3.4817    3.4817    3.4817    3.4817   1.000
   938.000    785.000    3.9845    3.9845    3.9845    3.9845   1.000
   921.000    786.000    3.3562    3.3562    3.3562    3.3562   1.000
   936.000    786.000    3.9322    3.9322    3.9322    3.9322   1.000
   912.000    787.000    4.2959    4.2959    4.2959    4.2959   1.000
   917.000    787.000    2.1674    2.1674    2.1674    2.1674   1.000
   928.000    787.000    2.8506    2.8506    2.8506    2.8506   1.000
   942.000    787.000    4.2806    4.2806    4.2806    4.2806   1.000
   953.000    787.000    3.9128    3.9128    3.9128    3.9128   1.000
   904.000    788.000    3.7366    3.7366    3.7366    3.7366   1.000
   923.000    788.000    0.2459    0.2459    0.2459    0.2459   1.000
   937.000    788.000    3.7827    3.7827    3.7827    3.7827   1.000
   946.000    788.000    3.8656    3.8656    3.8656    3.8656   1.000
   933.000    789.000    3.6471    3.6471    3.6471    3.6471   1.000
   949.000    789.000    3.7908    3.7908    3.7908    3.7908   1.000
   953.000    789.000    3.2462    3.2462    3.2462    3.2462   1.000
   900.000    790.000    3.4036    3.4036    3.4036    3.4036   1.000
   922.000    790.000    5.8968    5.8968    5.8968    5.8968   1.000
   927.000    790.000    3.5358    3.5358    3.5358    3.5358   1.000
   909.000    791.000    3.4372    3.4372    3.4372    3.4372   1.000
   919.000    791.000    3.6714    3.6714    3.6714    3.6714   1.000
   934.000    791.000    4.1415    4.1415    4.1415    4.1415   1.000
   936.000    791.000    4.2941    4.2941    4.2941    4.2941   1.000
   949.000    791.000    2.8638    2.8638    2.8638    2.8638   1.000
   905.000    792.000    3.4180    3.4180    3.4180    3.4180   1.000
   925.000    792.000    3.4060    3.4060    3.4060    3.4060   1.000
   943.000    792.000    3.8982    3.8982    3.8982    3.8982   1.000
   945.000    792.000    2.9435    2.9435    2.9435    2.9435   1.000
   947.000    792.000    2.5951    2.5951    2.5951    2.5951   1.000
   901.000    793.000    4.7348    4.7348    4.7348    4.7348   1.000
   912.000    793.000    2.8303    2.8303    2.8303    2.8303   1.000
   949.000    793.000    3.5939    3.5939    3.5939    3.5939   1.000
   914.000    794.000    2.7438    2.7438    2.7438    2.7438   1.000
   929.000    794.000    3.2326    3.2326    3.2326    3.2326   1.000
   936.000    794.000    3.6819    3.6819    3.6819    3.6819   1.000
   947.000    794.000    3.0219    3.0219    3.0219    3.0219   1.000
   951.000    794.000    3.5945    3.5945    3.5945    3.5945   1.000
   904.000    795.000    3.3046    3.3046    3.3046    3.3046   1.000
   919.000    795.000    3.4410    3.4410    3.4410    3.4410   1.000
   921.000    795.000    3.5944    3.5944    3.5944    3.5944   1.000
   949.000    795.000    3.5149    3.5149    3.5149    3.5149   1.000
   916.000    796.000    4.2472    4.2472    4.2472    4.2472   1.000
   933.000    796.000    2.2447    2.2447    2.2447    2.2447   1.000
   942.000    796.000    2.9652    2.9652    2.9652    2.9652   1.000
   946.000    796.000    3.2773    3.2773    3.2773    3.2773   1.000
   910.000    797.000    2.5812    2.5812    2.5812    2.5812   1.000
   928.000    797.000    3.6153    3.6153    3.6153    3.6153   1.000
   901.000    798.000    3.8141    3.8141    3.8141    3.8141   1.000
   913.000    798.000    2.7086    2.7086    2.7086    2.7086   1.000
   921.000    798.000    3.6391    3.6391    3.6391    3.6391   1.000
   933.000    798.000    3.4317    3.4317    3.4317    3.4317   1.000
   946.000    798.000    3.1973    3.1973    3.1973    3.1973   1.000
   951.000    798.000    3.2785    3.2785    3.2785    3.2785   1.000
   954.000    798.000    3.2370    3.2370    3.2370    3.2370   1.000
   948.000    799.000    3.0162    3.0162    3.0162    3.0162   1.000
   906.000    800.000    3.8951    3.8951    3.8951    3.8951   1.000
   935.000    800.000    3.3627    3.3627    3.3627    3.3627   1.000
   939.000    800.000    3.1452    3.1452    3.1452    3.1452   1.000
   950.000    800.000    2.7463    2.7463    2.7463    2.7463   1.000
   911.000    801.000    3.6181    3.6181    3.6181    3.6181   1.000
   946.000    801.000    2.6155    2.6155    2.6155    2.6155   1.000
   953.000    801.000    3.0820    3.0820    3.0820    3.0820   1.000
   920.000    802.000    3.6903    3.6903    3.6903    3.6903   1.000
   900.000    803.000    1.9883    1.9883    1.9883    1.9883   1.000
   912.000    803.000    1.0295    1.0295    1.0295    1.0295   1.000
   916.000    803.000    3.3271    3.3271    3.3271    3.3271   1.000
   932.000    803.000    2.4236    2.4236    2.4236    2.4236   1.000
   942.000    803.000    4.4045    4.4045    4.4045    4.4045   1.000
   907.000    804.000    3.3862    3.3862    3.3862    3.3862   1.000
   909.000    804.000    3.6400    3.6400    3.6400    3.6400   1.000
   923.000    804.000    1.5892    1.5892    1.5892    1.5892   1.000
   930.000    804.000    3.2024    3.2024    3.2024    3.2024   1.000
   946.000    804.000    0.8494    0.8494    0.8494    0.8494   1.000
   955.000    804.000    3.6443    3.6443    3.6443    3.6443   1.000
   911.000    805.000    3.9622    3.9622    3.9622    3.9622   1.000
   944.000    805.000    2.8399    2.8399    2.8399    2.8399   1.000
   952.000    805.000   -0.3896   -0.3896   -0.3896   -0.3896   1.000
   927.000    806.000    4.2521    4.2521    4.2521    4.2521   1.000
   929.000    806.000    3.5781    3.5781    3.5781    3.5781   1.000
   938.000    806.000    3.4992    3.4992    3.4992    3.4992   1.000
   947.000    806.000    1.1808    1.1808    1.1808    1.1808   1.000
   907.000    807.000    3.6864    3.6864    3.6864    3.6864   1.000
   919.000    807.000    4.3807    4.3807    4.3807    4.3807   1.000
   931.000    807.000    4.3415    4.3415    4.3415    4.3415   1.000
   901.000    808.000    3.0969    3.0969    3.0969    3.0969   1.000
   927.000    808.000    3.1534    3.1534    3.1534    3.1534   1.000
   944.000    808.000    3.2998    3.2998    3.2998    3.2998   1.000
   905.000    809.000    3.1629    3.1629    3.1629    3.1629   1.000
   948.000    809.000    2.2058    2.2058    2.2058    2.2058   1.000
   953.000    809.000    2.3042    2.3042    2.3042    2.3042   1.000
   955.000    809.000    2.7409    2.7409    2.7409    2.7409   1.000
   902.000    810.000    3.1919    3.1919    3.1919    3.1919   1.000
   909.000    810.000    2.6590    2.6590    2.6590    2.6590   1.000
   914.000    810.000    4.2665    4.2665    4.2665    4.2665   1.000
   922.000    810.000    3.9811    3.9811    3.9811    3.9811   1.000
   936.000    810.000    4.3214    4.3214    4.3214    4.3214   1.000
   938.000    810.000    3.8891    3.8891    3.8891    3.8891   1.000
   940.000    810.000    3.1156    3.1156    3.1156    3.1156   1.000
   904.000    811.000    3.6152    3.6152    3.6152    3.6152   1.000
   945.000    811.000    2.3340    2.3340    2.3340    2.3340   1.000
   910.000    812.000    3.3741    3.3741    3.3741    3.3741   1.000
   936.000    812.000    4.6937    4.6937    4.6937    4.6937   1.000
   916.000    813.000    2.8560    2.8560    2.8560    2.8560   1.000
   932.000    813.000    3.9321    3.9321    3.9321    3.9321   1.000
   953.000    813.000    4.6238    4.6238    4.6238    4.6238   1.000
   912.000    814.000    2.7626    2.7626    2.7626    2.7626   1.000
   921.000    814.000    3.5160    3.5160    3.5160    3.5160   1.000
   928.000    814.000    4.0417    4.0417    4.0417    4.0417   1.000
   947.000    814.000    3.6915    3.6915    3.6915    3.6915   1.000
   939.000    815.000    4.4232    4.4232    4.4232    4.4232   1.000
   914.000    816.000    3.1948    3.1948    3.1948    3.1948   1.000
   943.000    816.000    3.3731    3.3731    3.3731    3.3731   1.000
   946.000    816.000    4.0813    4.0813    4.0813    4.0813   1.000
   954.000    817.000    3.1477    3.1477    3.1477    3.1477   1.000
   923.000    818.000    3.4872    3.4872    3.4872    3.4872   1.000
   926.000    818.000    3.0653    3.0653    3.0653    3.0653   1.000
   935.000    818.000    2.7547    2.7547    2.7547    2.7547   1.000
   949.000    818.000    3.6365    3.6365    3.6365    3.6365   1.000
   908.000    819.000    2.7659    2.7659    2.7659    2.7659   1.000
   913.000    819.000    2.6600    2.6600    2.6600    2.6600   1.000
   915.000    819.000    2.5785    2.5785    2.5785    2.5785   1.000
   940.000    819.000    4.1370    4.1370    4.1370    4.1370   1.000
   947.000    819.000    2.9023    2.9023    2.9023    2.9023   1.000
   900.000    820.000    2.9809    2.9809    2.9809    2.9809   1.000
   904.000    820.000    3.0676    3.0676    3.0676    3.0676   1.000
   923.000    820.000    2.9969    2.9969    2.9969    2.9969   1.000
   926.000    820.000    3.0504    3.0504    3.0504    3.0504   1.000
   931.000    820.000    2.9021    2.9021    2.9021    2.9021   1.000
   944.000    820.000    3.7825    3.7825    3.7825    3.7825   1.000
   907.000    821.000    2.4811    2.4811    2.4811    2.4811   1.000
   937.000    821.000    3.7724    3.7724    3.7724    3.7724   1.000
   904.000    822.000    3.7921    3.7921    3.7921    3.7921   1.000
   914.000    822.000    2.9524    2.9524    2.9524    2.9524   1.000
   923.000    822.000    2.4900    2.4900    2.4900    2.4900   1.000
   926.000    822.000    2.8524    2.8524    2.8524    2.8524   1.000
   901.000    823.000    1.8252    1.8252    1.8252    1.8252   1.000
   912.000    823.000    1.1118    1.1118    1.1118    1.1118   1.000
   945.000    823.000    3.0869    3.0869    3.0869    3.0869   1.000
   949.000    823.000    2.6182    2.6182    2.6182    2.6182   1.000
   903.000    824.000    3.0064    3.0064    3.0064    3.0064   1.000
   909.000    824.000    3.9127    3.9127    3.9127    3.9127   1.000
   918.000    824.000    3.4965    3.4965    3.4965    3.4965   1.000
   936.000    824.000    3.8560    3.8560    3.8560    3.8560   1.000
   938.000    824.000    4.4584    4.4584    4.4584    4.4584   1.000
   940.000    824.000    3.3716    3.3716    3.3716    3.3716   1.000
   954.000    824.000    4.6465    4.6465    4.6465    4.6465   1.000
   906.000    826.000    2.9526    2.9526    2.9526    2.9526   1.000
   912.000    826.000    1.3258    1.3258    1.3258    1.3258   1.000
   916.000    826.000    2.5186    2.5186    2.5186    2.5186   1.000
   921.000    826.000    4.0568    4.0568    4.0568    4.0568   1.000
   948.000    826.000    3.9005    3.9005    3.9005    3.9005   1.000
   904.000    827.000    2.1283    2.1283    2.1283    2.1283   1.000
   923.000    827.000    3.0589    3.0589    3.0589    3.0589   1.000
   925.000    827.000    4.2211    4.2211    4.2211    4.2211   1.000
   935.000    827.000    3.0444    3.0444    3.0444    3.0444   1.000
   978.000    772.000    4.1235    4.1235    4.1235    4.1235   1.000
   985.000    772.000    1.8679    1.8679    1.8679    1.8679   1.000
  1004.000    772.000    3.3029    3.3029    3.3029    3.3029   1.000
   988.000    773.000    3.7800    3.7800    3.7800    3.7800   1.000
   993.000    773.000    3.9174    3.9174    3.9174    3.9174   1.000
  1001.000    773.000    3.2794    3.2794    3.2794    3.2794   1.000
  1011.000    773.000    3.4182    3.4182    3.4182    3.4182   1.000
  1016.000    773.000    2.9510    2.9510    2.9510    2.9510   1.000
   974.000    774.000    3.5014    3.5014    3.5014    3.5014   1.000
   970.000    775.000    2.0116    2.0116    2.0116    2.0116   1.000
   997.000    775.000    3.7261    3.7261    3.7261    3.7261   1.000
   965.000    776.000    3.2311    3.2311    3.2311    3.2311   1.000
   973.000    776.000    4.6676    4.6676    4.6676    4.6676   1.000
   975.000    776.000    3.3287    3.3287    3.3287    3.3287   1.000
  1015.000    776.000    3.8610    3.8610    3.8610    3.8610   1.000
   969.000    777.000    1.5734    1.5734    1.5734    1.5734   1.000
   981.000    777.000    3.9884    3.9884    3.9884    3.9884   1.000
   987.000    777.000    3.4131    3.4131    3.4131    3.4131   1.000
   997.000    777.000    3.7344    3.7344    3.7344    3.7344   1.000
   999.000    777.000    3.9713    3.9713    3.9713    3.9713   1.000
  1010.000    777.000    2.9022    2.9022    2.9022    2.9022   1.000
   991.000    778.000    4.7453    4.7453    4.7453    4.7453   1.000
  1012.000    778.000    4.7740    4.7740    4.7740    4.7740   1.000
   966.000    779.000    3.8614    3.8614    3.8614    3.8614   1.000
   983.000    779.000    3.5266    3.5266    3.5266    3.5266   1.000
  1008.000    779.000    3.2517    3.2517    3.2517    3.2517   1.000
  1019.000    779.000    2.6696    2.6696    2.6696    2.6696   1.000
   973.000    780.000    3.1924    3.1924    3.1924    3.1924   1.000
   995.000    780.000    4.6579    4.6579    4.6579    4.6579   1.000
   997.000    780.000    3.0697    3.0697    3.0697    3.0697   1.000
  1004.000    780.000    3.1899    3.1899    3.1899    3.1899   1.000
  1013.000    780.000    0.7908    0.7908    0.7908    0.7908   1.000
   988.000    781.000    4.6041    4.6041    4.6041    4.6041   1.000
   970.000    782.000    3.8950    3.8950    3.8950    3.8950   1.000
   973.000    782.000    3.9537    3.9537    3.9537    3.9537   1.000
   983.000    782.000    3.1804    3.1804    3.1804    3.1804   1.000
  1002.000    782.000    2.6705    2.6705    2.6705    2.6705   1.000
  1009.000    782.000    0.2376    0.2376    0.2376    0.2376   1.000
  1017.000    782.000    3.7759    3.7759    3.7759    3.7759   1.000
   964.000    783.000    3.9974    3.9974    3.9974    3.9974   1.000
   976.000    783.000    3.8895    3.8895    3.8895    3.8895   1.000
   988.000    783.000    3.8353    3.8353    3.8353    3.8353   1.000
   996.000    783.000    3.8735    3.8735    3.8735    3.8735   1.000
  1013.000    783.000    0.6165    0.6165    0.6165    0.6165   1.000
  1015.000    783.000    2.5063    2.5063    2.5063    2.5063   1.000
   970.000    784.000    4.1917    4.1917    4.1917    4.1917   1.000
   981.000    784.000    2.6693    2.6693    2.6693    2.6693   1.000
  1001.000    784.000    3.2310    3.2310    3.2310    3.2310   1.000
  1005.000    784.000    0.5431    0.5431    0.5431    0.5431   1.000
  1009.000    784.000    1.7748    1.7748    1.7748    1.7748   1.000
   972.000    785.000    3.2828    3.2828    3.2828    3.2828   1.000
   977.000    785.000    4.6251    4.6251    4.6251    4.6251   1.000
   979.000    785.000    5.0269    5.0269    5.0269    5.0269   1.000
   984.000    785.000    2.0336    2.0336    2.0336    2.0336   1.000
  1007.000    785.000    2.8503    2.8503    2.8503    2.8503   1.000
  1012.000    785.000    3.5425    3.5425    3.5425    3.5425   1.000
   970.000    786.000    3.7583    3.7583    3.7583    3.7583   1.000
   972.000    787.000    4.1313    4.1313    4.1313    4.1313   1.000
   984.000    787.000    1.9159    1.9159    1.9159    1.9159   1.000
  1006.000    787.000    4.5053    4.5053    4.5053    4.5053   1.000
  1008.000    787.000    3.1948    3.1948    3.1948    3.1948   1.000
  1003.000    788.000    1.3156    1.3156    1.3156    1.3156   1.000
  1011.000    788.000    3.0774    3.0774    3.0774    3.0774   1.000
   981.000    789.000    0.2092    0.2092    0.2092    0.2092   1.000
   985.000    789.000    3.2412    3.2412    3.2412    3.2412   1.000
   992.000    789.000    4.5228    4.5228    4.5228    4.5228   1.000
   976.000    790.000    4.2737    4.2737    4.2737    4.2737   1.000
  1009.000    790.000    2.4798    2.4798    2.4798    2.4798   1.000
  1011.000    790.000    3.6272    3.6272    3.6272    3.6272   1.000
   981.000    791.000    1.2283    1.2283    1.2283    1.2283   1.000
   995.000    791.000    3.9775    3.9775    3.9775    3.9775   1.000
  1001.000    791.000    2.8425    2.8425    2.8425    2.8425   1.000
  1007.000    791.000    2.9663    2.9663    2.9663    2.9663   1.000
   972.000    792.000    4.2289    4.2289    4.2289    4.2289   1.000
   976.000    792.000    3.2579    3.2579    3.2579    3.2579   1.000
   983.000    792.000    3.2023    3.2023    3.2023    3.2023   1.000
   997.000    792.000    3.2191    3.2191    3.2191    3.2191   1.000
  1013.000    792.000    4.3320    4.3320    4.3320    4.3320   1.000
   995.000    793.000    3.9754    3.9754    3.9754    3.9754   1.000
  1018.000    793.000    3.4335    3.4335    3.4335    3.4335   1.000
   992.000    794.000    4.4763    4.4763    4.4763    4.4763   1.000
   995.000    795.000    4.1858    4.1858    4.1858    4.1858   1.000
   997.000    795.000    2.8164    2.8164    2.8164    2.8164   1.000
  1006.000    795.000    4.2207    4.2207    4.2207    4.2207   1.000
  1010.000    795.000    3.5076    3.5076    3.5076    3.5076   1.000
   966.000    796.000    3.3302    3.3302    3.3302    3.3302   1.000
   969.000    796.000    2.8696    2.8696    2.8696    2.8696   1.000
   973.000    796.000    3.6552    3.6552    3.6552    3.6552   1.000
   981.000    796.000    3.1467    3.1467    3.1467    3.1467   1.000
   999.000    796.000    3.3172    3.3172    3.3172    3.3172   1.000
   984.000    797.000    2.6527    2.6527    2.6527    2.6527   1.000
  1006.000    797.000    4.0191    4.0191    4.0191    4.0191   1.000
  1010.000    797.000    2.5039    2.5039    2.5039    2.5039   1.000
   978.000    798.000    3.7549    3.7549    3.7549    3.7549   1.000
   999.000    798.000    3.0702    3.0702    3.0702    3.0702   1.000
  1001.000    798.000    3.1104    3.1104    3.1104    3.1104   1.000
  1008.000    798.000    3.6475    3.6475    3.6475    3.6475   1.000
  1013.000    798.000    2.5632    2.5632    2.5632    2.5632   1.000
   972.000    799.000    0.3028    0.3028    0.3028    0.3028   1.000
   976.000    799.000    3.2449    3.2449    3.2449    3.2449   1.000
   996.000    799.000    3.6734    3.6734    3.6734    3.6734   1.000
  1006.000    799.000    4.3938    4.3938    4.3938    4.3938   1.000
   964.000    800.000    1.8697    1.8697    1.8697    1.8697   1.000
  1000.000    800.000    2.5114    2.5114    2.5114    2.5114   1.000
  1009.000    800.000    3.2952    3.2952    3.2952    3.2952   1.000
  1018.000    800.000    3.8451    3.8451    3.8451    3.8451   1.000
   970.000    801.000    2.8244    2.8244    2.8244    2.8244   1.000
   983.000    801.000    2.5614    2.5614    2.5614    2.5614   1.000
   991.000    801.000    2.4046    2.4046    2.4046    2.4046   1.000
   981.000    802.000    1.9941    1.9941    1.9941    1.9941   1.000
  1010.000    802.000    4.3849    4.3849    4.3849    4.3849   1.000
  1015.000    802.000    4.3734    4.3734    4.3734    4.3734   1.000
   975.000    803.000    3.4754    3.4754    3.4754    3.4754   1.000
   996.000    803.000    3.6104    3.6104    3.6104    3.6104   1.000
  1001.000    803.000    2.8544    2.8544    2.8544    2.8544   1.000
   969.000    804.000    3.4392    3.4392    3.4392    3.4392   1.000
   982.000    804.000    0.0926    0.0926    0.0926    0.0926   1.000
   986.000    804.000    2.3239    2.3239    2.3239    2.3239   1.000
   992.000    804.000    1.8141    1.8141    1.8141    1.8141   1.000
   989.000    805.000    3.2336    3.2336    3.2336    3.2336   1.000
   997.000    805.000    3.0016    3.0016    3.0016    3.0016   1.000
   978.000    806.000    3.2195    3.2195    3.2195    3.2195   1.000
  1001.000    806.000    3.8770    3.8770    3.8770    3.8770   1.000
   964.000    807.000    3.8784    3.8784    3.8784    3.8784   1.000
   970.000    807.000    1.0024    1.0024    1.0024    1.0024   1.000
   976.000    807.000    3.9876    3.9876    3.9876    3.9876   1.000
   980.000    807.000    2.4610    2.4610    2.4610    2.4610   1.000
   982.000    807.000    1.8727    1.8727    1.8727    1.8727   1.000
   985.000    807.000    3.3785    3.3785    3.3785    3.3785   1.000
  1005.000    807.000    2.9942    2.9942    2.9942    2.9942   1.000
   972.000    808.000    3.4443    3.4443    3.4443    3.4443   1.000
   978.000    808.000    3.0249    3.0249    3.0249    3.0249   1.000
   997.000    808.000    2.4431    2.4431    2.4431    2.4431   1.000
  1007.000    808.000    2.5841    2.5841    2.5841    2.5841   1.000
   987.000    809.000    4.5912    4.5912    4.5912    4.5912   1.000
   989.000    809.000    3.1712    3.1712    3.1712    3.1712   1.000
  1013.000    809.000    3.1274    3.1274    3.1274    3.1274   1.000
  1018.000    809.000    3.3919    3.3919    3.3919    3.3919   1.000
   992.000    810.000    3.1785    3.1785    3.1785    3.1785   1.000
   995.000    810.000    4.3456    4.3456    4.3456    4.3456   1.000
  1006.000    810.000    2.7990    2.7990    2.7990    2.7990   1.000
  1010.000    810.000    2.9550    2.9550    2.9550    2.9550   1.000
   969.000    811.000    3.2289    3.2289    3.2289    3.2289   1.000
   979.000    811.000    4.3200    4.3200    4.3200    4.3200   1.000
   983.000    811.000    3.1240    3.1240    3.1240    3.1240   1.000
   964.000    812.000    3.3237    3.3237    3.3237    3.3237   1.000
   975.000    812.000    2.6542    2.6542    2.6542    2.6542   1.000
   985.000    812.000    3.9554    3.9554    3.9554    3.9554   1.000
   992.000    812.000    3.0702    3.0702    3.0702    3.0702   1.000
   999.000    812.000    3.6392    3.6392    3.6392    3.6392   1.000
  1006.000    812.000    3.0771    3.0771    3.0771    3.0771   1.000
  1012.000    812.000    3.9241    3.9241    3.9241    3.9241   1.000
   971.000    813.000    3.8289    3.8289    3.8289    3.8289   1.000
   995.000    813.000    2.8409    2.8409    2.8409    2.8409   1.000
  1004.000    813.000    2.4495    2.4495    2.4495    2.4495   1.000
  1015.000    813.000    3.9542    3.9542    3.9542    3.9542   1.000
  1006.000    814.000    3.9986    3.9986    3.9986    3.9986   1.000
  1008.000    814.000    3.5853    3.5853    3.5853    3.5853   1.000
  1012.000    814.000    2.6998    2.6998    2.6998    2.6998   1.000
   980.000    815.000    3.3172    3.3172    3.3172    3.3172   1.000
   994.000    815.000    4.1869    4.1869    4.1869    4.1869   1.000
  1004.000    815.000    3.4986    3.4986    3.4986    3.4986   1.000
   975.000    816.000    3.2335    3.2335    3.2335    3.2335   1.000
   982.000    816.000    3.4120    3.4120    3.4120    3.4120   1.000
   987.000    816.000    3.9018    3.9018    3.9018    3.9018   1.000
   989.000    816.000    3.6387    3.6387    3.6387    3.6387   1.000
  1001.000    816.000    2.7254    2.7254    2.7254    2.7254   1.000
  1013.000    816.000    3.6989    3.6989    3.6989    3.6989   1.000
  1011.000    817.000    3.1254    3.1254    3.1254    3.1254   1.000
  1019.000    817.000    3.8688    3.8688    3.8688    3.8688   1.000
   977.000    818.000    3.4902    3.4902    3.4902    3.4902   1.000
   990.000    818.000    3.9161    3.9161    3.9161    3.9161   1.000
   992.000    818.000    3.2742    3.2742    3.2742    3.2742   1.000
   994.000    819.000    3.0579    3.0579    3.0579    3.0579   1.000
  1011.000    819.000    3.3505    3.3505    3.3505    3.3505   1.000
  1016.000    819.000    3.2983    3.2983    3.2983    3.2983   1.000
   964.000    820.000    3.4217    3.4217    3.4217    3.4217   1.000
  1002.000    820.000    0.9502    0.9502    0.9502    0.9502   1.000
  1007.000    820.000    2.2863    2.2863    2.2863    2.2863   1.000
  1014.000    820.000    2.7359    2.7359    2.7359    2.7359   1.000
  1005.000    821.000    2.6087    2.6087    2.6087    2.6087   1.000
  1011.000    821.000    3.4519    3.4519    3.4519    3.4519   1.000
   992.000    822.000    3.5357    3.5357    3.5357    3.5357   1.000
  1007.000    822.000    3.7719    3.7719    3.7719    3.7719   1.000
   990.000    823.000    3.3857    3.3857    3.3857    3.3857   1.000
   995.000    823.000    4.0306    4.0306    4.0306    4.0306   1.000
   998.000    823.000    3.7658    3.7658    3.7658    3.7658   1.000
  1000.000    823.000    1.1355    1.1355    1.1355    1.1355   1.000
  1019.000    823.000    3.7255    3.7255    3.7255    3.7255   1.000
   969.000    824.000    3.7222    3.7222    3.7222    3.7222   1.000
   987.000    824.000    3.6144    3.6144    3.6144    3.6144   1.000
  1004.000    824.000    2.0818    2.0818    2.0818    2.0818   1.000
  1006.000    824.000    2.1214    2.1214    2.1214    2.1214   1.000
   974.000    825.000    3.2678    3.2678    3.2678    3.2678   1.000
   993.000    825.000    3.2790    3.2790    3.2790    3.2790   1.000
   998.000    825.000    2.9766    2.9766    2.9766    2.9766   1.000
  1002.000    825.000    2.5055    2.5055    2.5055    2.5055   1.000
  1011.000    825.000    3.0575    3.0575    3.0575    3.0575   1.000
   982.000    826.000    3.0205    3.0205    3.0205    3.0205   1.000
  1009.000    826.000    3.1072    3.1072    3.1072    3.1072   1.000
   969.000    827.000    3.1050    3.1050    3.1050    3.1050   1.000
   985.000    827.000    3.8199    3.8199    3.8199    3.8199   1.000
  1036.000    772.000    1.8005    1.8005    1.8005    1.8005   1.000
  1041.000    772.000    3.1309    3.1309    3.1309    3.1309   1.000
  1044.000    772.000    3.0263    3.0263    3.0263    3.0263   1.000
  1050.000    772.000    3.5436    3.5436    3.5436    3.5436   1.000
  1052.000    772.000    4.4889    4.4889    4.4889    4.4889   1.000
  1055.000    772.000    3.1927    3.1927    3.1927    3.1927   1.000
  1069.000    772.000    3.4157    3.4157    3.4157    3.4157   1.000
  1071.000    772.000    3.9978    3.9978    3.9978    3.9978   1.000
  1039.000    773.000    3.0010    3.0010    3.0010    3.0010   1.000
  1046.000    773.000    3.8307    3.8307    3.8307    3.8307   1.000
  1077.000    773.000    3.9487    3.9487    3.9487    3.9487   1.000
  1080.000    773.000    4.1592    4.1592    4.1592    4.1592   1.000
  1035.000    775.000    2.5311    2.5311    2.5311    2.5311   1.000
  1063.000    775.000    2.0223    2.0223    2.0223    2.0223   1.000
  1068.000    775.000    2.6496    2.6496    2.6496    2.6496   1.000
  1045.000    776.000    2.9681    2.9681    2.9681    2.9681   1.000
  1052.000    776.000    3.8973    3.8973    3.8973    3.8973   1.000
  1054.000    776.000    3.8804    3.8804    3.8804    3.8804   1.000
  1061.000    776.000    2.8563    2.8563    2.8563    2.8563   1.000
  1032.000    777.000    2.5438    2.5438    2.5438    2.5438   1.000
  1063.000    777.000    2.8658    2.8658    2.8658    2.8658   1.000
  1068.000    777.000    3.2008    3.2008    3.2008    3.2008   1.000
  1057.000    778.000    3.3000    3.3000    3.3000    3.3000   1.000
  1065.000    778.000    3.8559    3.8559    3.8559    3.8559   1.000
  1072.000    778.000    2.9368    2.9368    2.9368    2.9368   1.000
  1075.000    778.000    4.1435    4.1435    4.1435    4.1435   1.000
  1029.000    779.000    1.4001    1.4001    1.4001    1.4001   1.000
  1034.000    779.000    2.1999    2.1999    2.1999    2.1999   1.000
  1047.000    779.000    3.3110    3.3110    3.3110    3.3110   1.000
  1052.000    779.000    3.9000    3.9000    3.9000    3.9000   1.000
  1042.000    780.000    3.8734    3.8734    3.8734    3.8734   1.000
  1056.000    780.000    2.8958    2.8958    2.8958    2.8958   1.000
  1072.000    780.000    3.3716    3.3716    3.3716    3.3716   1.000
  1077.000    780.000    2.5176    2.5176    2.5176    2.5176   1.000
  1081.000    780.000    3.2490    3.2490    3.2490    3.2490   1.000
  1030.000    781.000    2.2503    2.2503    2.2503    2.2503   1.000
  1033.000    781.000    3.1186    3.1186    3.1186    3.1186   1.000
  1040.000    781.000    2.7687    2.7687    2.7687    2.7687   1.000
  1046.000    781.000    2.1837    2.1837    2.1837    2.1837   1.000
  1052.000    781.000    3.4100    3.4100    3.4100    3.4100   1.000
  1063.000    781.000    3.4175    3.4175    3.4175    3.4175   1.000
  1050.000    782.000    2.9835    2.9835    2.9835    2.9835   1.000
  1079.000    782.000    3.7984    3.7984    3.7984    3.7984   1.000
  1037.000    783.000    3.1887    3.1887    3.1887    3.1887   1.000
  1039.000    783.000    3.0327    3.0327    3.0327    3.0327   1.000
  1074.000    783.000    3.0394    3.0394    3.0394    3.0394   1.000
  1076.000    783.000    3.4772    3.4772    3.4772    3.4772   1.000
  1028.000    784.000    2.3996    2.3996    2.3996    2.3996   1.000
  1033.000    784.000    1.5034    1.5034    1.5034    1.5034   1.000
  1079.000    784.000    3.0194    3.0194    3.0194    3.0194   1.000
  1040.000    785.000    2.9469    2.9469    2.9469    2.9469   1.000
  1045.000    785.000   -0.3037   -0.3037   -0.3037   -0.3037   1.000
  1049.000    785.000    3.3560    3.3560    3.3560    3.3560   1.000
  1056.000    785.000    3.0476    3.0476    3.0476    3.0476   1.000
  1062.000    785.000    2.2761    2.2761    2.2761    2.2761   1.000
  1065.000    785.000    3.1570    3.1570    3.1570    3.1570   1.000
  1052.000    786.000    2.6985    2.6985    2.6985    2.6985   1.000
  1073.000    786.000    3.0381    3.0381    3.0381    3.0381   1.000
  1081.000    786.000    3.3195    3.3195    3.3195    3.3195   1.000
  1029.000    787.000    4.0428    4.0428    4.0428    4.0428   1.000
  1049.000    787.000    4.3936    4.3936    4.3936    4.3936   1.000
  1064.000    787.000    3.1249    3.1249    3.1249    3.1249   1.000
  1041.000    788.000    2.7751    2.7751    2.7751    2.7751   1.000
  1051.000    788.000    3.1708    3.1708    3.1708    3.1708   1.000
  1053.000    788.000    2.5351    2.5351    2.5351    2.5351   1.000
  1073.000    788.000    4.5051    4.5051    4.5051    4.5051   1.000
  1075.000    788.000    3.9974    3.9974    3.9974    3.9974   1.000
  1030.000    789.000    3.8580    3.8580    3.8580    3.8580   1.000
  1034.000    789.000    4.3685    4.3685    4.3685    4.3685   1.000
  1064.000    789.000    3.6791    3.6791    3.6791    3.6791   1.000
  1077.000    789.000    3.4639    3.4639    3.4639    3.4639   1.000
  1039.000    790.000    3.4614    3.4614    3.4614    3.4614   1.000
  1042.000    790.000    2.5100    2.5100    2.5100    2.5100   1.000
  1048.000    790.000    2.4758    2.4758    2.4758    2.4758   1.000
  1058.000    790.000    2.6387    2.6387    2.6387    2.6387   1.000
  1061.000    790.000    3.4451    3.4451    3.4451    3.4451   1.000
  1030.000    791.000    2.9890    2.9890    2.9890    2.9890   1.000
  1044.000    792.000    2.3535    2.3535    2.3535    2.3535   1.000
  1058.000    792.000    2.5116    2.5116    2.5116    2.5116   1.000
  1065.000    792.000    3.9381    3.9381    3.9381    3.9381   1.000
  1070.000    792.000    1.8741    1.8741    1.8741    1.8741   1.000
  1073.000    792.000    2.5954    2.5954    2.5954    2.5954   1.000
  1080.000    792.000    2.7778    2.7778    2.7778    2.7778   1.000
  1028.000    793.000    3.9028    3.9028    3.9028    3.9028   1.000
  1042.000    793.000    1.7483    1.7483    1.7483    1.7483   1.000
  1047.000    793.000    4.3381    4.3381    4.3381    4.3381   1.000
  1030.000    794.000    3.5191    3.5191    3.5191    3.5191   1.000
  1036.000    794.000    3.4142    3.4142    3.4142    3.4142   1.000
  1049.000    794.000    3.3264    3.3264    3.3264    3.3264   1.000
  1076.000    794.000    1.0457    1.0457    1.0457    1.0457   1.000
  1032.000    795.000    2.9224    2.9224    2.9224    2.9224   1.000
  1034.000    795.000    2.1779    2.1779    2.1779    2.1779   1.000
  1062.000    795.000    2.7323    2.7323    2.7323    2.7323   1.000
  1040.000    796.000    2.8952    2.8952    2.8952    2.8952   1.000
  1052.000    796.000    3.3559    3.3559    3.3559    3.3559   1.000
  1056.000    796.000   -0.2544   -0.2544   -0.2544   -0.2544   1.000
  1072.000    796.000    2.3791    2.3791    2.3791    2.3791   1.000
  1075.000    796.000    0.9119    0.9119    0.9119    0.9119   1.000
  1044.000    797.000    3.5459    3.5459    3.5459    3.5459   1.000
  1029.000    798.000    1.7515    1.7515    1.7515    1.7515   1.000
  1035.000    798.000    3.3606    3.3606    3.3606    3.3606   1.000
  1037.000    798.000    3.0306    3.0306    3.0306    3.0306   1.000
  1055.000    798.000    2.9610    2.9610    2.9610    2.9610   1.000
  1060.000    798.000    2.6080    2.6080    2.6080    2.6080   1.000
  1062.000    799.000    4.7668    4.7668    4.7668    4.7668   1.000
  1078.000    799.000    2.1105    2.1105    2.1105    2.1105   1.000
  1081.000    799.000    2.5558    2.5558    2.5558    2.5558   1.000
  1031.000    800.000    3.1223    3.1223    3.1223    3.1223   1.000
  1054.000    800.000    3.0100    3.0100    3.0100    3.0100   1.000
  1058.000    800.000    2.9381    2.9381    2.9381    2.9381   1.000
  1067.000    800.000    3.7298    3.7298    3.7298    3.7298   1.000
  1083.000    800.000    3.2958    3.2958    3.2958    3.2958   1.000
  1037.000    801.000    3.3558    3.3558    3.3558    3.3558   1.000
  1069.000    801.000    4.1028    4.1028    4.1028    4.1028   1.000
  1073.000    801.000    2.9504    2.9504    2.9504    2.9504   1.000
  1076.000    801.000    2.2766    2.2766    2.2766    2.2766   1.000
  1029.000    802.000    2.0753    2.0753    2.0753    2.0753   1.000
  1035.000    802.000    1.1305    1.1305    1.1305    1.1305   1.000
  1041.000    802.000    3.0569    3.0569    3.0569    3.0569   1.000
  1046.000    802.000    3.4523    3.4523    3.4523    3.4523   1.000
  1057.000    802.000    4.2122    4.2122    4.2122    4.2122   1.000
  1079.000    802.000    2.5018    2.5018    2.5018    2.5018   1.000
  1059.000    803.000    3.3557    3.3557    3.3557    3.3557   1.000
  1063.000    803.000    2.8151    2.8151    2.8151    2.8151   1.000
  1067.000    803.000    2.6518    2.6518    2.6518    2.6518   1.000
  1076.000    803.000    3.7235    3.7235    3.7235    3.7235   1.000
  1028.000    804.000    0.5293    0.5293    0.5293    0.5293   1.000
  1032.000    804.000    2.7468    2.7468    2.7468    2.7468   1.000
  1036.000    804.000    1.8760    1.8760    1.8760    1.8760   1.000
  1056.000    804.000    4.4937    4.4937    4.4937    4.4937   1.000
  1079.000    804.000    3.4025    3.4025    3.4025    3.4025   1.000
  1083.000    805.000    2.9023    2.9023    2.9023    2.9023   1.000
  1041.000    806.000    3.5750    3.5750    3.5750    3.5750   1.000
  1048.000    806.000    3.2952    3.2952    3.2952    3.2952   1.000
  1050.000    806.000    3.5781    3.5781    3.5781    3.5781   1.000
  1073.000    806.000    2.7677    2.7677    2.7677    2.7677   1.000
  1079.000    806.000    5.0072    5.0072    5.0072    5.0072   1.000
  1053.000    807.000    3.2624    3.2624    3.2624    3.2624   1.000
  1028.000    808.000    3.1610    3.1610    3.1610    3.1610   1.000
  1032.000    808.000    2.7799    2.7799    2.7799    2.7799   1.000
  1055.000    808.000    3.9893    3.9893    3.9893    3.9893   1.000
  1070.000    808.000    3.1948    3.1948    3.1948    3.1948   1.000
  1047.000    810.000    2.5785    2.5785    2.5785    2.5785   1.000
  1074.000    810.000    4.0068    4.0068    4.0068    4.0068   1.000
  1039.000    811.000    3.6366    3.6366    3.6366    3.6366   1.000
  1049.000    811.000    2.8150    2.8150    2.8150    2.8150   1.000
  1053.000    811.000    3.1441    3.1441    3.1441    3.1441   1.000
  1061.000    811.000    2.5441    2.5441    2.5441    2.5441   1.000
  1066.000    811.000    1.8578    1.8578    1.8578    1.8578   1.000
  1077.000    811.000    3.1911    3.1911    3.1911    3.1911   1.000
  1028.000    812.000    2.9090    2.9090    2.9090    2.9090   1.000
  1075.000    812.000    3.9647    3.9647    3.9647    3.9647   1.000
  1031.000    813.000    3.7099    3.7099    3.7099    3.7099   1.000
  1033.000    813.000    2.0300    2.0300    2.0300    2.0300   1.000
  1036.000    813.000    2.0114    2.0114    2.0114    2.0114   1.000
  1040.000    813.000    3.3853    3.3853    3.3853    3.3853   1.000
  1044.000    813.000    3.7219    3.7219    3.7219    3.7219   1.000
  1068.000    813.000    3.0961    3.0961    3.0961    3.0961   1.000
  1028.000    814.000    3.3221    3.3221    3.3221    3.3221   1.000
  1052.000    814.000    3.5342    3.5342    3.5342    3.5342   1.000
  1058.000    814.000    2.8150    2.8150    2.8150    2.8150   1.000
  1061.000    814.000    1.8323    1.8323    1.8323    1.8323   1.000
  1070.000    814.000    3.4446    3.4446    3.4446    3.4446   1.000
  1065.000    815.000    3.4981    3.4981    3.4981    3.4981   1.000
  1076.000    815.000    3.0877    3.0877    3.0877    3.0877   1.000
  1083.000    815.000    4.3406    4.3406    4.3406    4.3406   1.000
  1054.000    816.000    3.3803    3.3803    3.3803    3.3803   1.000
  1058.000    816.000    2.3838    2.3838    2.3838    2.3838   1.000
  1066.000    817.000    2.7999    2.7999    2.7999    2.7999   1.000
  1028.000    818.000    3.6855    3.6855    3.6855    3.6855   1.000
  1031.000    818.000    2.6105    2.6105    2.6105    2.6105   1.000
  1055.000    818.000    2.7180    2.7180    2.7180    2.7180   1.000
  1063.000    819.000    2.4922    2.4922    2.4922    2.4922   1.000
  1068.000    819.000    5.1587    5.1587    5.1587    5.1587   1.000
  1031.000    820.000    3.9478    3.9478    3.9478    3.9478   1.000
  1043.000    820.000    2.6469    2.6469    2.6469    2.6469   1.000
  1057.000    820.000    3.3246    3.3246    3.3246    3.3246   1.000
  1073.000    820.000    4.7788    4.7788    4.7788    4.7788   1.000
  1078.000    820.000    3.2097    3.2097    3.2097    3.2097   1.000
  1080.000    820.000    2.8472    2.8472    2.8472    2.8472   1.000
  1053.000    821.000    3.1003    3.1003    3.1003    3.1003   1.000
  1076.000    821.000    2.6788    2.6788    2.6788    2.6788   1.000
  1031.000    822.000    2.3698    2.3698    2.3698    2.3698   1.000
  1061.000    822.000    3.5986    3.5986    3.5986    3.5986   1.000
  1071.000    822.000    3.5367    3.5367    3.5367    3.5367   1.000
  1052.000    823.000    3.3369    3.3369    3.3369    3.3369   1.000
  1078.000    823.000    3.7586    3.7586    3.7586    3.7586   1.000
  1080.000    823.000    2.6472    2.6472    2.6472    2.6472   1.000
  1034.000    824.000    3.9758    3.9758    3.9758    3.9758   1.000
  1039.000    824.000    3.9445    3.9445    3.9445    3.9445   1.000
  1060.000    824.000    3.8802    3.8802    3.8802    3.8802   1.000
  1067.000    824.000    3.5041    3.5041    3.5041    3.5041   1.000
  1029.000    826.000    3.3997    3.3997    3.3997    3.3997   1.000
  1031.000    826.000    2.6649    2.6649    2.6649    2.6649   1.000
  1037.000    826.000    2.9868    2.9868    2.9868    2.9868   1.000
  1069.000    826.000    2.6853    2.6853    2.6853    2.6853   1.000
  1041.000    827.000    2.2954    2.2954    2.2954    2.2954   1.000
  1054.000    827.000    3.7205    3.7205    3.7205    3.7205   1.000
  1063.000    827.000    4.0183    4.0183    4.0183    4.0183   1.000
  1096.000    772.000    2.9136    2.9136    2.9136    2.9136   1.000
  1106.000    772.000    4.2597    4.2597    4.2597    4.2597   1.000
  1116.000    772.000    1.8786    1.8786    1.8786    1.8786   1.000
  1092.000    773.000    3.2317    3.2317    3.2317    3.2317   1.000
  1133.000    773.000    3.5685    3.5685    3.5685    3.5685   1.000
  1146.000    773.000    3.7612    3.7612    3.7612    3.7612   1.000
  1130.000    774.000    3.9705    3.9705    3.9705    3.9705   1.000
  1141.000    774.000    2.8076    2.8076    2.8076    2.8076   1.000
  1093.000    775.000    3.4040    3.4040    3.4040    3.4040   1.000
  1098.000    775.000    3.6866    3.6866    3.6866    3.6866   1.000
  1102.000    775.000    3.2654    3.2654    3.2654    3.2654   1.000
  1113.000    775.000    4.0116    4.0116    4.0116    4.0116   1.000
  1133.000    775.000    4.8030    4.8030    4.8030    4.8030   1.000
  1146.000    775.000    4.0050    4.0050    4.0050    4.0050   1.000
  1116.000    776.000    3.8533    3.8533    3.8533    3.8533   1.000
  1125.000    776.000    3.4904    3.4904    3.4904    3.4904   1.000
  1129.000    776.000    3.3657    3.3657    3.3657    3.3657   1.000
  1143.000    776.000    3.3202    3.3202    3.3202    3.3202   1.000
  1107.000    777.000    3.0736    3.0736    3.0736    3.0736   1.000
  1113.000    777.000    2.1310    2.1310    2.1310    2.1310   1.000
  1138.000    777.000    3.2294    3.2294    3.2294    3.2294   1.000
  1095.000    778.000    3.3577    3.3577    3.3577    3.3577   1.000
  1097.000    778.000    3.7350    3.7350    3.7350    3.7350   1.000
  1115.000    778.000    3.7216    3.7216    3.7216    3.7216   1.000
  1118.000    778.000    3.8887    3.8887    3.8887    3.8887   1.000
  1102.000    779.000    4.7006    4.7006    4.7006    4.7006   1.000
  1109.000    779.000    3.3959    3.3959    3.3959    3.3959   1.000
  1134.000    779.000    2.4197    2.4197    2.4197    2.4197   1.000
  1140.000    779.000    2.4057    2.4057    2.4057    2.4057   1.000
  1099.000    780.000    2.5253    2.5253    2.5253    2.5253   1.000
  1106.000    780.000    3.0895    3.0895    3.0895    3.0895   1.000
  1115.000    780.000    2.5087    2.5087    2.5087    2.5087   1.000
  1142.000    780.000    2.5283    2.5283    2.5283    2.5283   1.000
  1123.000    781.000    3.2625    3.2625    3.2625    3.2625   1.000
  1131.000    781.000    3.7740    3.7740    3.7740    3.7740   1.000
  1133.000    781.000    3.5315    3.5315    3.5315    3.5315   1.000
  1106.000    782.000    3.6698    3.6698    3.6698    3.6698   1.000
  1112.000    782.000    2.9203    2.9203    2.9203    2.9203   1.000
  1115.000    782.000    3.5524    3.5524    3.5524    3.5524   1.000
  1120.000    782.000    3.7752    3.7752    3.7752    3.7752   1.000
  1137.000    782.000    3.1142    3.1142    3.1142    3.1142   1.000
  1139.000    782.000    2.4838    2.4838    2.4838    2.4838   1.000
  1099.000    783.000    4.0544    4.0544    4.0544    4.0544   1.000
  1108.000    783.000    3.3707    3.3707    3.3707    3.3707   1.000
  1130.000    783.000    3.7660    3.7660    3.7660    3.7660   1.000
  1143.000    783.000    5.1297    5.1297    5.1297    5.1297   1.000
  1101.000    784.000    2.5353    2.5353    2.5353    2.5353   1.000
  1132.000    784.000    4.3307    4.3307    4.3307    4.3307   1.000
  1134.000    784.000    2.6763    2.6763    2.6763    2.6763   1.000
  1096.000    785.000    0.2183    0.2183    0.2183    0.2183   1.000
  1103.000    785.000    3.5953    3.5953    3.5953    3.5953   1.000
  1106.000    785.000    2.5828    2.5828    2.5828    2.5828   1.000
  1115.000    785.000    4.4066    4.4066    4.4066    4.4066   1.000
  1121.000    785.000    4.4180    4.4180    4.4180    4.4180   1.000
  1136.000    785.000    3.7629    3.7629    3.7629    3.7629   1.000
  1138.000    785.000    2.3695    2.3695    2.3695    2.3695   1.000
  1093.000    786.000    4.0781    4.0781    4.0781    4.0781   1.000
  1110.000    786.000    6.3045    6.3045    6.3045    6.3045   1.000
  1124.000    786.000    3.5420    3.5420    3.5420    3.5420   1.000
  1131.000    786.000    3.6975    3.6975    3.6975    3.6975   1.000
  1099.000    787.000    2.0300    2.0300    2.0300    2.0300   1.000
  1126.000    787.000    3.2486    3.2486    3.2486    3.2486   1.000
  1137.000    787.000    3.9094    3.9094    3.9094    3.9094   1.000
  1142.000    787.000    3.3195    3.3195    3.3195    3.3195   1.000
  1101.000    788.000    2.9210    2.9210    2.9210    2.9210   1.000
  1108.000    788.000    4.7232    4.7232    4.7232    4.7232   1.000
  1122.000    788.000    3.5448    3.5448    3.5448    3.5448   1.000
  1140.000    788.000    3.3756    3.3756    3.3756    3.3756   1.000
  1113.000    789.000    3.7698    3.7698    3.7698    3.7698   1.000
  1133.000    789.000    3.9113    3.9113    3.9113    3.9113   1.000
  1135.000    789.000    3.1306    3.1306    3.1306    3.1306   1.000
  1098.000    790.000    0.2072    0.2072    0.2072    0.2072   1.000
  1101.000    790.000    3.3321    3.3321    3.3321    3.3321   1.000
  1103.000    790.000    3.6899    3.6899    3.6899    3.6899   1.000
  1123.000    790.000    4.1355    4.1355    4.1355    4.1355   1.000
  1129.000    790.000    3.9753    3.9753    3.9753    3.9753   1.000
  1094.000    791.000    4.2273    4.2273    4.2273    4.2273   1.000
  1105.000    791.000    4.2409    4.2409    4.2409    4.2409   1.000
  1126.000    791.000    4.4317    4.4317    4.4317    4.4317   1.000
  1097.000    792.000    1.1744    1.1744    1.1744    1.1744   1.000
  1101.000    792.000    3.4363    3.4363    3.4363    3.4363   1.000
  1120.000    792.000    3.0329    3.0329    3.0329    3.0329   1.000
  1134.000    792.000    1.9743    1.9743    1.9743    1.9743   1.000
  1140.000    792.000    0.4106    0.4106    0.4106    0.4106   1.000
  1146.000    792.000    3.6537    3.6537    3.6537    3.6537   1.000
  1100.000    794.000    3.8445    3.8445    3.8445    3.8445   1.000
  1107.000    794.000    3.3792    3.3792    3.3792    3.3792   1.000
  1135.000    794.000    3.9902    3.9902    3.9902    3.9902   1.000
  1138.000    794.000    1.4813    1.4813    1.4813    1.4813   1.000
  1103.000    795.000    2.8375    2.8375    2.8375    2.8375   1.000
  1125.000    795.000    2.9557    2.9557    2.9557    2.9557   1.000
  1127.000    795.000    3.0618    3.0618    3.0618    3.0618   1.000
  1146.000    795.000    2.0538    2.0538    2.0538    2.0538   1.000
  1108.000    796.000    3.9130    3.9130    3.9130    3.9130   1.000
  1110.000    796.000    2.7271    2.7271    2.7271    2.7271   1.000
  1123.000    796.000    3.0826    3.0826    3.0826    3.0826   1.000
  1133.000    796.000    1.6539    1.6539    1.6539    1.6539   1.000
  1135.000    796.000    1.8194    1.8194    1.8194    1.8194   1.000
  1144.000    796.000    2.8001    2.8001    2.8001    2.8001   1.000
  1092.000    797.000    5.3635    5.3635    5.3635    5.3635   1.000
  1100.000    797.000    3.6195    3.6195    3.6195    3.6195   1.000
  1137.000    797.000    1.6087    1.6087    1.6087    1.6087   1.000
  1139.000    798.000    2.6634    2.6634    2.6634    2.6634   1.000
  1143.000    798.000    3.4396    3.4396    3.4396    3.4396   1.000
  1093.000    799.000    3.7304    3.7304    3.7304    3.7304   1.000
  1120.000    799.000    4.2780    4.2780    4.2780    4.2780   1.000
  1130.000    799.000    1.9861    1.9861    1.9861    1.9861   1.000
  1135.000    799.000    0.1239    0.1239    0.1239    0.1239   1.000
  1139.000    800.000    2.6097    2.6097    2.6097    2.6097   1.000
  1096.000    801.000    1.3743    1.3743    1.3743    1.3743   1.000
  1098.000    801.000    3.5988    3.5988    3.5988    3.5988   1.000
  1111.000    801.000    3.5441    3.5441    3.5441    3.5441   1.000
  1129.000    801.000    3.0596    3.0596    3.0596    3.0596   1.000
  1115.000    802.000    3.9462    3.9462    3.9462    3.9462   1.000
  1134.000    802.000   -0.9333   -0.9333   -0.9333   -0.9333   1.000
  1142.000    802.000    3.2631    3.2631    3.2631    3.2631   1.000
  1096.000    803.000    3.2949    3.2949    3.2949    3.2949   1.000
  1127.000    803.000    3.7595    3.7595    3.7595    3.7595   1.000
  1130.000    803.000    2.6371    2.6371    2.6371    2.6371   1.000
  1139.000    803.000    2.4567    2.4567    2.4567    2.4567   1.000
  1101.000    804.000    4.3498    4.3498    4.3498    4.3498   1.000
  1132.000    804.000    3.1130    3.1130    3.1130    3.1130   1.000
  1144.000    804.000    3.6536    3.6536    3.6536    3.6536   1.000
  1146.000    804.000    2.9296    2.9296    2.9296    2.9296   1.000
  1112.000    805.000    2.8897    2.8897    2.8897    2.8897   1.000
  1125.000    805.000    4.0649    4.0649    4.0649    4.0649   1.000
  1130.000    805.000    3.4271    3.4271    3.4271    3.4271   1.000
  1137.000    805.000    1.8390    1.8390    1.8390    1.8390   1.000
  1140.000    805.000    3.1296    3.1296    3.1296    3.1296   1.000
  1093.000    806.000    3.9864    3.9864    3.9864    3.9864   1.000
  1107.000    806.000    3.9583    3.9583    3.9583    3.9583   1.000
  1118.000    806.000    4.3139    4.3139    4.3139    4.3139   1.000
  1121.000    806.000    3.5999    3.5999    3.5999    3.5999   1.000
  1132.000    806.000    3.8377    3.8377    3.8377    3.8377   1.000
  1142.000    806.000    2.0761    2.0761    2.0761    2.0761   1.000
  1137.000    807.000    3.1872    3.1872    3.1872    3.1872   1.000
  1099.000    808.000    3.9821    3.9821    3.9821    3.9821   1.000
  1103.000    808.000    3.4779    3.4779    3.4779    3.4779   1.000
  1110.000    808.000    4.7714    4.7714    4.7714    4.7714   1.000
  1113.000    808.000    4.0202    4.0202    4.0202    4.0202   1.000
  1118.000    808.000    0.5528    0.5528    0.5528    0.5528   1.000
  1121.000    808.000    3.2043    3.2043    3.2043    3.2043   1.000
  1126.000    808.000    4.1313    4.1313    4.1313    4.1313   1.000
  1143.000    808.000    2.0843    2.0843    2.0843    2.0843   1.000
  1115.000    809.000    2.6404    2.6404    2.6404    2.6404   1.000
  1141.000    809.000    2.9004    2.9004    2.9004    2.9004   1.000
  1100.000    810.000    3.7712    3.7712    3.7712    3.7712   1.000
  1122.000    810.000    3.3229    3.3229    3.3229    3.3229   1.000
  1130.000    810.000    3.0055    3.0055    3.0055    3.0055   1.000
  1097.000    811.000    3.3703    3.3703    3.3703    3.3703   1.000
  1142.000    811.000    3.1991    3.1991    3.1991    3.1991   1.000
  1094.000    812.000    2.4028    2.4028    2.4028    2.4028   1.000
  1114.000    812.000    3.7917    3.7917    3.7917    3.7917   1.000
  1118.000    812.000    2.8505    2.8505    2.8505    2.8505   1.000
  1125.000    812.000    4.4235    4.4235    4.4235    4.4235   1.000
  1145.000    812.000    3.9240    3.9240    3.9240    3.9240   1.000
  1109.000    813.000    3.8964    3.8964    3.8964    3.8964   1.000
  1121.000    813.000    2.2016    2.2016    2.2016    2.2016   1.000
  1135.000    813.000    2.4786    2.4786    2.4786    2.4786   1.000
  1141.000    813.000    3.6339    3.6339    3.6339    3.6339   1.000
  1103.000    814.000    3.1300    3.1300    3.1300    3.1300   1.000
  1138.000    814.000    2.6552    2.6552    2.6552    2.6552   1.000
  1144.000    814.000    3.0075    3.0075    3.0075    3.0075   1.000
  1099.000    815.000    2.9673    2.9673    2.9673    2.9673   1.000
  1110.000    815.000    5.6806    5.6806    5.6806    5.6806   1.000
  1116.000    815.000    3.0611    3.0611    3.0611    3.0611   1.000
  1121.000    815.000    1.7916    1.7916    1.7916    1.7916   1.000
  1132.000    815.000    3.7406    3.7406    3.7406    3.7406   1.000
  1102.000    816.000    4.2097    4.2097    4.2097    4.2097   1.000
  1135.000    816.000    0.8050    0.8050    0.8050    0.8050   1.000
  1139.000    816.000    2.4112    2.4112    2.4112    2.4112   1.000
  1096.000    817.000    3.8376    3.8376    3.8376    3.8376   1.000
  1122.000    817.000    3.7290    3.7290    3.7290    3.7290   1.000
  1132.000    817.000    3.5245    3.5245    3.5245    3.5245   1.000
  1106.000    818.000    4.0312    4.0312    4.0312    4.0312   1.000
  1114.000    818.000    3.4603    3.4603    3.4603    3.4603   1.000
  1145.000    818.000    3.1858    3.1858    3.1858    3.1858   1.000
  1092.000    819.000    3.7877    3.7877    3.7877    3.7877   1.000
  1119.000    819.000    3.7346    3.7346    3.7346    3.7346   1.000
  1137.000    819.000    2.7126    2.7126    2.7126    2.7126   1.000
  1143.000    819.000    3.4501    3.4501    3.4501    3.4501   1.000
  1147.000    819.000    3.6593    3.6593    3.6593    3.6593   1.000
  1096.000    820.000    3.9460    3.9460    3.9460    3.9460   1.000
  1098.000    820.000    2.8041    2.8041    2.8041    2.8041   1.000
  1106.000    820.000    4.7086    4.7086    4.7086    4.7086   1.000
  1139.000    820.000    0.2836    0.2836    0.2836    0.2836   1.000
  1112.000    821.000    4.1171    4.1171    4.1171    4.1171   1.000
  1114.000    821.000    2.7744    2.7744    2.7744    2.7744   1.000
  1121.000    821.000    4.3999    4.3999    4.3999    4.3999   1.000
  1136.000    821.000    2.7576    2.7576    2.7576    2.7576   1.000
  1142.000    821.000    3.3606    3.3606    3.3606    3.3606   1.000
  1099.000    822.000    3.5510    3.5510    3.5510    3.5510   1.000
  1109.000    822.000    2.0452    2.0452    2.0452    2.0452   1.000
  1102.000    823.000    3.1351    3.1351    3.1351    3.1351   1.000
  1116.000    823.000    4.8575    4.8575    4.8575    4.8575   1.000
  1121.000    823.000    4.4558    4.4558    4.4558    4.4558   1.000
  1124.000    823.000    2.3750    2.3750    2.3750    2.3750   1.000
  1141.000    824.000    1.5176    1.5176    1.5176    1.5176   1.000
  1101.000    826.000    4.0075    4.0075    4.0075    4.0075   1.000
  1127.000    826.000    4.1647    4.1647    4.1647    4.1647   1.000
  1094.000    827.000    3.9600    3.9600    3.9600    3.9600   1.000
  1099.000    827.000    4.5623    4.5623    4.5623    4.5623   1.000
  1131.000    827.000    3.3442    3.3442    3.3442    3.3442   1.000
  1136.000    827.000    4.1477    4.1477    4.1477    4.1477   1.000
  1139.000    827.000    2.9087    2.9087    2.9087    2.9087   1.000
  1146.000    827.000    3.0656    3.0656    3.0656    3.0656   1.000
  1162.000    772.000    0.5940    0.5940    0.5940    0.5940   1.000
  1179.000    772.000    2.7697    2.7697    2.7697    2.7697   1.000
  1181.000    772.000    2.9873    2.9873    2.9873    2.9873   1.000
  1203.000    772.000    2.9613    2.9613    2.9613    2.9613   1.000
  1174.000    773.000    3.0780    3.0780    3.0780    3.0780   1.000
  1201.000    773.000    3.6614    3.6614    3.6614    3.6614   1.000
  1168.000    774.000   -0.6509   -0.6509   -0.6509   -0.6509   1.000
  1186.000    774.000    0.2944    0.2944    0.2944    0.2944   1.000
  1190.000    774.000    3.5850    3.5850    3.5850    3.5850   1.000
  1206.000    774.000    2.6968    2.6968    2.6968    2.6968   1.000
  1161.000    775.000    2.9648    2.9648    2.9648    2.9648   1.000
  1163.000    775.000    1.6380    1.6380    1.6380    1.6380   1.000
  1170.000    775.000    2.8586    2.8586    2.8586    2.8586   1.000
  1172.000    775.000    4.2506    4.2506    4.2506    4.2506   1.000
  1174.000    775.000    3.6169    3.6169    3.6169    3.6169   1.000
  1204.000    775.000    2.6860    2.6860    2.6860    2.6860   1.000
  1158.000    776.000    2.3779    2.3779    2.3779    2.3779   1.000
  1177.000    776.000    0.9180    0.9180    0.9180    0.9180   1.000
  1182.000    776.000    3.1241    3.1241    3.1241    3.1241   1.000
  1211.000    776.000    4.1440    4.1440    4.1440    4.1440   1.000
  1156.000    777.000    2.6037    2.6037    2.6037    2.6037   1.000
  1168.000    777.000    3.2013    3.2013    3.2013    3.2013   1.000
  1170.000    777.000    3.3180    3.3180    3.3180    3.3180   1.000
  1172.000    777.000    3.0476    3.0476    3.0476    3.0476   1.000
  1174.000    777.000    3.9762    3.9762    3.9762    3.9762   1.000
  1164.000    778.000    2.7708    2.7708    2.7708    2.7708   1.000
  1168.000    779.000    4.1914    4.1914    4.1914    4.1914   1.000
  1176.000    779.000    3.1166    3.1166    3.1166    3.1166   1.000
  1180.000    779.000    2.8401    2.8401    2.8401    2.8401   1.000
  1184.000    779.000    3.1584    3.1584    3.1584    3.1584   1.000
  1201.000    779.000    3.8424    3.8424    3.8424    3.8424   1.000
  1166.000    780.000    3.5966    3.5966    3.5966    3.5966   1.000
  1190.000    780.000    3.3409    3.3409    3.3409    3.3409   1.000
  1157.000    781.000    3.6644    3.6644    3.6644    3.6644   1.000
  1168.000    781.000    3.8118    3.8118    3.8118    3.8118   1.000
  1183.000    781.000    2.4500    2.4500    2.4500    2.4500   1.000
  1210.000    781.000    3.0447    3.0447    3.0447    3.0447   1.000
  1191.000    782.000    1.1037    1.1037    1.1037    1.1037   1.000
  1195.000    782.000    2.7444    2.7444    2.7444    2.7444   1.000
  1204.000    782.000    0.5491    0.5491    0.5491    0.5491   1.000
  1171.000    783.000    2.9564    2.9564    2.9564    2.9564   1.000
  1173.000    783.000    3.6725    3.6725    3.6725    3.6725   1.000
  1180.000    783.000    3.2351    3.2351    3.2351    3.2351   1.000
  1189.000    783.000    2.3468    2.3468    2.3468    2.3468   1.000
  1193.000    783.000    1.9276    1.9276    1.9276    1.9276   1.000
  1184.000    784.000    3.5314    3.5314    3.5314    3.5314   1.000
  1208.000    784.000    3.5471    3.5471    3.5471    3.5471   1.000
  1211.000    784.000    3.6933    3.6933    3.6933    3.6933   1.000
  1166.000    785.000    3.2691    3.2691    3.2691    3.2691   1.000
  1168.000    785.000    3.9738    3.9738    3.9738    3.9738   1.000
  1176.000    785.000    2.8145    2.8145    2.8145    2.8145   1.000
  1188.000    785.000    3.8054    3.8054    3.8054    3.8054   1.000
  1191.000    785.000    1.3665    1.3665    1.3665    1.3665   1.000
  1199.000    785.000    3.3997    3.3997    3.3997    3.3997   1.000
  1203.000    785.000    2.6052    2.6052    2.6052    2.6052   1.000
  1159.000    786.000    2.8869    2.8869    2.8869    2.8869   1.000
  1201.000    786.000    3.3412    3.3412    3.3412    3.3412   1.000
  1183.000    787.000    1.1632    1.1632    1.1632    1.1632   1.000
  1192.000    787.000    3.0739    3.0739    3.0739    3.0739   1.000
  1203.000    787.000    3.9399    3.9399    3.9399    3.9399   1.000
  1205.000    787.000    3.1687    3.1687    3.1687    3.1687   1.000
  1157.000    788.000    4.3292    4.3292    4.3292    4.3292   1.000
  1166.000    788.000    3.1339    3.1339    3.1339    3.1339   1.000
  1172.000    788.000    4.2891    4.2891    4.2891    4.2891   1.000
  1180.000    788.000    3.4468    3.4468    3.4468    3.4468   1.000
  1182.000    789.000    1.4283    1.4283    1.4283    1.4283   1.000
  1184.000    789.000    1.5592    1.5592    1.5592    1.5592   1.000
  1192.000    789.000    4.8416    4.8416    4.8416    4.8416   1.000
  1199.000    789.000    3.1251    3.1251    3.1251    3.1251   1.000
  1157.000    790.000    3.8521    3.8521    3.8521    3.8521   1.000
  1160.000    790.000    3.6550    3.6550    3.6550    3.6550   1.000
  1162.000    790.000    4.2875    4.2875    4.2875    4.2875   1.000
  1164.000    790.000    3.7339    3.7339    3.7339    3.7339   1.000
  1174.000    790.000    3.4794    3.4794    3.4794    3.4794   1.000
  1176.000    790.000    2.6711    2.6711    2.6711    2.6711   1.000
  1194.000    790.000    2.7846    2.7846    2.7846    2.7846   1.000
  1211.000    790.000    3.8180    3.8180    3.8180    3.8180   1.000
  1187.000    791.000    3.8709    3.8709    3.8709    3.8709   1.000
  1171.000    793.000    3.7155    3.7155    3.7155    3.7155   1.000
  1174.000    793.000    3.1940    3.1940    3.1940    3.1940   1.000
  1181.000    793.000    3.6212    3.6212    3.6212    3.6212   1.000
  1206.000    793.000    3.7213    3.7213    3.7213    3.7213   1.000
  1208.000    793.000    3.7489    3.7489    3.7489    3.7489   1.000
  1158.000    794.000    3.5479    3.5479    3.5479    3.5479   1.000
  1177.000    795.000    4.0133    4.0133    4.0133    4.0133   1.000
  1182.000    795.000    3.2904    3.2904    3.2904    3.2904   1.000
  1186.000    795.000    3.7314    3.7314    3.7314    3.7314   1.000
  1203.000    795.000    3.4549    3.4549    3.4549    3.4549   1.000
  1205.000    795.000    3.3266    3.3266    3.3266    3.3266   1.000
  1162.000    796.000    1.9318    1.9318    1.9318    1.9318   1.000
  1197.000    796.000    3.9536    3.9536    3.9536    3.9536   1.000
  1185.000    797.000    4.4882    4.4882    4.4882    4.4882   1.000
  1187.000    797.000    3.6010    3.6010    3.6010    3.6010   1.000
  1194.000    797.000    3.0424    3.0424    3.0424    3.0424   1.000
  1211.000    797.000    1.3366    1.3366    1.3366    1.3366   1.000
  1156.000    798.000    3.4109    3.4109    3.4109    3.4109   1.000
  1175.000    798.000    4.3927    4.3927    4.3927    4.3927   1.000
  1182.000    798.000    2.0420    2.0420    2.0420    2.0420   1.000
  1196.000    798.000    3.7098    3.7098    3.7098    3.7098   1.000
  1206.000    798.000    3.9547    3.9547    3.9547    3.9547   1.000
  1165.000    799.000    3.9427    3.9427    3.9427    3.9427   1.000
  1185.000    799.000    3.7037    3.7037    3.7037    3.7037   1.000
  1187.000    799.000    3.0454    3.0454    3.0454    3.0454   1.000
  1210.000    799.000    2.5427    2.5427    2.5427    2.5427   1.000
  1192.000    800.000    4.2182    4.2182    4.2182    4.2182   1.000
  1157.000    801.000    4.2638    4.2638    4.2638    4.2638   1.000
  1163.000    801.000    3.7180    3.7180    3.7180    3.7180   1.000
  1179.000    801.000    3.5534    3.5534    3.5534    3.5534   1.000
  1203.000    801.000    3.9501    3.9501    3.9501    3.9501   1.000
  1168.000    802.000    4.1179    4.1179    4.1179    4.1179   1.000
  1156.000    804.000    2.7369    2.7369    2.7369    2.7369   1.000
  1158.000    804.000    3.9674    3.9674    3.9674    3.9674   1.000
  1160.000    804.000    4.8067    4.8067    4.8067    4.8067   1.000
  1172.000    804.000    3.8900    3.8900    3.8900    3.8900   1.000
  1179.000    804.000    5.3294    5.3294    5.3294    5.3294   1.000
  1195.000    804.000    3.8446    3.8446    3.8446    3.8446   1.000
  1166.000    805.000    3.7220    3.7220    3.7220    3.7220   1.000
  1162.000    806.000    3.7480    3.7480    3.7480    3.7480   1.000
  1168.000    806.000    1.8922    1.8922    1.8922    1.8922   1.000
  1182.000    806.000    2.9225    2.9225    2.9225    2.9225   1.000
  1186.000    806.000    3.8361    3.8361    3.8361    3.8361   1.000
  1205.000    806.000    3.7967    3.7967    3.7967    3.7967   1.000
  1156.000    807.000    3.0379    3.0379    3.0379    3.0379   1.000
  1171.000    807.000    1.8555    1.8555    1.8555    1.8555   1.000
  1188.000    807.000    3.2670    3.2670    3.2670    3.2670   1.000
  1190.000    807.000    4.6570    4.6570    4.6570    4.6570   1.000
  1209.000    807.000    3.8854    3.8854    3.8854    3.8854   1.000
  1162.000    808.000    3.8714    3.8714    3.8714    3.8714   1.000
  1168.000    808.000    1.3670    1.3670    1.3670    1.3670   1.000
  1158.000    809.000    2.2928    2.2928    2.2928    2.2928   1.000
  1174.000    809.000    2.8787    2.8787    2.8787    2.8787   1.000
  1185.000    809.000    4.3007    4.3007    4.3007    4.3007   1.000
  1192.000    809.000    3.4669    3.4669    3.4669    3.4669   1.000
  1210.000    809.000    4.5886    4.5886    4.5886    4.5886   1.000
  1187.000    810.000    2.6586    2.6586    2.6586    2.6586   1.000
  1158.000    811.000    2.2679    2.2679    2.2679    2.2679   1.000
  1165.000    811.000    3.7872    3.7872    3.7872    3.7872   1.000
  1173.000    811.000    3.7735    3.7735    3.7735    3.7735   1.000
  1189.000    811.000    2.6632    2.6632    2.6632    2.6632   1.000
  1156.000    812.000    2.5338    2.5338    2.5338    2.5338   1.000
  1200.000    812.000    3.6189    3.6189    3.6189    3.6189   1.000
  1197.000    813.000    3.1798    3.1798    3.1798    3.1798   1.000
  1202.000    813.000    3.2174    3.2174    3.2174    3.2174   1.000
  1205.000    813.000    3.4258    3.4258    3.4258    3.4258   1.000
  1169.000    814.000    4.2670    4.2670    4.2670    4.2670   1.000
  1173.000    814.000    2.3559    2.3559    2.3559    2.3559   1.000
  1185.000    814.000    3.1069    3.1069    3.1069    3.1069   1.000
  1192.000    814.000    3.5827    3.5827    3.5827    3.5827   1.000
  1199.000    814.000    3.3066    3.3066    3.3066    3.3066   1.000
  1211.000    814.000    2.9825    2.9825    2.9825    2.9825   1.000
  1159.000    815.000    3.2270    3.2270    3.2270    3.2270   1.000
  1162.000    815.000    4.6836    4.6836    4.6836    4.6836   1.000
  1194.000    815.000    2.8066    2.8066    2.8066    2.8066   1.000
  1201.000    815.000    3.1679    3.1679    3.1679    3.1679   1.000
  1204.000    815.000    2.8677    2.8677    2.8677    2.8677   1.000
  1165.000    816.000    4.0101    4.0101    4.0101    4.0101   1.000
  1176.000    816.000    4.3719    4.3719    4.3719    4.3719   1.000
  1184.000    816.000    3.4110    3.4110    3.4110    3.4110   1.000
  1192.000    816.000    4.0622    4.0622    4.0622    4.0622   1.000
  1199.000    816.000    3.0913    3.0913    3.0913    3.0913   1.000
  1172.000    817.000    3.3742    3.3742    3.3742    3.3742   1.000
  1182.000    817.000    3.6688    3.6688    3.6688    3.6688   1.000
  1157.000    818.000    4.7302    4.7302    4.7302    4.7302   1.000
  1159.000    818.000    4.5380    4.5380    4.5380    4.5380   1.000
  1163.000    818.000    3.5854    3.5854    3.5854    3.5854   1.000
  1170.000    818.000    3.7661    3.7661    3.7661    3.7661   1.000
  1184.000    818.000    4.2701    4.2701    4.2701    4.2701   1.000
  1188.000    818.000    0.5782    0.5782    0.5782    0.5782   1.000
  1203.000    818.000    3.6441    3.6441    3.6441    3.6441   1.000
  1177.000    819.000    4.3121    4.3121    4.3121    4.3121   1.000
  1192.000    819.000    2.9521    2.9521    2.9521    2.9521   1.000
  1189.000    820.000    2.0854    2.0854    2.0854    2.0854   1.000
  1160.000    822.000    2.6503    2.6503    2.6503    2.6503   1.000
  1170.000    822.000    4.0520    4.0520    4.0520    4.0520   1.000
  1184.000    822.000    3.2925    3.2925    3.2925    3.2925   1.000
  1207.000    822.000    3.7856    3.7856    3.7856    3.7856   1.000
  1209.000    822.000    2.7632    2.7632    2.7632    2.7632   1.000
  1167.000    823.000    4.1971    4.1971    4.1971    4.1971   1.000
  1177.000    823.000    3.0939    3.0939    3.0939    3.0939   1.000
  1188.000    823.000    3.6421    3.6421    3.6421    3.6421   1.000
  1204.000    823.000    3.9753    3.9753    3.9753    3.9753   1.000
  1200.000    824.000    4.1898    4.1898    4.1898    4.1898   1.000
  1202.000    824.000    2.6485    2.6485    2.6485    2.6485   1.000
  1157.000    825.000    3.5569    3.5569    3.5569    3.5569   1.000
  1185.000    825.000    3.4558    3.4558    3.4558    3.4558   1.000
  1164.000    826.000    3.4312    3.4312    3.4312    3.4312   1.000
  1170.000    826.000    2.8804    2.8804    2.8804    2.8804   1.000
  1175.000    826.000    3.4155    3.4155    3.4155    3.4155   1.000
  1183.000    827.000    4.0383    4.0383    4.0383    4.0383   1.000
  1203.000    827.000    3.5831    3.5831    3.5831    3.5831   1.000
  1236.000    772.000    4.3634    4.3634    4.3634    4.3634   1.000
  1271.000    772.000    4.0031    4.0031    4.0031    4.0031   1.000
  1223.000    773.000    2.7085    2.7085    2.7085    2.7085   1.000
  1232.000    773.000    3.8776    3.8776    3.8776    3.8776   1.000
  1266.000    773.000    3.6532    3.6532    3.6532    3.6532   1.000
  1239.000    774.000    4.4274    4.4274    4.4274    4.4274   1.000
  1246.000    774.000    3.9657    3.9657    3.9657    3.9657   1.000
  1253.000    774.000    4.5306    4.5306    4.5306    4.5306   1.000
  1228.000    775.000    1.5227    1.5227    1.5227    1.5227   1.000
  1232.000    775.000    3.9006    3.9006    3.9006    3.9006   1.000
  1234.000    775.000    4.5063    4.5063    4.5063    4.5063   1.000
  1242.000    775.000    3.6543    3.6543    3.6543    3.6543   1.000
  1261.000    775.000    4.0800    4.0800    4.0800    4.0800   1.000
  1269.000    775.000    4.4786    4.4786    4.4786    4.4786   1.000
  1244.000    776.000    2.9111    2.9111    2.9111    2.9111   1.000
  1246.000    776.000    4.4382    4.4382    4.4382    4.4382   1.000
  1253.000    776.000    3.7309    3.7309    3.7309    3.7309   1.000
  1263.000    776.000    2.8278    2.8278    2.8278    2.8278   1.000
  1272.000    776.000    4.7019    4.7019    4.7019    4.7019   1.000
  1221.000    777.000    2.2475    2.2475    2.2475    2.2475   1.000
  1242.000    777.000    3.7910    3.7910    3.7910    3.7910   1.000
  1260.000    777.000    6.6175    6.6175    6.6175    6.6175   1.000
  1274.000    777.000    4.4554    4.4554    4.4554    4.4554   1.000
  1224.000    778.000    2.2856    2.2856    2.2856    2.2856   1.000
  1234.000    779.000    2.8278    2.8278    2.8278    2.8278   1.000
  1253.000    779.000    2.9783    2.9783    2.9783    2.9783   1.000
  1260.000    779.000    4.6924    4.6924    4.6924    4.6924   1.000
  1229.000    780.000    3.4338    3.4338    3.4338    3.4338   1.000
  1243.000    780.000    2.5064    2.5064    2.5064    2.5064   1.000
  1267.000    780.000    2.7683    2.7683    2.7683    2.7683   1.000
  1271.000    780.000    2.4120    2.4120    2.4120    2.4120   1.000
  1221.000    781.000    3.5621    3.5621    3.5621    3.5621   1.000
  1253.000    781.000    3.0640    3.0640    3.0640    3.0640   1.000
  1258.000    781.000    3.0865    3.0865    3.0865    3.0865   1.000
  1263.000    781.000   -0.0708   -0.0708   -0.0708   -0.0708   1.000
  1225.000    782.000    2.5143    2.5143    2.5143    2.5143   1.000
  1228.000    782.000    3.0025    3.0025    3.0025    3.0025   1.000
  1230.000    782.000    3.2718    3.2718    3.2718    3.2718   1.000
  1239.000    782.000    4.5145    4.5145    4.5145    4.5145   1.000
  1256.000    782.000    3.7960    3.7960    3.7960    3.7960   1.000
  1266.000    782.000    3.5650    3.5650    3.5650    3.5650   1.000
  1254.000    783.000    3.1819    3.1819    3.1819    3.1819   1.000
  1274.000    783.000    3.3731    3.3731    3.3731    3.3731   1.000
  1231.000    784.000    3.0014    3.0014    3.0014    3.0014   1.000
  1235.000    784.000    3.1807    3.1807    3.1807    3.1807   1.000
  1243.000    784.000    4.4230    4.4230    4.4230    4.4230   1.000
  1264.000    784.000    2.4924    2.4924    2.4924    2.4924   1.000
  1266.000    784.000    3.6708    3.6708    3.6708    3.6708   1.000
  1227.000    785.000    2.2774    2.2774    2.2774    2.2774   1.000
  1229.000    785.000    2.5095    2.5095    2.5095    2.5095   1.000
  1239.000    785.000    4.5233    4.5233    4.5233    4.5233   1.000
  1260.000    785.000    2.6117    2.6117    2.6117    2.6117   1.000
  1275.000    785.000    4.0872    4.0872    4.0872    4.0872   1.000
  1233.000    786.000    3.3690    3.3690    3.3690    3.3690   1.000
  1246.000    786.000    2.9713    2.9713    2.9713    2.9713   1.000
  1228.000    787.000    2.4165    2.4165    2.4165    2.4165   1.000
  1244.000    787.000    2.9599    2.9599    2.9599    2.9599   1.000
  1249.000    787.000    1.1527    1.1527    1.1527    1.1527   1.000
  1252.000    787.000    3.2961    3.2961    3.2961    3.2961   1.000
  1237.000    788.000    3.4457    3.4457    3.4457    3.4457   1.000
  1241.000    788.000    4.3927    4.3927    4.3927    4.3927   1.000
  1259.000    788.000    2.9764    2.9764    2.9764    2.9764   1.000
  1264.000    788.000    3.2765    3.2765    3.2765    3.2765   1.000
  1229.000    789.000    4.4510    4.4510    4.4510    4.4510   1.000
  1247.000    789.000    3.1977    3.1977    3.1977    3.1977   1.000
  1220.000    790.000    2.8258    2.8258    2.8258    2.8258   1.000
  1240.000    790.000    4.0325    4.0325    4.0325    4.0325   1.000
  1252.000    790.000    3.1393    3.1393    3.1393    3.1393   1.000
  1255.000    790.000    3.6669    3.6669    3.6669    3.6669   1.000
  1266.000    790.000    3.9418    3.9418    3.9418    3.9418   1.000
  1261.000    791.000    3.7258    3.7258    3.7258    3.7258   1.000
  1269.000    791.000    3.2919    3.2919    3.2919    3.2919   1.000
  1224.000    792.000    3.8682    3.8682    3.8682    3.8682   1.000
  1232.000    792.000    3.0537    3.0537    3.0537    3.0537   1.000
  1271.000    792.000    3.9694    3.9694    3.9694    3.9694   1.000
  1235.000    793.000    3.6399    3.6399    3.6399    3.6399   1.000
  1258.000    793.000    2.9989    2.9989    2.9989    2.9989   1.000
  1221.000    794.000    3.6706    3.6706    3.6706    3.6706   1.000
  1239.000    794.000    3.5639    3.5639    3.5639    3.5639   1.000
  1248.000    794.000    4.4536    4.4536    4.4536    4.4536   1.000
  1260.000    794.000    3.4764    3.4764    3.4764    3.4764   1.000
  1262.000    794.000    2.7849    2.7849    2.7849    2.7849   1.000
  1272.000    794.000    4.0857    4.0857    4.0857    4.0857   1.000
  1275.000    794.000    4.1139    4.1139    4.1139    4.1139   1.000
  1237.000    795.000    3.5176    3.5176    3.5176    3.5176   1.000
  1264.000    795.000    2.7351    2.7351    2.7351    2.7351   1.000
  1226.000    796.000    2.8899    2.8899    2.8899    2.8899   1.000
  1234.000    796.000    1.8743    1.8743    1.8743    1.8743   1.000
  1246.000    796.000    3.4509    3.4509    3.4509    3.4509   1.000
  1262.000    796.000    4.1833    4.1833    4.1833    4.1833   1.000
  1220.000    797.000    5.1319    5.1319    5.1319    5.1319   1.000
  1230.000    797.000    3.4780    3.4780    3.4780    3.4780   1.000
  1242.000    797.000    4.1048    4.1048    4.1048    4.1048   1.000
  1249.000    797.000    3.5552    3.5552    3.5552    3.5552   1.000
  1251.000    797.000    3.5286    3.5286    3.5286    3.5286   1.000
  1269.000    797.000    2.9149    2.9149    2.9149    2.9149   1.000
  1232.000    798.000    3.5196    3.5196    3.5196    3.5196   1.000
  1236.000    798.000    3.8394    3.8394    3.8394    3.8394   1.000
  1259.000    798.000    2.5680    2.5680    2.5680    2.5680   1.000
  1263.000    798.000    2.9824    2.9824    2.9824    2.9824   1.000
  1271.000    798.000    0.8691    0.8691    0.8691    0.8691   1.000
  1227.000    799.000    2.9569    2.9569    2.9569    2.9569   1.000
  1244.000    799.000    3.7303    3.7303    3.7303    3.7303   1.000
  1221.000    800.000    2.6680    2.6680    2.6680    2.6680   1.000
  1230.000    800.000    1.9351    1.9351    1.9351    1.9351   1.000
  1232.000    800.000    4.5136    4.5136    4.5136    4.5136   1.000
  1227.000    801.000    1.7935    1.7935    1.7935    1.7935   1.000
  1246.000    801.000    3.7008    3.7008    3.7008    3.7008   1.000
  1252.000    801.000    3.5812    3.5812    3.5812    3.5812   1.000
  1261.000    801.000    1.3943    1.3943    1.3943    1.3943   1.000
  1270.000    801.000    1.9596    1.9596    1.9596    1.9596   1.000
  1220.000    802.000    3.2398    3.2398    3.2398    3.2398   1.000
  1231.000    802.000    3.8219    3.8219    3.8219    3.8219   1.000
  1233.000    802.000    3.5195    3.5195    3.5195    3.5195   1.000
  1243.000    802.000    3.9313    3.9313    3.9313    3.9313   1.000
  1263.000    802.000    4.6219    4.6219    4.6219    4.6219   1.000
  1229.000    803.000    3.5775    3.5775    3.5775    3.5775   1.000
  1253.000    803.000    2.9486    2.9486    2.9486    2.9486   1.000
  1257.000    803.000   -0.4767   -0.4767   -0.4767   -0.4767   1.000
  1260.000    803.000    3.9836    3.9836    3.9836    3.9836   1.000
  1222.000    804.000    3.8212    3.8212    3.8212    3.8212   1.000
  1227.000    804.000    4.0186    4.0186    4.0186    4.0186   1.000
  1243.000    804.000    4.0999    4.0999    4.0999    4.0999   1.000
  1251.000    804.000    4.7905    4.7905    4.7905    4.7905   1.000
  1230.000    805.000    4.0424    4.0424    4.0424    4.0424   1.000
  1232.000    805.000    2.6440    2.6440    2.6440    2.6440   1.000
  1247.000    805.000    4.0887    4.0887    4.0887    4.0887   1.000
  1260.000    805.000    2.1988    2.1988    2.1988    2.1988   1.000
  1271.000    805.000    1.6468    1.6468    1.6468    1.6468   1.000
  1274.000    805.000    3.3673    3.3673    3.3673    3.3673   1.000
  1253.000    806.000    3.5053    3.5053    3.5053    3.5053   1.000
  1256.000    806.000    3.6706    3.6706    3.6706    3.6706   1.000
  1258.000    806.000    3.2883    3.2883    3.2883    3.2883   1.000
  1239.000    807.000    3.5236    3.5236    3.5236    3.5236   1.000
  1251.000    807.000    3.5955    3.5955    3.5955    3.5955   1.000
  1272.000    807.000    3.0667    3.0667    3.0667    3.0667   1.000
  1227.000    808.000    3.2267    3.2267    3.2267    3.2267   1.000
  1267.000    808.000    3.9600    3.9600    3.9600    3.9600   1.000
  1222.000    809.000    5.0635    5.0635    5.0635    5.0635   1.000
  1231.000    809.000    3.8110    3.8110    3.8110    3.8110   1.000
  1255.000    809.000    1.1881    1.1881    1.1881    1.1881   1.000
  1259.000    809.000    3.4871    3.4871    3.4871    3.4871   1.000
  1272.000    809.000    3.6506    3.6506    3.6506    3.6506   1.000
  1242.000    810.000    2.7872    2.7872    2.7872    2.7872   1.000
  1262.000    810.000    1.7436    1.7436    1.7436    1.7436   1.000
  1227.000    811.000    4.1387    4.1387    4.1387    4.1387   1.000
  1233.000    811.000    3.2819    3.2819    3.2819    3.2819   1.000
  1237.000    811.000    5.4296    5.4296    5.4296    5.4296   1.000
  1246.000    811.000    2.8024    2.8024    2.8024    2.8024   1.000
  1266.000    811.000    4.7677    4.7677    4.7677    4.7677   1.000
  1268.000    811.000    3.8283    3.8283    3.8283    3.8283   1.000
  1273.000    811.000    2.8684    2.8684    2.8684    2.8684   1.000
  1225.000    812.000    3.4054    3.4054    3.4054    3.4054   1.000
  1242.000    812.000    2.7032    2.7032    2.7032    2.7032   1.000
  1253.000    812.000    2.4492    2.4492    2.4492    2.4492   1.000
  1270.000    812.000    4.0510    4.0510    4.0510    4.0510   1.000
  1227.000    813.000    4.3256    4.3256    4.3256    4.3256   1.000
  1257.000    813.000    4.0955    4.0955    4.0955    4.0955   1.000
  1222.000    814.000    2.8317    2.8317    2.8317    2.8317   1.000
  1270.000    814.000    4.6530    4.6530    4.6530    4.6530   1.000
  1273.000    814.000    2.8260    2.8260    2.8260    2.8260   1.000
  1245.000    815.000    3.9076    3.9076    3.9076    3.9076   1.000
  1275.000    815.000    2.7679    2.7679    2.7679    2.7679   1.000
  1227.000    816.000    3.1286    3.1286    3.1286    3.1286   1.000
  1240.000    816.000    2.6437    2.6437    2.6437    2.6437   1.000
  1242.000    816.000    3.2537    3.2537    3.2537    3.2537   1.000
  1249.000    816.000    4.5248    4.5248    4.5248    4.5248   1.000
  1254.000    816.000    3.4719    3.4719    3.4719    3.4719   1.000
  1264.000    816.000    3.2132    3.2132    3.2132    3.2132   1.000
  1266.000    816.000    4.1578    4.1578    4.1578    4.1578   1.000
  1272.000    816.000    6.9313    6.9313    6.9313    6.9313   1.000
  1222.000    817.000    1.5079    1.5079    1.5079    1.5079   1.000
  1244.000    817.000    4.0219    4.0219    4.0219    4.0219   1.000
  1220.000    818.000    3.1060    3.1060    3.1060    3.1060   1.000
  1270.000    818.000    3.0549    3.0549    3.0549    3.0549   1.000
  1223.000    819.000    3.7018    3.7018    3.7018    3.7018   1.000
  1237.000    819.000    3.4273    3.4273    3.4273    3.4273   1.000
  1239.000    819.000    3.8748    3.8748    3.8748    3.8748   1.000
  1243.000    819.000    3.2506    3.2506    3.2506    3.2506   1.000
  1221.000    820.000    2.6049    2.6049    2.6049    2.6049   1.000
  1232.000    820.000    3.5902    3.5902    3.5902    3.5902   1.000
  1254.000    820.000    4.6871    4.6871    4.6871    4.6871   1.000
  1260.000    820.000    3.3162    3.3162    3.3162    3.3162   1.000
  1223.000    821.000    2.9858    2.9858    2.9858    2.9858   1.000
  1250.000    821.000    3.3951    3.3951    3.3951    3.3951   1.000
  1263.000    821.000    3.1717    3.1717    3.1717    3.1717   1.000
  1270.000    821.000    2.4388    2.4388    2.4388    2.4388   1.000
  1242.000    822.000    3.4109    3.4109    3.4109    3.4109   1.000
  1252.000    822.000    1.8736    1.8736    1.8736    1.8736   1.000
  1267.000    822.000    3.2506    3.2506    3.2506    3.2506   1.000
  1222.000    823.000    3.0392    3.0392    3.0392    3.0392   1.000
  1245.000    823.000    4.4080    4.4080    4.4080    4.4080   1.000
  1220.000    824.000    3.7710    3.7710    3.7710    3.7710   1.000
  1227.000    824.000    4.3435    4.3435    4.3435    4.3435   1.000
  1253.000    824.000    3.6411    3.6411    3.6411    3.6411   1.000
  1255.000    824.000    3.4441    3.4441    3.4441    3.4441   1.000
  1222.000    825.000    4.7124    4.7124    4.7124    4.7124   1.000
  1230.000    825.000    3.7120    3.7120    3.7120    3.7120   1.000
  1242.000    825.000    3.7892    3.7892    3.7892    3.7892   1.000
  1271.000    825.000    4.1297    4.1297    4.1297    4.1297   1.000
  1257.000    826.000    1.8651    1.8651    1.8651    1.8651   1.000
  1223.000    827.000    2.7332    2.7332    2.7332    2.7332   1.000
   780.000    836.000    2.6590    2.6590    2.6590    2.6590   1.000
   782.000    836.000    3.4860    3.4860    3.4860    3.4860   1.000
   786.000    836.000    2.7126    2.7126    2.7126    2.7126   1.000
   797.000    836.000    2.0739    2.0739    2.0739    2.0739   1.000
   811.000    836.000    3.5364    3.5364    3.5364    3.5364   1.000
   818.000    836.000    2.2928    2.2928    2.2928    2.2928   1.000
   822.000    836.000    3.4823    3.4823    3.4823    3.4823   1.000
   827.000    836.000    2.5281    2.5281    2.5281    2.5281   1.000
   772.000    837.000    3.7996    3.7996    3.7996    3.7996   1.000
   793.000    837.000    2.9354    2.9354    2.9354    2.9354   1.000
   795.000    837.000    4.1622    4.1622    4.1622    4.1622   1.000
   799.000    837.000    2.8919    2.8919    2.8919    2.8919   1.000
   804.000    837.000    3.5373    3.5373    3.5373    3.5373   1.000
   790.000    838.000    3.7426    3.7426    3.7426    3.7426   1.000
   802.000    838.000    3.2377    3.2377    3.2377    3.2377   1.000
   810.000    838.000    4.1197    4.1197    4.1197    4.1197   1.000
   814.000    838.000    3.0763    3.0763    3.0763    3.0763   1.000
   820.000    838.000    3.3331    3.3331    3.3331    3.3331   1.000
   825.000    838.000    4.7015    4.7015    4.7015    4.7015   1.000
   817.000    839.000    4.4750    4.4750    4.4750    4.4750   1.000
   822.000    839.000    3.7020    3.7020    3.7020    3.7020   1.000
   777.000    840.000    2.6470    2.6470    2.6470    2.6470   1.000
   801.000    840.000    3.2813    3.2813    3.2813    3.2813   1.000
   805.000    840.000    5.0735    5.0735    5.0735    5.0735   1.000
   807.000    840.000    4.8664    4.8664    4.8664    4.8664   1.000
   792.000    841.000    3.3544    3.3544    3.3544    3.3544   1.000
   814.000    841.000    4.7560    4.7560    4.7560    4.7560   1.000
   817.000    841.000    3.5383    3.5383    3.5383    3.5383   1.000
   805.000    842.000    4.3718    4.3718    4.3718    4.3718   1.000
   820.000    842.000    3.7548    3.7548    3.7548    3.7548   1.000
   788.000    843.000    4.0439    4.0439    4.0439    4.0439   1.000
   814.000    843.000    2.9032    2.9032    2.9032    2.9032   1.000
   772.000    844.000    3.3087    3.3087    3.3087    3.3087   1.000
   775.000    844.000    3.8512    3.8512    3.8512    3.8512   1.000
   816.000    844.000    3.6992    3.6992    3.6992    3.6992   1.000
   778.000    845.000    3.3075    3.3075    3.3075    3.3075   1.000
   795.000    845.000    3.6660    3.6660    3.6660    3.6660   1.000
   797.000    845.000    3.9485    3.9485    3.9485    3.9485   1.000
   811.000    845.000    3.5472    3.5472    3.5472    3.5472   1.000
   773.000    846.000    3.2326    3.2326    3.2326    3.2326   1.000
   775.000    846.000    3.3612    3.3612    3.3612    3.3612   1.000
   790.000    846.000    3.4302    3.4302    3.4302    3.4302   1.000
   808.000    846.000    4.3414    4.3414    4.3414    4.3414   1.000
   819.000    846.000    4.9875    4.9875    4.9875    4.9875   1.000
   824.000    846.000    3.4637    3.4637    3.4637    3.4637   1.000
   802.000    847.000    4.0675    4.0675    4.0675    4.0675   1.000
   796.000    848.000    3.4900    3.4900    3.4900    3.4900   1.000
   820.000    848.000    3.7819    3.7819    3.7819    3.7819   1.000
   778.000    849.000    2.5803    2.5803    2.5803    2.5803   1.000
   792.000    849.000    3.3353    3.3353    3.3353    3.3353   1.000
   799.000    849.000    5.0537    5.0537    5.0537    5.0537   1.000
   812.000    849.000    2.4388    2.4388    2.4388    2.4388   1.000
   784.000    850.000    3.6386    3.6386    3.6386    3.6386   1.000
   809.000    850.000    3.6479    3.6479    3.6479    3.6479   1.000
   824.000    850.000    2.9654    2.9654    2.9654    2.9654   1.000
   793.000    851.000    4.7292    4.7292    4.7292    4.7292   1.000
   801.000    851.000    4.3569    4.3569    4.3569    4.3569   1.000
   811.000    851.000    2.6412    2.6412    2.6412    2.6412   1.000
   813.000    851.000    3.4933    3.4933    3.4933    3.4933   1.000
   816.000    851.000    3.1958    3.1958    3.1958    3.1958   1.000
   821.000    851.000    0.2877    0.2877    0.2877    0.2877   1.000
   826.000    851.000    3.4042    3.4042    3.4042    3.4042   1.000
   782.000    852.000    3.8901    3.8901    3.8901    3.8901   1.000
   789.000    852.000    4.1180    4.1180    4.1180    4.1180   1.000
   796.000    852.000    3.6050    3.6050    3.6050    3.6050   1.000
   798.000    852.000    2.7713    2.7713    2.7713    2.7713   1.000
   804.000    852.000    2.4101    2.4101    2.4101    2.4101   1.000
   819.000    852.000    4.7057    4.7057    4.7057    4.7057   1.000
   773.000    853.000    3.9315    3.9315    3.9315    3.9315   1.000
   779.000    853.000    2.6979    2.6979    2.6979    2.6979   1.000
   791.000    853.000    4.9837    4.9837    4.9837    4.9837   1.000
   807.000    853.000    3.5172    3.5172    3.5172    3.5172   1.000
   810.000    853.000    4.4796    4.4796    4.4796    4.4796   1.000
   825.000    853.000    3.7824    3.7824    3.7824    3.7824   1.000
   784.000    854.000    3.5846    3.5846    3.5846    3.5846   1.000
   800.000    854.000    3.0443    3.0443    3.0443    3.0443   1.000
   780.000    855.000    3.9459    3.9459    3.9459    3.9459   1.000
   791.000    855.000    2.8734    2.8734    2.8734    2.8734   1.000
   795.000    855.000    3.2113    3.2113    3.2113    3.2113   1.000
   803.000    855.000    3.0837    3.0837    3.0837    3.0837   1.000
   805.000    855.000    4.3354    4.3354    4.3354    4.3354   1.000
   816.000    855.000    2.5848    2.5848    2.5848    2.5848   1.000
   822.000    855.000    3.3746    3.3746    3.3746    3.3746   1.000
   776.000    856.000    3.8650    3.8650    3.8650    3.8650   1.000
   778.000    856.000    4.9847    4.9847    4.9847    4.9847   1.000
   785.000    856.000    3.3192    3.3192    3.3192    3.3192   1.000
   789.000    856.000    2.6597    2.6597    2.6597    2.6597   1.000
   811.000    856.000    3.9962    3.9962    3.9962    3.9962   1.000
   774.000    857.000    3.9010    3.9010    3.9010    3.9010   1.000
   782.000    857.000    3.3700    3.3700    3.3700    3.3700   1.000
   803.000    857.000    3.4141    3.4141    3.4141    3.4141   1.000
   815.000    857.000    2.4608    2.4608    2.4608    2.4608   1.000
   778.000    858.000    4.0272    4.0272    4.0272    4.0272   1.000
   786.000    858.000    3.0647    3.0647    3.0647    3.0647   1.000
   792.000    858.000    3.2079    3.2079    3.2079    3.2079   1.000
   800.000    858.000    3.7132    3.7132    3.7132    3.7132   1.000
   813.000    858.000    1.3386    1.3386    1.3386    1.3386   1.000
   819.000    858.000    3.0970    3.0970    3.0970    3.0970   1.000
   821.000    858.000    3.7047    3.7047    3.7047    3.7047   1.000
   774.000    859.000    4.8812    4.8812    4.8812    4.8812   1.000
   781.000    859.000    4.1624    4.1624    4.1624    4.1624   1.000
   783.000    859.000    4.5814    4.5814    4.5814    4.5814   1.000
   806.000    859.000    3.6278    3.6278    3.6278    3.6278   1.000
   815.000    859.000    0.7585    0.7585    0.7585    0.7585   1.000
   777.000    860.000    3.7362    3.7362    3.7362    3.7362   1.000
   785.000    860.000    4.2817    4.2817    4.2817    4.2817   1.000
   790.000    860.000    3.3209    3.3209    3.3209    3.3209   1.000
   808.000    860.000    3.3657    3.3657    3.3657    3.3657   1.000
   825.000    860.000    3.2566    3.2566    3.2566    3.2566   1.000
   773.000    861.000    3.5034    3.5034    3.5034    3.5034   1.000
   775.000    861.000    3.3985    3.3985    3.3985    3.3985   1.000
   787.000    861.000    1.9413    1.9413    1.9413    1.9413   1.000
   797.000    861.000    3.2207    3.2207    3.2207    3.2207   1.000
   799.000    861.000    4.1888    4.1888    4.1888    4.1888   1.000
   818.000    861.000    3.1905    3.1905    3.1905    3.1905   1.000
   791.000    862.000    3.2060    3.2060    3.2060    3.2060   1.000
   801.000    862.000    2.9394    2.9394    2.9394    2.9394   1.000
   808.000    862.000    3.6558    3.6558    3.6558    3.6558   1.000
   799.000    863.000    3.3364    3.3364    3.3364    3.3364   1.000
   813.000    863.000    3.3708    3.3708    3.3708    3.3708   1.000
   823.000    863.000    3.9358    3.9358    3.9358    3.9358   1.000
   778.000    864.000    3.4798    3.4798    3.4798    3.4798   1.000
   784.000    864.000    3.1857    3.1857    3.1857    3.1857   1.000
   786.000    864.000    3.3444    3.3444    3.3444    3.3444   1.000
   796.000    864.000    4.5429    4.5429    4.5429    4.5429   1.000
   774.000    865.000    6.0609    6.0609    6.0609    6.0609   1.000
   776.000    865.000    4.6108    4.6108    4.6108    4.6108   1.000
   813.000    865.000    3.6891    3.6891    3.6891    3.6891   1.000
   817.000    865.000    3.6509    3.6509    3.6509    3.6509   1.000
   826.000    865.000    0.8034    0.8034    0.8034    0.8034   1.000
   779.000    866.000    3.1170    3.1170    3.1170    3.1170   1.000
   800.000    866.000    2.9565    2.9565    2.9565    2.9565   1.000
   806.000    866.000    4.0654    4.0654    4.0654    4.0654   1.000
   808.000    866.000    3.5027    3.5027    3.5027    3.5027   1.000
   781.000    867.000    3.2040    3.2040    3.2040    3.2040   1.000
   783.000    867.000    3.5587    3.5587    3.5587    3.5587   1.000
   790.000    867.000    4.3151    4.3151    4.3151    4.3151   1.000
   825.000    867.000    0.9151    0.9151    0.9151    0.9151   1.000
   779.000    868.000    3.3978    3.3978    3.3978    3.3978   1.000
   786.000    868.000    3.4916    3.4916    3.4916    3.4916   1.000
   794.000    868.000    3.5111    3.5111    3.5111    3.5111   1.000
   806.000    868.000    3.7554    3.7554    3.7554    3.7554   1.000
   813.000    868.000    3.8210    3.8210    3.8210    3.8210   1.000
   790.000    869.000    4.0368    4.0368    4.0368    4.0368   1.000
   808.000    869.000    4.3927    4.3927    4.3927    4.3927   1.000
   811.000    869.000    3.5566    3.5566    3.5566    3.5566   1.000
   774.000    870.000    4.2295    4.2295    4.2295    4.2295   1.000
   798.000    870.000    3.2577    3.2577    3.2577    3.2577   1.000
   801.000    870.000    3.2922    3.2922    3.2922    3.2922   1.000
   822.000    870.000    4.4231    4.4231    4.4231    4.4231   1.000
   825.000    870.000    1.6062    1.6062    1.6062    1.6062   1.000
   777.000    871.000    0.2136    0.2136    0.2136    0.2136   1.000
   793.000    871.000    3.7746    3.7746    3.7746    3.7746   1.000
   796.000    872.000    4.3493    4.3493    4.3493    4.3493   1.000
   809.000    872.000    3.4652    3.4652    3.4652    3.4652   1.000
   824.000    872.000    2.5887    2.5887    2.5887    2.5887   1.000
   778.000    873.000    3.4893    3.4893    3.4893    3.4893   1.000
   813.000    873.000    3.2096    3.2096    3.2096    3.2096   1.000
   820.000    873.000    3.2967    3.2967    3.2967    3.2967   1.000
   773.000    874.000    2.4856    2.4856    2.4856    2.4856   1.000
   787.000    874.000    2.3948    2.3948    2.3948    2.3948   1.000
   783.000    875.000    4.0471    4.0471    4.0471    4.0471   1.000
   789.000    875.000    1.2856    1.2856    1.2856    1.2856   1.000
   799.000    875.000    3.3140    3.3140    3.3140    3.3140   1.000
   818.000    875.000    3.9896    3.9896    3.9896    3.9896   1.000
   804.000    877.000    3.9055    3.9055    3.9055    3.9055   1.000
   806.000    877.000    3.6712    3.6712    3.6712    3.6712   1.000
   813.000    877.000    3.6010    3.6010    3.6010    3.6010   1.000
   822.000    877.000    3.0665    3.0665    3.0665    3.0665   1.000
   780.000    878.000    3.4929    3.4929    3.4929    3.4929   1.000
   786.000    878.000    3.2262    3.2262    3.2262    3.2262   1.000
   801.000    878.000    3.5444    3.5444    3.5444    3.5444   1.000
   784.000    879.000    3.4800    3.4800    3.4800    3.4800   1.000
   825.000    879.000    4.5092    4.5092    4.5092    4.5092   1.000
   777.000    880.000    3.6028    3.6028    3.6028    3.6028   1.000
   786.000    880.000    2.0466    2.0466    2.0466    2.0466   1.000
   817.000    880.000    3.3507    3.3507    3.3507    3.3507   1.000
   795.000    881.000    4.6840    4.6840    4.6840    4.6840   1.000
   798.000    881.000    2.5879    2.5879    2.5879    2.5879   1.000
   804.000    881.000    3.3993    3.3993    3.3993    3.3993   1.000
   810.000    881.000    3.3629    3.3629    3.3629    3.3629   1.000
   800.000    882.000    1.0853    1.0853    1.0853    1.0853   1.000
   818.000    882.000    3.4095    3.4095    3.4095    3.4095   1.000
   822.000    882.000    3.6442    3.6442    3.6442    3.6442   1.000
   825.000    882.000    3.7187    3.7187    3.7187    3.7187   1.000
   798.000    883.000    2.9932    2.9932    2.9932    2.9932   1.000
   806.000    883.000    4.3298    4.3298    4.3298    4.3298   1.000
   808.000    883.000    3.6286    3.6286    3.6286    3.6286   1.000
   827.000    883.000    3.5581    3.5581    3.5581    3.5581   1.000
   792.000    884.000    3.3473    3.3473    3.3473    3.3473   1.000
   818.000    884.000    3.3729    3.3729    3.3729    3.3729   1.000
   820.000    884.000    3.6162    3.6162    3.6162    3.6162   1.000
   773.000    885.000    3.7046    3.7046    3.7046    3.7046   1.000
   784.000    885.000    2.5844    2.5844    2.5844    2.5844   1.000
   815.000    885.000    2.3677    2.3677    2.3677    2.3677   1.000
   776.000    886.000    2.5782    2.5782    2.5782    2.5782   1.000
   808.000    886.000    1.4192    1.4192    1.4192    1.4192   1.000
   821.000    886.000    4.3845    4.3845    4.3845    4.3845   1.000
   783.000    887.000    1.4222    1.4222    1.4222    1.4222   1.000
   785.000    887.000    3.3446    3.3446    3.3446    3.3446   1.000
   789.000    887.000    2.9173    2.9173    2.9173    2.9173   1.000
   791.000    887.000    3.6453    3.6453    3.6453    3.6453   1.000
   815.000    887.000    3.8045    3.8045    3.8045    3.8045   1.000
   818.000    887.000    3.1548    3.1548    3.1548    3.1548   1.000
   826.000    887.000    3.9873    3.9873    3.9873    3.9873   1.000
   781.000    888.000    2.6446    2.6446    2.6446    2.6446   1.000
   787.000    888.000    3.7184    3.7184    3.7184    3.7184   1.000
   800.000    888.000    5.0151    5.0151    5.0151    5.0151   1.000
   804.000    888.000    3.1008    3.1008    3.1008    3.1008   1.000
   807.000    888.000    1.7399    1.7399    1.7399    1.7399   1.000
   777.000    889.000    3.4258    3.4258    3.4258    3.4258   1.000
   779.000    889.000    4.0433    4.0433    4.0433    4.0433   1.000
   785.000    889.000    2.9595    2.9595    2.9595    2.9595   1.000
   791.000    889.000    3.0608    3.0608    3.0608    3.0608   1.000
   796.000    890.000    3.7382    3.7382    3.7382    3.7382   1.000
   812.000    890.000    3.9032    3.9032    3.9032    3.9032   1.000
   821.000    890.000    3.3324    3.3324    3.3324    3.3324   1.000
   782.000    891.000   -1.0985   -1.0985   -1.0985   -1.0985   1.000
   787.000    891.000    1.7855    1.7855    1.7855    1.7855   1.000
   800.000    891.000    3.5482    3.5482    3.5482    3.5482   1.000
   804.000    891.000    4.0537    4.0537    4.0537    4.0537   1.000
   845.000    836.000    3.1747    3.1747    3.1747    3.1747   1.000
   863.000    836.000    2.2994    2.2994    2.2994    2.2994   1.000
   868.000    836.000    2.8320    2.8320    2.8320    2.8320   1.000
   878.000    836.000    2.3569    2.3569    2.3569    2.3569   1.000
   889.000    836.000    3.3395    3.3395    3.3395    3.3395   1.000
   853.000    837.000    2.7747    2.7747    2.7747    2.7747   1.000
   866.000    837.000    3.7106    3.7106    3.7106    3.7106   1.000
   872.000    837.000    0.5830    0.5830    0.5830    0.5830   1.000
   880.000    837.000    4.0159    4.0159    4.0159    4.0159   1.000
   891.000    837.000    2.8094    2.8094    2.8094    2.8094   1.000
   838.000    838.000    3.3015    3.3015    3.3015    3.3015   1.000
   847.000    838.000    4.9074    4.9074    4.9074    4.9074   1.000
   855.000    838.000    3.1697    3.1697    3.1697    3.1697   1.000
   863.000    838.000    2.8686    2.8686    2.8686    2.8686   1.000
   876.000    838.000    3.9470    3.9470    3.9470    3.9470   1.000
   857.000    839.000    4.5526    4.5526    4.5526    4.5526   1.000
   838.000    840.000    4.8151    4.8151    4.8151    4.8151   1.000
   854.000    840.000    3.1187    3.1187    3.1187    3.1187   1.000
   862.000    840.000    2.6787    2.6787    2.6787    2.6787   1.000
   869.000    840.000   -0.2659   -0.2659   -0.2659   -0.2659   1.000
   880.000    840.000    5.5492    5.5492    5.5492    5.5492   1.000
   887.000    840.000    3.7312    3.7312    3.7312    3.7312   1.000
   850.000    841.000    2.6911    2.6911    2.6911    2.6911   1.000
   857.000    841.000    4.3881    4.3881    4.3881    4.3881   1.000
   878.000    841.000    0.9566    0.9566    0.9566    0.9566   1.000
   865.000    842.000    3.8486    3.8486    3.8486    3.8486   1.000
   875.000    842.000    3.6451    3.6451    3.6451    3.6451   1.000
   861.000    843.000    2.7016    2.7016    2.7016    2.7016   1.000
   868.000    843.000    0.7901    0.7901    0.7901    0.7901   1.000
   883.000    843.000    4.0184    4.0184    4.0184    4.0184   1.000
   836.000    844.000    2.6623    2.6623    2.6623    2.6623   1.000
   851.000    844.000    4.3516    4.3516    4.3516    4.3516   1.000
   865.000    844.000    3.7092    3.7092    3.7092    3.7092   1.000
   872.000    844.000    3.0929    3.0929    3.0929    3.0929   1.000
   847.000    845.000    4.1085    4.1085    4.1085    4.1085   1.000
   867.000    845.000    6.8701    6.8701    6.8701    6.8701   1.000
   887.000    845.000    3.6370    3.6370    3.6370    3.6370   1.000
   837.000    846.000    3.0034    3.0034    3.0034    3.0034   1.000
   842.000    846.000    3.8970    3.8970    3.8970    3.8970   1.000
   844.000    846.000    3.6412    3.6412    3.6412    3.6412   1.000
   869.000    846.000    2.7201    2.7201    2.7201    2.7201   1.000
   890.000    846.000    3.7817    3.7817    3.7817    3.7817   1.000
   840.000    847.000    3.4674    3.4674    3.4674    3.4674   1.000
   847.000    847.000    4.1766    4.1766    4.1766    4.1766   1.000
   867.000    847.000    7.6696    7.6696    7.6696    7.6696   1.000
   878.000    847.000    3.0270    3.0270    3.0270    3.0270   1.000
   884.000    847.000    5.1064    5.1064    5.1064    5.1064   1.000
   837.000    848.000    3.3382    3.3382    3.3382    3.3382   1.000
   890.000    848.000    4.6374    4.6374    4.6374    4.6374   1.000
   850.000    849.000    4.3759    4.3759    4.3759    4.3759   1.000
   853.000    849.000    3.5741    3.5741    3.5741    3.5741   1.000
   881.000    849.000    2.7113    2.7113    2.7113    2.7113   1.000
   838.000    850.000    3.9621    3.9621    3.9621    3.9621   1.000
   842.000    850.000    4.6551    4.6551    4.6551    4.6551   1.000
   844.000    850.000    3.8444    3.8444    3.8444    3.8444   1.000
   861.000    850.000    3.1873    3.1873    3.1873    3.1873   1.000
   868.000    851.000    4.1751    4.1751    4.1751    4.1751   1.000
   874.000    851.000    4.0432    4.0432    4.0432    4.0432   1.000
   878.000    851.000    3.7427    3.7427    3.7427    3.7427   1.000
   880.000    851.000    2.9784    2.9784    2.9784    2.9784   1.000
   890.000    851.000    3.7657    3.7657    3.7657    3.7657   1.000
   870.000    852.000    4.6235    4.6235    4.6235    4.6235   1.000
   882.000    852.000    4.2489    4.2489    4.2489    4.2489   1.000
   884.000    852.000    2.6540    2.6540    2.6540    2.6540   1.000
   839.000    853.000    4.6016    4.6016    4.6016    4.6016   1.000
   843.000    853.000    3.2275    3.2275    3.2275    3.2275   1.000
   854.000    853.000    1.3004    1.3004    1.3004    1.3004   1.000
   864.000    853.000    3.6042    3.6042    3.6042    3.6042   1.000
   845.000    854.000    3.2769    3.2769    3.2769    3.2769   1.000
   866.000    854.000    3.3553    3.3553    3.3553    3.3553   1.000
   874.000    854.000    2.5149    2.5149    2.5149    2.5149   1.000
   880.000    854.000    2.5880    2.5880    2.5880    2.5880   1.000
   884.000    854.000    4.0335    4.0335    4.0335    4.0335   1.000
   851.000    855.000    4.0469    4.0469    4.0469    4.0469   1.000
   856.000    855.000    4.8662    4.8662    4.8662    4.8662   1.000
   858.000    855.000    3.4059    3.4059    3.4059    3.4059   1.000
   838.000    856.000    2.1912    2.1912    2.1912    2.1912   1.000
   847.000    856.000    3.6530    3.6530    3.6530    3.6530   1.000
   870.000    856.000    1.8768    1.8768    1.8768    1.8768   1.000
   888.000    856.000    3.8092    3.8092    3.8092    3.8092   1.000
   845.000    857.000    3.4855    3.4855    3.4855    3.4855   1.000
   862.000    857.000    3.1462    3.1462    3.1462    3.1462   1.000
   838.000    858.000    2.2170    2.2170    2.2170    2.2170   1.000
   855.000    858.000    4.1718    4.1718    4.1718    4.1718   1.000
   865.000    858.000    0.3904    0.3904    0.3904    0.3904   1.000
   867.000    858.000    0.3887    0.3887    0.3887    0.3887   1.000
   872.000    858.000    2.8038    2.8038    2.8038    2.8038   1.000
   876.000    858.000    4.2256    4.2256    4.2256    4.2256   1.000
   881.000    858.000    5.1449    5.1449    5.1449    5.1449   1.000
   852.000    859.000    3.1412    3.1412    3.1412    3.1412   1.000
   883.000    859.000    5.8621    5.8621    5.8621    5.8621   1.000
   842.000    860.000    4.3508    4.3508    4.3508    4.3508   1.000
   850.000    860.000    3.4146    3.4146    3.4146    3.4146   1.000
   857.000    860.000    5.0913    5.0913    5.0913    5.0913   1.000
   861.000    860.000    3.3911    3.3911    3.3911    3.3911   1.000
   872.000    860.000    2.6356    2.6356    2.6356    2.6356   1.000
   889.000    860.000    4.1909    4.1909    4.1909    4.1909   1.000
   838.000    861.000    3.4222    3.4222    3.4222    3.4222   1.000
   840.000    861.000    4.8005    4.8005    4.8005    4.8005   1.000
   847.000    861.000    4.3698    4.3698    4.3698    4.3698   1.000
   865.000    861.000    3.0761    3.0761    3.0761    3.0761   1.000
   883.000    861.000    3.6201    3.6201    3.6201    3.6201   1.000
   885.000    861.000    3.4297    3.4297    3.4297    3.4297   1.000
   868.000    862.000    2.2925    2.2925    2.2925    2.2925   1.000
   872.000    862.000    4.2944    4.2944    4.2944    4.2944   1.000
   878.000    862.000    3.8666    3.8666    3.8666    3.8666   1.000
   880.000    862.000    2.5003    2.5003    2.5003    2.5003   1.000
   849.000    863.000    4.2246    4.2246    4.2246    4.2246   1.000
   854.000    863.000    2.5516    2.5516    2.5516    2.5516   1.000
   860.000    863.000    3.5262    3.5262    3.5262    3.5262   1.000
   865.000    863.000    4.6870    4.6870    4.6870    4.6870   1.000
   874.000    863.000    3.1894    3.1894    3.1894    3.1894   1.000
   882.000    863.000    2.2837    2.2837    2.2837    2.2837   1.000
   870.000    864.000    3.7181    3.7181    3.7181    3.7181   1.000
   845.000    865.000    3.1034    3.1034    3.1034    3.1034   1.000
   856.000    865.000    4.7536    4.7536    4.7536    4.7536   1.000
   865.000    865.000    5.0101    5.0101    5.0101    5.0101   1.000
   886.000    865.000    4.0279    4.0279    4.0279    4.0279   1.000
   843.000    866.000    3.9782    3.9782    3.9782    3.9782   1.000
   847.000    866.000    2.9037    2.9037    2.9037    2.9037   1.000
   869.000    866.000    3.4976    3.4976    3.4976    3.4976   1.000
   871.000    866.000    3.9165    3.9165    3.9165    3.9165   1.000
   875.000    866.000    3.6416    3.6416    3.6416    3.6416   1.000
   838.000    867.000    3.9031    3.9031    3.9031    3.9031   1.000
   855.000    867.000    3.2941    3.2941    3.2941    3.2941   1.000
   852.000    868.000    3.8227    3.8227    3.8227    3.8227   1.000
   860.000    868.000    3.9435    3.9435    3.9435    3.9435   1.000
   864.000    868.000    4.6913    4.6913    4.6913    4.6913   1.000
   883.000    868.000    4.0177    4.0177    4.0177    4.0177   1.000
   842.000    869.000    2.5843    2.5843    2.5843    2.5843   1.000
   847.000    869.000    3.4593    3.4593    3.4593    3.4593   1.000
   837.000    870.000    3.0177    3.0177    3.0177    3.0177   1.000
   845.000    870.000    2.4773    2.4773    2.4773    2.4773   1.000
   862.000    870.000    4.1246    4.1246    4.1246    4.1246   1.000
   883.000    870.000    3.7176    3.7176    3.7176    3.7176   1.000
   888.000    870.000    3.1623    3.1623    3.1623    3.1623   1.000
   852.000    871.000    3.4955    3.4955    3.4955    3.4955   1.000
   870.000    871.000    3.9959    3.9959    3.9959    3.9959   1.000
   854.000    872.000    4.2229    4.2229    4.2229    4.2229   1.000
   891.000    872.000    2.7002    2.7002    2.7002    2.7002   1.000
   844.000    873.000    3.3819    3.3819    3.3819    3.3819   1.000
   849.000    873.000    3.2189    3.2189    3.2189    3.2189   1.000
   859.000    873.000    4.1468    4.1468    4.1468    4.1468   1.000
   879.000    873.000    3.1448    3.1448    3.1448    3.1448   1.000
   881.000    873.000    2.5328    2.5328    2.5328    2.5328   1.000
   846.000    874.000    3.4535    3.4535    3.4535    3.4535   1.000
   864.000    874.000    2.1445    2.1445    2.1445    2.1445   1.000
   861.000    875.000    3.3309    3.3309    3.3309    3.3309   1.000
   869.000    875.000    2.7903    2.7903    2.7903    2.7903   1.000
   845.000    876.000    2.8197    2.8197    2.8197    2.8197   1.000
   850.000    876.000    3.9370    3.9370    3.9370    3.9370   1.000
   853.000    876.000    3.7901    3.7901    3.7901    3.7901   1.000
   865.000    876.000    2.4390    2.4390    2.4390    2.4390   1.000
   873.000    876.000    4.3199    4.3199    4.3199    4.3199   1.000
   881.000    876.000    2.9611    2.9611    2.9611    2.9611   1.000
   889.000    876.000    3.4780    3.4780    3.4780    3.4780   1.000
   861.000    877.000    4.0412    4.0412    4.0412    4.0412   1.000
   867.000    877.000    2.6816    2.6816    2.6816    2.6816   1.000
   848.000    878.000    4.0939    4.0939    4.0939    4.0939   1.000
   857.000    878.000    4.0201    4.0201    4.0201    4.0201   1.000
   865.000    878.000    4.0962    4.0962    4.0962    4.0962   1.000
   873.000    878.000    1.5894    1.5894    1.5894    1.5894   1.000
   885.000    878.000    3.7694    3.7694    3.7694    3.7694   1.000
   838.000    879.000    3.3770    3.3770    3.3770    3.3770   1.000
   850.000    879.000    2.5215    2.5215    2.5215    2.5215   1.000
   845.000    880.000    2.8460    2.8460    2.8460    2.8460   1.000
   852.000    880.000    2.9018    2.9018    2.9018    2.9018   1.000
   862.000    880.000    4.1898    4.1898    4.1898    4.1898   1.000
   866.000    880.000    1.3600    1.3600    1.3600    1.3600   1.000
   872.000    880.000    3.5920    3.5920    3.5920    3.5920   1.000
   876.000    880.000    4.4383    4.4383    4.4383    4.4383   1.000
   890.000    880.000    3.7040    3.7040    3.7040    3.7040   1.000
   837.000    881.000    4.7979    4.7979    4.7979    4.7979   1.000
   841.000    881.000    3.5072    3.5072    3.5072    3.5072   1.000
   850.000    881.000    2.0359    2.0359    2.0359    2.0359   1.000
   883.000    881.000    2.3621    2.3621    2.3621    2.3621   1.000
   844.000    882.000    1.4765    1.4765    1.4765    1.4765   1.000
   848.000    882.000    4.1984    4.1984    4.1984    4.1984   1.000
   853.000    882.000    2.3426    2.3426    2.3426    2.3426   1.000
   869.000    882.000    2.9510    2.9510    2.9510    2.9510   1.000
   887.000    882.000    3.6052    3.6052    3.6052    3.6052   1.000
   855.000    883.000    3.5175    3.5175    3.5175    3.5175   1.000
   859.000    883.000    3.4819    3.4819    3.4819    3.4819   1.000
   873.000    884.000    3.4034    3.4034    3.4034    3.4034   1.000
   883.000    884.000    3.2673    3.2673    3.2673    3.2673   1.000
   842.000    885.000    2.7765    2.7765    2.7765    2.7765   1.000
   850.000    885.000    4.2319    4.2319    4.2319    4.2319   1.000
   858.000    885.000    3.5279    3.5279    3.5279    3.5279   1.000
   866.000    885.000    2.9411    2.9411    2.9411    2.9411   1.000
   869.000    885.000    1.9296    1.9296    1.9296    1.9296   1.000
   853.000    886.000    3.8703    3.8703    3.8703    3.8703   1.000
   871.000    886.000    2.1719    2.1719    2.1719    2.1719   1.000
   876.000    886.000    3.6376    3.6376    3.6376    3.6376   1.000
   847.000    887.000    3.2233    3.2233    3.2233    3.2233   1.000
   867.000    887.000    4.2191    4.2191    4.2191    4.2191   1.000
   885.000    887.000   -0.0026   -0.0026   -0.0026   -0.0026   1.000
   889.000    887.000    3.2918    3.2918    3.2918    3.2918   1.000
   845.000    888.000    3.7107    3.7107    3.7107    3.7107   1.000
   859.000    888.000    0.8444    0.8444    0.8444    0.8444   1.000
   870.000    888.000    2.2597    2.2597    2.2597    2.2597   1.000
   876.000    888.000    4.2776    4.2776    4.2776    4.2776   1.000
   847.000    889.000    4.1726    4.1726    4.1726    4.1726   1.000
   849.000    889.000    2.4634    2.4634    2.4634    2.4634   1.000
   864.000    889.000    3.2834    3.2834    3.2834    3.2834   1.000
   867.000    889.000    4.1725    4.1725    4.1725    4.1725   1.000
   837.000    890.000    3.5209    3.5209    3.5209    3.5209   1.000
   841.000    890.000    3.7100    3.7100    3.7100    3.7100   1.000
   844.000    890.000    3.9655    3.9655    3.9655    3.9655   1.000
   855.000    890.000    4.2313    4.2313    4.2313    4.2313   1.000
   860.000    890.000    1.2575    1.2575    1.2575    1.2575   1.000
   888.000    890.000    4.1236    4.1236    4.1236    4.1236   1.000
   847.000    891.000    4.0844    4.0844    4.0844    4.0844   1.000
   852.000    891.000    3.5926    3.5926    3.5926    3.5926   1.000
   858.000    891.000    1.8266    1.8266    1.8266    1.8266   1.000
   862.000    891.000    3.9725    3.9725    3.9725    3.9725   1.000
   877.000    891.000    2.9535    2.9535    2.9535    2.9535   1.000
   879.000    891.000    4.3946    4.3946    4.3946    4.3946   1.000
   884.000    891.000    2.0357    2.0357    2.0357    2.0357   1.000
   900.000    836.000    3.1932    3.1932    3.1932    3.1932   1.000
   902.000    836.000    3.3923    3.3923    3.3923    3.3923   1.000
   937.000    836.000    4.0807    4.0807    4.0807    4.0807   1.000
   941.000    836.000    3.7639    3.7639    3.7639    3.7639   1.000
   914.000    837.000    2.2511    2.2511    2.2511    2.2511   1.000
   924.000    837.000    5.7087    5.7087    5.7087    5.7087   1.000
   932.000    837.000    3.5652    3.5652    3.5652    3.5652   1.000
   911.000    838.000    2.6344    2.6344    2.6344    2.6344   1.000
   929.000    838.000    0.8243    0.8243    0.8243    0.8243   1.000
   937.000    838.000    3.9658    3.9658    3.9658    3.9658   1.000
   901.000    839.000    3.1762    3.1762    3.1762    3.1762   1.000
   950.000    839.000    3.4313    3.4313    3.4313    3.4313   1.000
   953.000    839.000    2.3553    2.3553    2.3553    2.3553   1.000
   918.000    840.000    3.6345    3.6345    3.6345    3.6345   1.000
   955.000    840.000    0.8509    0.8509    0.8509    0.8509   1.000
   915.000    841.000    3.7000    3.7000    3.7000    3.7000   1.000
   937.000    841.000    3.9506    3.9506    3.9506    3.9506   1.000
   940.000    841.000    3.2810    3.2810    3.2810    3.2810   1.000
   902.000    842.000    3.1947    3.1947    3.1947    3.1947   1.000
   904.000    842.000    4.8940    4.8940    4.8940    4.8940   1.000
   924.000    842.000    4.5846    4.5846    4.5846    4.5846   1.000
   947.000    842.000    4.0678    4.0678    4.0678    4.0678   1.000
   949.000    842.000    3.0339    3.0339    3.0339    3.0339   1.000
   951.000    842.000    2.4296    2.4296    2.4296    2.4296   1.000
   954.000    842.000    2.0907    2.0907    2.0907    2.0907   1.000
   908.000    843.000    2.5436    2.5436    2.5436    2.5436   1.000
   912.000    843.000    3.6423    3.6423    3.6423    3.6423   1.000
   914.000    843.000    3.9380    3.9380    3.9380    3.9380   1.000
   917.000    843.000    3.0985    3.0985    3.0985    3.0985   1.000
   928.000    843.000    3.3734    3.3734    3.3734    3.3734   1.000
   904.000    844.000    3.7115    3.7115    3.7115    3.7115   1.000
   925.000    844.000    3.1924    3.1924    3.1924    3.1924   1.000
   947.000    844.000    3.6932    3.6932    3.6932    3.6932   1.000
   909.000    845.000    3.3078    3.3078    3.3078    3.3078   1.000
   915.000    845.000    3.3476    3.3476    3.3476    3.3476   1.000
   922.000    845.000    2.3796    2.3796    2.3796    2.3796   1.000
   927.000    845.000    2.4481    2.4481    2.4481    2.4481   1.000
   932.000    845.000    3.4616    3.4616    3.4616    3.4616   1.000
   907.000    846.000    3.0040    3.0040    3.0040    3.0040   1.000
   917.000    846.000    3.7660    3.7660    3.7660    3.7660   1.000
   925.000    846.000    4.5561    4.5561    4.5561    4.5561   1.000
   934.000    846.000    3.6823    3.6823    3.6823    3.6823   1.000
   938.000    846.000    3.7507    3.7507    3.7507    3.7507   1.000
   944.000    846.000    2.4446    2.4446    2.4446    2.4446   1.000
   902.000    847.000    3.1926    3.1926    3.1926    3.1926   1.000
   909.000    847.000    1.1414    1.1414    1.1414    1.1414   1.000
   928.000    847.000    2.5484    2.5484    2.5484    2.5484   1.000
   936.000    847.000    3.0631    3.0631    3.0631    3.0631   1.000
   914.000    848.000    1.5180    1.5180    1.5180    1.5180   1.000
   920.000    848.000    1.6064    1.6064    1.6064    1.6064   1.000
   924.000    848.000    3.2396    3.2396    3.2396    3.2396   1.000
   926.000    848.000    2.1349    2.1349    2.1349    2.1349   1.000
   931.000    849.000    3.0971    3.0971    3.0971    3.0971   1.000
   951.000    849.000    3.2159    3.2159    3.2159    3.2159   1.000
   912.000    850.000    3.5186    3.5186    3.5186    3.5186   1.000
   919.000    850.000    3.6107    3.6107    3.6107    3.6107   1.000
   936.000    850.000    4.3234    4.3234    4.3234    4.3234   1.000
   900.000    851.000    1.5697    1.5697    1.5697    1.5697   1.000
   907.000    851.000    3.4476    3.4476    3.4476    3.4476   1.000
   917.000    851.000    3.7889    3.7889    3.7889    3.7889   1.000
   927.000    851.000    3.0688    3.0688    3.0688    3.0688   1.000
   929.000    851.000    3.1022    3.1022    3.1022    3.1022   1.000
   941.000    851.000    3.6896    3.6896    3.6896    3.6896   1.000
   905.000    852.000    3.5927    3.5927    3.5927    3.5927   1.000
   914.000    852.000    3.9492    3.9492    3.9492    3.9492   1.000
   946.000    852.000    4.1476    4.1476    4.1476    4.1476   1.000
   917.000    853.000    2.7802    2.7802    2.7802    2.7802   1.000
   933.000    853.000    3.5971    3.5971    3.5971    3.5971   1.000
   954.000    853.000    3.5985    3.5985    3.5985    3.5985   1.000
   924.000    854.000    1.5775    1.5775    1.5775    1.5775   1.000
   940.000    854.000    2.6945    2.6945    2.6945    2.6945   1.000
   952.000    854.000    3.9932    3.9932    3.9932    3.9932   1.000
   902.000    855.000    3.3591    3.3591    3.3591    3.3591   1.000
   929.000    855.000    3.4629    3.4629    3.4629    3.4629   1.000
   913.000    856.000    2.6391    2.6391    2.6391    2.6391   1.000
   925.000    856.000    2.5172    2.5172    2.5172    2.5172   1.000
   933.000    856.000    4.0926    4.0926    4.0926    4.0926   1.000
   940.000    856.000    1.3580    1.3580    1.3580    1.3580   1.000
   946.000    856.000    3.6167    3.6167    3.6167    3.6167   1.000
   950.000    856.000    4.0588    4.0588    4.0588    4.0588   1.000
   955.000    856.000    3.6573    3.6573    3.6573    3.6573   1.000
   922.000    857.000    3.7622    3.7622    3.7622    3.7622   1.000
   938.000    857.000    2.2280    2.2280    2.2280    2.2280   1.000
   901.000    859.000    2.5245    2.5245    2.5245    2.5245   1.000
   926.000    859.000    3.8012    3.8012    3.8012    3.8012   1.000
   945.000    859.000    3.3636    3.3636    3.3636    3.3636   1.000
   930.000    860.000    3.7089    3.7089    3.7089    3.7089   1.000
   955.000    860.000    3.5025    3.5025    3.5025    3.5025   1.000
   921.000    861.000    3.8506    3.8506    3.8506    3.8506   1.000
   902.000    862.000    2.4669    2.4669    2.4669    2.4669   1.000
   904.000    862.000    3.7299    3.7299    3.7299    3.7299   1.000
   919.000    862.000    4.0210    4.0210    4.0210    4.0210   1.000
   932.000    862.000    3.9411    3.9411    3.9411    3.9411   1.000
   945.000    862.000    2.6081    2.6081    2.6081    2.6081   1.000
   927.000    863.000    3.5953    3.5953    3.5953    3.5953   1.000
   909.000    864.000    2.1512    2.1512    2.1512    2.1512   1.000
   934.000    864.000    4.0791    4.0791    4.0791    4.0791   1.000
   942.000    864.000    3.7329    3.7329    3.7329    3.7329   1.000
   951.000    864.000    4.8629    4.8629    4.8629    4.8629   1.000
   954.000    864.000    4.5562    4.5562    4.5562    4.5562   1.000
   915.000    865.000    3.4863    3.4863    3.4863    3.4863   1.000
   924.000    865.000    3.4081    3.4081    3.4081    3.4081   1.000
   917.000    866.000    2.2191    2.2191    2.2191    2.2191   1.000
   922.000    866.000    3.8201    3.8201    3.8201    3.8201   1.000
   954.000    866.000    3.9279    3.9279    3.9279    3.9279   1.000
   908.000    867.000    2.8853    2.8853    2.8853    2.8853   1.000
   927.000    867.000    3.8514    3.8514    3.8514    3.8514   1.000
   942.000    867.000    4.0061    4.0061    4.0061    4.0061   1.000
   929.000    868.000    2.3247    2.3247    2.3247    2.3247   1.000
   955.000    868.000    3.2550    3.2550    3.2550    3.2550   1.000
   920.000    869.000    3.5689    3.5689    3.5689    3.5689   1.000
   946.000    869.000    3.9787    3.9787    3.9787    3.9787   1.000
   916.000    870.000    3.4988    3.4988    3.4988    3.4988   1.000
   923.000    870.000    3.6317    3.6317    3.6317    3.6317   1.000
   928.000    870.000    0.9384    0.9384    0.9384    0.9384   1.000
   953.000    870.000    2.2349    2.2349    2.2349    2.2349   1.000
   936.000    871.000    2.4420    2.4420    2.4420    2.4420   1.000
   902.000    872.000    4.2715    4.2715    4.2715    4.2715   1.000
   912.000    872.000    4.3356    4.3356    4.3356    4.3356   1.000
   917.000    872.000    2.2067    2.2067    2.2067    2.2067   1.000
   924.000    872.000    4.7979    4.7979    4.7979    4.7979   1.000
   942.000    872.000    3.6692    3.6692    3.6692    3.6692   1.000
   914.000    873.000    3.4634    3.4634    3.4634    3.4634   1.000
   919.000    873.000    3.8809    3.8809    3.8809    3.8809   1.000
   926.000    873.000    4.3592    4.3592    4.3592    4.3592   1.000
   930.000    873.000    3.5924    3.5924    3.5924    3.5924   1.000
   952.000    874.000    2.6098    2.6098    2.6098    2.6098   1.000
   901.000    875.000    2.9099    2.9099    2.9099    2.9099   1.000
   930.000    875.000    2.6466    2.6466    2.6466    2.6466   1.000
   932.000    875.000    3.3304    3.3304    3.3304    3.3304   1.000
   906.000    876.000    3.5115    3.5115    3.5115    3.5115   1.000
   940.000    876.000    4.0357    4.0357    4.0357    4.0357   1.000
   902.000    877.000    3.6214    3.6214    3.6214    3.6214   1.000
   904.000    877.000    3.9460    3.9460    3.9460    3.9460   1.000
   916.000    877.000    4.1763    4.1763    4.1763    4.1763   1.000
   918.000    877.000    3.9312    3.9312    3.9312    3.9312   1.000
   932.000    877.000    4.0790    4.0790    4.0790    4.0790   1.000
   944.000    877.000    3.9177    3.9177    3.9177    3.9177   1.000
   949.000    877.000    3.2976    3.2976    3.2976    3.2976   1.000
   951.000    877.000    4.2398    4.2398    4.2398    4.2398   1.000
   955.000    877.000    4.2302    4.2302    4.2302    4.2302   1.000
   922.000    878.000    3.0071    3.0071    3.0071    3.0071   1.000
   929.000    878.000    0.9033    0.9033    0.9033    0.9033   1.000
   927.000    879.000    2.6161    2.6161    2.6161    2.6161   1.000
   931.000    879.000    4.6333    4.6333    4.6333    4.6333   1.000
   941.000    879.000    2.2832    2.2832    2.2832    2.2832   1.000
   947.000    879.000    3.2700    3.2700    3.2700    3.2700   1.000
   912.000    880.000    3.0416    3.0416    3.0416    3.0416   1.000
   923.000    880.000    4.6958    4.6958    4.6958    4.6958   1.000
   939.000    880.000    3.3329    3.3329    3.3329    3.3329   1.000
   901.000    881.000    2.9894    2.9894    2.9894    2.9894   1.000
   911.000    882.000    4.1329    4.1329    4.1329    4.1329   1.000
   928.000    882.000    3.1001    3.1001    3.1001    3.1001   1.000
   932.000    882.000    2.5535    2.5535    2.5535    2.5535   1.000
   946.000    882.000    3.0246    3.0246    3.0246    3.0246   1.000
   951.000    882.000    2.0816    2.0816    2.0816    2.0816   1.000
   916.000    883.000    4.9864    4.9864    4.9864    4.9864   1.000
   902.000    884.000    3.3510    3.3510    3.3510    3.3510   1.000
   911.000    884.000    3.5327    3.5327    3.5327    3.5327   1.000
   948.000    884.000    3.4813    3.4813    3.4813    3.4813   1.000
   905.000    885.000    2.7289    2.7289    2.7289    2.7289   1.000
   920.000    885.000    4.1425    4.1425    4.1425    4.1425   1.000
   930.000    885.000    3.0059    3.0059    3.0059    3.0059   1.000
   955.000    885.000    2.4356    2.4356    2.4356    2.4356   1.000
   932.000    886.000    2.4771    2.4771    2.4771    2.4771   1.000
   951.000    886.000    1.5326    1.5326    1.5326    1.5326   1.000
   922.000    887.000    3.4756    3.4756    3.4756    3.4756   1.000
   930.000    887.000    3.0673    3.0673    3.0673    3.0673   1.000
   937.000    887.000    2.7904    2.7904    2.7904    2.7904   1.000
   955.000    887.000    4.1575    4.1575    4.1575    4.1575   1.000
   903.000    888.000    1.0320    1.0320    1.0320    1.0320   1.000
   918.000    888.000    3.3815    3.3815    3.3815    3.3815   1.000
   920.000    888.000    3.8789    3.8789    3.8789    3.8789   1.000
   925.000    888.000    1.7278    1.7278    1.7278    1.7278   1.000
   932.000    888.000    3.4444    3.4444    3.4444    3.4444   1.000
   940.000    888.000    3.4963    3.4963    3.4963    3.4963   1.000
   950.000    888.000    1.3232    1.3232    1.3232    1.3232   1.000
   911.000    889.000    2.8465    2.8465    2.8465    2.8465   1.000
   922.000    889.000    2.8712    2.8712    2.8712    2.8712   1.000
   929.000    889.000    2.8970    2.8970    2.8970    2.8970   1.000
   917.000    890.000    3.6540    3.6540    3.6540    3.6540   1.000
   931.000    890.000    4.3331    4.3331    4.3331    4.3331   1.000
   902.000    891.000    2.8243    2.8243    2.8243    2.8243   1.000
   923.000    891.000    3.1147    3.1147    3.1147    3.1147   1.000
   925.000    891.000    3.3793    3.3793    3.3793    3.3793   1.000
   946.000    891.000    3.6081    3.6081    3.6081    3.6081   1.000
   967.000    836.000    1.7509    1.7509    1.7509    1.7509   1.000
   984.000    836.000    3.4150    3.4150    3.4150    3.4150   1.000
   999.000    836.000    7.3008    7.3008    7.3008    7.3008   1.000
  1011.000    836.000    3.3771    3.3771    3.3771    3.3771   1.000
   969.000    837.000    2.0951    2.0951    2.0951    2.0951   1.000
   965.000    838.000    3.0795    3.0795    3.0795    3.0795   1.000
   971.000    838.000    2.6696    2.6696    2.6696    2.6696   1.000
   976.000    838.000    2.3097    2.3097    2.3097    2.3097   1.000
   978.000    838.000    3.6251    3.6251    3.6251    3.6251   1.000
   995.000    838.000    3.6670    3.6670    3.6670    3.6670   1.000
  1003.000    838.000    4.1623    4.1623    4.1623    4.1623   1.000
  1005.000    838.000    1.9433    1.9433    1.9433    1.9433   1.000
  1009.000    838.000    2.0738    2.0738    2.0738    2.0738   1.000
  1016.000    838.000    3.8433    3.8433    3.8433    3.8433   1.000
   980.000    839.000    3.1262    3.1262    3.1262    3.1262   1.000
   972.000    840.000    1.9402    1.9402    1.9402    1.9402   1.000
   975.000    840.000    3.6697    3.6697    3.6697    3.6697   1.000
  1006.000    840.000    2.8419    2.8419    2.8419    2.8419   1.000
  1010.000    840.000    3.6542    3.6542    3.6542    3.6542   1.000
   966.000    841.000    4.1316    4.1316    4.1316    4.1316   1.000
   978.000    841.000    4.2716    4.2716    4.2716    4.2716   1.000
   997.000    841.000    3.5307    3.5307    3.5307    3.5307   1.000
  1008.000    841.000    1.7168    1.7168    1.7168    1.7168   1.000
  1005.000    842.000    3.0558    3.0558    3.0558    3.0558   1.000
  1019.000    842.000    3.8175    3.8175    3.8175    3.8175   1.000
   982.000    843.000    4.3850    4.3850    4.3850    4.3850   1.000
   987.000    843.000    3.9872    3.9872    3.9872    3.9872   1.000
   997.000    843.000    5.3576    5.3576    5.3576    5.3576   1.000
  1015.000    843.000    3.9590    3.9590    3.9590    3.9590   1.000
   992.000    844.000    3.5877    3.5877    3.5877    3.5877   1.000
   994.000    844.000    3.8236    3.8236    3.8236    3.8236   1.000
  1006.000    844.000    4.0967    4.0967    4.0967    4.0967   1.000
  1019.000    844.000    3.3561    3.3561    3.3561    3.3561   1.000
   973.000    845.000    3.7631    3.7631    3.7631    3.7631   1.000
   977.000    845.000    3.1065    3.1065    3.1065    3.1065   1.000
   987.000    845.000    2.0662    2.0662    2.0662    2.0662   1.000
  1009.000    845.000   -0.0906   -0.0906   -0.0906   -0.0906   1.000
  1013.000    845.000    2.7053    2.7053    2.7053    2.7053   1.000
   990.000    846.000    3.1950    3.1950    3.1950    3.1950   1.000
  1017.000    846.000    2.5436    2.5436    2.5436    2.5436   1.000
   983.000    847.000    2.7771    2.7771    2.7771    2.7771   1.000
  1004.000    847.000    2.9771    2.9771    2.9771    2.9771   1.000
   970.000    848.000    4.0071    4.0071    4.0071    4.0071   1.000
   989.000    848.000    3.4686    3.4686    3.4686    3.4686   1.000
  1006.000    848.000    3.9240    3.9240    3.9240    3.9240   1.000
  1010.000    848.000    3.3778    3.3778    3.3778    3.3778   1.000
  1012.000    848.000    2.9274    2.9274    2.9274    2.9274   1.000
  1014.000    848.000    4.2936    4.2936    4.2936    4.2936   1.000
   975.000    849.000    4.1383    4.1383    4.1383    4.1383   1.000
   979.000    849.000    4.6692    4.6692    4.6692    4.6692   1.000
   998.000    849.000    4.0455    4.0455    4.0455    4.0455   1.000
   968.000    850.000    4.5316    4.5316    4.5316    4.5316   1.000
   964.000    851.000    2.6113    2.6113    2.6113    2.6113   1.000
   982.000    851.000    2.8060    2.8060    2.8060    2.8060   1.000
   985.000    851.000    1.5608    1.5608    1.5608    1.5608   1.000
   988.000    851.000    1.7856    1.7856    1.7856    1.7856   1.000
  1007.000    851.000    3.7550    3.7550    3.7550    3.7550   1.000
  1018.000    851.000    3.9144    3.9144    3.9144    3.9144   1.000
   995.000    852.000    3.4742    3.4742    3.4742    3.4742   1.000
  1015.000    852.000    4.6318    4.6318    4.6318    4.6318   1.000
   978.000    853.000    3.3394    3.3394    3.3394    3.3394   1.000
   990.000    853.000    3.4854    3.4854    3.4854    3.4854   1.000
  1004.000    853.000    3.5684    3.5684    3.5684    3.5684   1.000
  1019.000    853.000    4.3765    4.3765    4.3765    4.3765   1.000
   965.000    854.000    3.4242    3.4242    3.4242    3.4242   1.000
   997.000    854.000    4.4907    4.4907    4.4907    4.4907   1.000
  1009.000    854.000    4.1609    4.1609    4.1609    4.1609   1.000
   976.000    855.000    3.8113    3.8113    3.8113    3.8113   1.000
   979.000    855.000    2.9960    2.9960    2.9960    2.9960   1.000
   986.000    855.000    2.5274    2.5274    2.5274    2.5274   1.000
   994.000    855.000    3.2975    3.2975    3.2975    3.2975   1.000
  1016.000    855.000    2.4841    2.4841    2.4841    2.4841   1.000
   983.000    856.000    3.6298    3.6298    3.6298    3.6298   1.000
  1003.000    856.000    4.1135    4.1135    4.1135    4.1135   1.000
  1007.000    856.000    3.8656    3.8656    3.8656    3.8656   1.000
   974.000    857.000    1.7315    1.7315    1.7315    1.7315   1.000
   979.000    857.000    3.6912    3.6912    3.6912    3.6912   1.000
   969.000    858.000    3.3614    3.3614    3.3614    3.3614   1.000
   999.000    858.000    2.6552    2.6552    2.6552    2.6552   1.000
   975.000    859.000    0.1767    0.1767    0.1767    0.1767   1.000
   979.000    859.000    3.4814    3.4814    3.4814    3.4814   1.000
   990.000    859.000    3.4507    3.4507    3.4507    3.4507   1.000
   972.000    860.000    2.7961    2.7961    2.7961    2.7961   1.000
   996.000    860.000    0.7204    0.7204    0.7204    0.7204   1.000
  1001.000    860.000    3.6588    3.6588    3.6588    3.6588   1.000
  1006.000    860.000    3.1888    3.1888    3.1888    3.1888   1.000
   980.000    861.000    3.6901    3.6901    3.6901    3.6901   1.000
   994.000    861.000    2.1720    2.1720    2.1720    2.1720   1.000
  1009.000    861.000    4.6166    4.6166    4.6166    4.6166   1.000
   969.000    862.000    3.9137    3.9137    3.9137    3.9137   1.000
   978.000    862.000    3.4678    3.4678    3.4678    3.4678   1.000
   984.000    862.000    3.6571    3.6571    3.6571    3.6571   1.000
   992.000    862.000    2.4522    2.4522    2.4522    2.4522   1.000
   998.000    862.000    3.0342    3.0342    3.0342    3.0342   1.000
  1012.000    862.000    2.9710    2.9710    2.9710    2.9710   1.000
   972.000    863.000    3.0757    3.0757    3.0757    3.0757   1.000
  1003.000    863.000    2.6117    2.6117    2.6117    2.6117   1.000
  1007.000    863.000    3.1873    3.1873    3.1873    3.1873   1.000
  1017.000    863.000    3.9915    3.9915    3.9915    3.9915   1.000
   964.000    864.000    3.8853    3.8853    3.8853    3.8853   1.000
   966.000    864.000    4.6529    4.6529    4.6529    4.6529   1.000
   987.000    864.000    2.7096    2.7096    2.7096    2.7096   1.000
   993.000    864.000    2.0635    2.0635    2.0635    2.0635   1.000
  1001.000    864.000    3.3922    3.3922    3.3922    3.3922   1.000
  1019.000    864.000    3.5049    3.5049    3.5049    3.5049   1.000
   991.000    865.000    3.0338    3.0338    3.0338    3.0338   1.000
   996.000    865.000    1.6859    1.6859    1.6859    1.6859   1.000
  1006.000    865.000    2.3279    2.3279    2.3279    2.3279   1.000
  1008.000    865.000    2.1470    2.1470    2.1470    2.1470   1.000
   988.000    866.000    3.6441    3.6441    3.6441    3.6441   1.000
  1010.000    866.000    2.0340    2.0340    2.0340    2.0340   1.000
  1018.000    866.000    3.4102    3.4102    3.4102    3.4102   1.000
   986.000    867.000    3.5381    3.5381    3.5381    3.5381   1.000
  1001.000    867.000    4.4239    4.4239    4.4239    4.4239   1.000
   965.000    868.000    2.3762    2.3762    2.3762    2.3762   1.000
   967.000    868.000    4.0044    4.0044    4.0044    4.0044   1.000
   969.000    868.000    3.1636    3.1636    3.1636    3.1636   1.000
   975.000    868.000    3.3577    3.3577    3.3577    3.3577   1.000
  1003.000    868.000    3.3390    3.3390    3.3390    3.3390   1.000
  1007.000    869.000   -0.9113   -0.9113   -0.9113   -0.9113   1.000
  1010.000    869.000    1.9871    1.9871    1.9871    1.9871   1.000
   964.000    870.000    1.7386    1.7386    1.7386    1.7386   1.000
  1002.000    870.000    1.9143    1.9143    1.9143    1.9143   1.000
  1012.000    870.000    3.5370    3.5370    3.5370    3.5370   1.000
   970.000    871.000    3.7281    3.7281    3.7281    3.7281   1.000
   983.000    871.000    4.9450    4.9450    4.9450    4.9450   1.000
  1003.000    872.000    2.8579    2.8579    2.8579    2.8579   1.000
  1012.000    872.000    4.9018    4.9018    4.9018    4.9018   1.000
  1014.000    872.000    2.9045    2.9045    2.9045    2.9045   1.000
   965.000    873.000    3.4721    3.4721    3.4721    3.4721   1.000
   968.000    873.000    2.2382    2.2382    2.2382    2.2382   1.000
   979.000    873.000    3.8585    3.8585    3.8585    3.8585   1.000
   992.000    873.000    3.1295    3.1295    3.1295    3.1295   1.000
  1007.000    873.000    2.6459    2.6459    2.6459    2.6459   1.000
  1009.000    873.000    2.4422    2.4422    2.4422    2.4422   1.000
  1003.000    874.000    2.9470    2.9470    2.9470    2.9470   1.000
   990.000    875.000    4.4214    4.4214    4.4214    4.4214   1.000
   995.000    875.000    5.5528    5.5528    5.5528    5.5528   1.000
  1009.000    875.000    2.7717    2.7717    2.7717    2.7717   1.000
   977.000    876.000    3.4518    3.4518    3.4518    3.4518   1.000
   997.000    877.000    4.1580    4.1580    4.1580    4.1580   1.000
  1009.000    877.000    3.2518    3.2518    3.2518    3.2518   1.000
   966.000    878.000    4.1933    4.1933    4.1933    4.1933   1.000
   980.000    878.000    2.5403    2.5403    2.5403    2.5403   1.000
   988.000    878.000    4.8443    4.8443    4.8443    4.8443   1.000
  1007.000    878.000    2.7186    2.7186    2.7186    2.7186   1.000
   977.000    879.000    2.4795    2.4795    2.4795    2.4795   1.000
   996.000    879.000    4.1571    4.1571    4.1571    4.1571   1.000
  1011.000    879.000    1.5841    1.5841    1.5841    1.5841   1.000
   965.000    880.000    3.7644    3.7644    3.7644    3.7644   1.000
   975.000    880.000    3.5071    3.5071    3.5071    3.5071   1.000
  1008.000    880.000    4.7065    4.7065    4.7065    4.7065   1.000
  1002.000    881.000    2.6828    2.6828    2.6828    2.6828   1.000
   976.000    882.000    3.5493    3.5493    3.5493    3.5493   1.000
   988.000    882.000    3.8331    3.8331    3.8331    3.8331   1.000
   998.000    882.000    3.1457    3.1457    3.1457    3.1457   1.000
  1006.000    882.000    2.4103    2.4103    2.4103    2.4103   1.000
  1008.000    882.000    3.9718    3.9718    3.9718    3.9718   1.000
  1012.000    882.000    2.4094    2.4094    2.4094    2.4094   1.000
   967.000    883.000    5.0185    5.0185    5.0185    5.0185   1.000
   991.000    883.000    3.4082    3.4082    3.4082    3.4082   1.000
   995.000    883.000    3.4488    3.4488    3.4488    3.4488   1.000
  1000.000    883.000    2.2608    2.2608    2.2608    2.2608   1.000
  1002.000    884.000    2.1271    2.1271    2.1271    2.1271   1.000
  1013.000    884.000    1.9356    1.9356    1.9356    1.9356   1.000
   993.000    885.000    2.5157    2.5157    2.5157    2.5157   1.000
   967.000    886.000    3.4867    3.4867    3.4867    3.4867   1.000
   999.000    886.000    1.8303    1.8303    1.8303    1.8303   1.000
  1003.000    886.000    2.7241    2.7241    2.7241    2.7241   1.000
  1006.000    886.000    0.2714    0.2714    0.2714    0.2714   1.000
  1015.000    886.000    4.1306    4.1306    4.1306    4.1306   1.000
   982.000    887.000    3.6306    3.6306    3.6306    3.6306   1.000
  1012.000    887.000    3.5196    3.5196    3.5196    3.5196   1.000
   973.000    888.000    3.1736    3.1736    3.1736    3.1736   1.000
   985.000    888.000    3.7042    3.7042    3.7042    3.7042   1.000
  1004.000    888.000    2.7775    2.7775    2.7775    2.7775   1.000
  1015.000    888.000    4.0628    4.0628    4.0628    4.0628   1.000
  1019.000    888.000    4.8213    4.8213    4.8213    4.8213   1.000
   994.000    889.000    2.1024    2.1024    2.1024    2.1024   1.000
   999.000    889.000   -1.1961   -1.1961   -1.1961   -1.1961   1.000
   964.000    890.000    3.6775    3.6775    3.6775    3.6775   1.000
   969.000    890.000    3.2752    3.2752    3.2752    3.2752   1.000
  1002.000    890.000    2.0406    2.0406    2.0406    2.0406   1.000
  1004.000    890.000    2.7241    2.7241    2.7241    2.7241   1.000
  1010.000    890.000    3.2215    3.2215    3.2215    3.2215   1.000
   981.000    891.000    3.8003    3.8003    3.8003    3.8003   1.000
   994.000    891.000    2.3203    2.3203    2.3203    2.3203   1.000
  1006.000    891.000    3.0897    3.0897    3.0897    3.0897   1.000
  1056.000    836.000    2.5423    2.5423    2.5423    2.5423   1.000
  1082.000    836.000    3.4569    3.4569    3.4569    3.4569   1.000
  1042.000    837.000    3.5329    3.5329    3.5329    3.5329   1.000
  1059.000    837.000    3.3286    3.3286    3.3286    3.3286   1.000
  1070.000    837.000    4.1169    4.1169    4.1169    4.1169   1.000
  1075.000    837.000    3.6803    3.6803    3.6803    3.6803   1.000
  1077.000    837.000    3.2754    3.2754    3.2754    3.2754   1.000
  1080.000    838.000    2.6031    2.6031    2.6031    2.6031   1.000
  1082.000    838.000    2.9130    2.9130    2.9130    2.9130   1.000
  1030.000    839.000    2.6436    2.6436    2.6436    2.6436   1.000
  1033.000    839.000    2.3787    2.3787    2.3787    2.3787   1.000
  1036.000    839.000    3.0407    3.0407    3.0407    3.0407   1.000
  1038.000    839.000    3.2949    3.2949    3.2949    3.2949   1.000
  1071.000    839.000    3.1286    3.1286    3.1286    3.1286   1.000
  1078.000    839.000    2.0660    2.0660    2.0660    2.0660   1.000
  1041.000    840.000    2.9047    2.9047    2.9047    2.9047   1.000
  1053.000    840.000    1.5428    1.5428    1.5428    1.5428   1.000
  1056.000    840.000   -0.1830   -0.1830   -0.1830   -0.1830   1.000
  1061.000    840.000    3.1976    3.1976    3.1976    3.1976   1.000
  1032.000    841.000    2.3409    2.3409    2.3409    2.3409   1.000
  1034.000    842.000    3.1380    3.1380    3.1380    3.1380   1.000
  1043.000    842.000    3.5706    3.5706    3.5706    3.5706   1.000
  1053.000    842.000    1.8571    1.8571    1.8571    1.8571   1.000
  1070.000    842.000    3.3188    3.3188    3.3188    3.3188   1.000
  1078.000    842.000    3.7224    3.7224    3.7224    3.7224   1.000
  1082.000    842.000    4.5669    4.5669    4.5669    4.5669   1.000
  1037.000    843.000    3.1253    3.1253    3.1253    3.1253   1.000
  1039.000    843.000    3.3347    3.3347    3.3347    3.3347   1.000
  1041.000    843.000    3.4062    3.4062    3.4062    3.4062   1.000
  1031.000    844.000   -0.5203   -0.5203   -0.5203   -0.5203   1.000
  1035.000    844.000    2.6323    2.6323    2.6323    2.6323   1.000
  1052.000    844.000    2.2874    2.2874    2.2874    2.2874   1.000
  1059.000    844.000    3.1057    3.1057    3.1057    3.1057   1.000
  1065.000    844.000    4.6134    4.6134    4.6134    4.6134   1.000
  1076.000    844.000    3.2267    3.2267    3.2267    3.2267   1.000
  1039.000    845.000    3.4351    3.4351    3.4351    3.4351   1.000
  1041.000    845.000    3.5285    3.5285    3.5285    3.5285   1.000
  1034.000    846.000    2.8037    2.8037    2.8037    2.8037   1.000
  1044.000    846.000    3.6532    3.6532    3.6532    3.6532   1.000
  1057.000    846.000    2.2600    2.2600    2.2600    2.2600   1.000
  1060.000    846.000    3.5848    3.5848    3.5848    3.5848   1.000
  1038.000    847.000    4.0892    4.0892    4.0892    4.0892   1.000
  1040.000    847.000    4.1104    4.1104    4.1104    4.1104   1.000
  1069.000    847.000    3.7308    3.7308    3.7308    3.7308   1.000
  1076.000    847.000    2.9061    2.9061    2.9061    2.9061   1.000
  1080.000    847.000    4.5432    4.5432    4.5432    4.5432   1.000
  1029.000    848.000    2.0974    2.0974    2.0974    2.0974   1.000
  1035.000    848.000    1.7839    1.7839    1.7839    1.7839   1.000
  1056.000    848.000    3.2172    3.2172    3.2172    3.2172   1.000
  1058.000    848.000    4.1620    4.1620    4.1620    4.1620   1.000
  1060.000    848.000    3.8715    3.8715    3.8715    3.8715   1.000
  1033.000    849.000    2.7407    2.7407    2.7407    2.7407   1.000
  1065.000    849.000    4.8570    4.8570    4.8570    4.8570   1.000
  1071.000    849.000    3.9762    3.9762    3.9762    3.9762   1.000
  1051.000    850.000    3.6446    3.6446    3.6446    3.6446   1.000
  1057.000    850.000    2.7094    2.7094    2.7094    2.7094   1.000
  1077.000    851.000    1.4050    1.4050    1.4050    1.4050   1.000
  1038.000    852.000    3.2139    3.2139    3.2139    3.2139   1.000
  1041.000    852.000    3.4736    3.4736    3.4736    3.4736   1.000
  1043.000    852.000    4.1627    4.1627    4.1627    4.1627   1.000
  1046.000    852.000    3.8791    3.8791    3.8791    3.8791   1.000
  1072.000    852.000    2.9327    2.9327    2.9327    2.9327   1.000
  1036.000    853.000    3.5343    3.5343    3.5343    3.5343   1.000
  1050.000    853.000    2.4886    2.4886    2.4886    2.4886   1.000
  1053.000    853.000    3.1353    3.1353    3.1353    3.1353   1.000
  1060.000    853.000    0.1073    0.1073    0.1073    0.1073   1.000
  1077.000    853.000    1.1870    1.1870    1.1870    1.1870   1.000
  1043.000    854.000    3.2058    3.2058    3.2058    3.2058   1.000
  1054.000    855.000    4.6717    4.6717    4.6717    4.6717   1.000
  1056.000    855.000    3.1920    3.1920    3.1920    3.1920   1.000
  1071.000    855.000    1.9293    1.9293    1.9293    1.9293   1.000
  1029.000    856.000    4.3602    4.3602    4.3602    4.3602   1.000
  1033.000    856.000    2.8345    2.8345    2.8345    2.8345   1.000
  1070.000    857.000    1.5815    1.5815    1.5815    1.5815   1.000
  1032.000    858.000    3.8102    3.8102    3.8102    3.8102   1.000
  1043.000    858.000    3.4817    3.4817    3.4817    3.4817   1.000
  1045.000    858.000    2.9518    2.9518    2.9518    2.9518   1.000
  1058.000    858.000    0.7345    0.7345    0.7345    0.7345   1.000
  1061.000    858.000    3.4271    3.4271    3.4271    3.4271   1.000
  1080.000    858.000    4.3615    4.3615    4.3615    4.3615   1.000
  1041.000    859.000    2.6225    2.6225    2.6225    2.6225   1.000
  1052.000    859.000    4.1118    4.1118    4.1118    4.1118   1.000
  1066.000    859.000    3.5797    3.5797    3.5797    3.5797   1.000
  1048.000    860.000    3.3881    3.3881    3.3881    3.3881   1.000
  1054.000    860.000    3.1253    3.1253    3.1253    3.1253   1.000
  1064.000    860.000    3.5241    3.5241    3.5241    3.5241   1.000
  1068.000    860.000    4.1472    4.1472    4.1472    4.1472   1.000
  1071.000    860.000    2.7385    2.7385    2.7385    2.7385   1.000
  1028.000    861.000    2.4890    2.4890    2.4890    2.4890   1.000
  1031.000    861.000    3.3712    3.3712    3.3712    3.3712   1.000
  1038.000    861.000    4.5971    4.5971    4.5971    4.5971   1.000
  1050.000    861.000    2.8666    2.8666    2.8666    2.8666   1.000
  1042.000    862.000    3.7796    3.7796    3.7796    3.7796   1.000
  1045.000    862.000    2.9650    2.9650    2.9650    2.9650   1.000
  1071.000    862.000    3.2358    3.2358    3.2358    3.2358   1.000
  1077.000    862.000    3.7628    3.7628    3.7628    3.7628   1.000
  1060.000    863.000    0.4493    0.4493    0.4493    0.4493   1.000
  1040.000    864.000    3.9461    3.9461    3.9461    3.9461   1.000
  1051.000    864.000    3.2197    3.2197    3.2197    3.2197   1.000
  1055.000    864.000    4.0386    4.0386    4.0386    4.0386   1.000
  1063.000    864.000    2.9355    2.9355    2.9355    2.9355   1.000
  1065.000    864.000    3.5033    3.5033    3.5033    3.5033   1.000
  1045.000    865.000    3.2558    3.2558    3.2558    3.2558   1.000
  1083.000    865.000    2.8612    2.8612    2.8612    2.8612   1.000
  1040.000    866.000    3.5149    3.5149    3.5149    3.5149   1.000
  1032.000    867.000    3.0975    3.0975    3.0975    3.0975   1.000
  1045.000    867.000    4.9277    4.9277    4.9277    4.9277   1.000
  1048.000    867.000    3.2000    3.2000    3.2000    3.2000   1.000
  1062.000    867.000    3.6143    3.6143    3.6143    3.6143   1.000
  1064.000    867.000    4.1025    4.1025    4.1025    4.1025   1.000
  1059.000    868.000    3.0405    3.0405    3.0405    3.0405   1.000
  1068.000    868.000    4.4402    4.4402    4.4402    4.4402   1.000
  1035.000    869.000    3.9635    3.9635    3.9635    3.9635   1.000
  1039.000    869.000    3.3852    3.3852    3.3852    3.3852   1.000
  1050.000    869.000    3.8353    3.8353    3.8353    3.8353   1.000
  1081.000    869.000    3.3639    3.3639    3.3639    3.3639   1.000
  1055.000    870.000    3.9880    3.9880    3.9880    3.9880   1.000
  1041.000    871.000    3.9439    3.9439    3.9439    3.9439   1.000
  1058.000    871.000    3.0226    3.0226    3.0226    3.0226   1.000
  1034.000    872.000    2.2501    2.2501    2.2501    2.2501   1.000
  1038.000    872.000    3.7314    3.7314    3.7314    3.7314   1.000
  1061.000    872.000    3.3728    3.3728    3.3728    3.3728   1.000
  1034.000    874.000    4.4295    4.4295    4.4295    4.4295   1.000
  1036.000    874.000    5.1774    5.1774    5.1774    5.1774   1.000
  1070.000    874.000    2.5250    2.5250    2.5250    2.5250   1.000
  1028.000    875.000    3.0218    3.0218    3.0218    3.0218   1.000
  1034.000    876.000    4.3712    4.3712    4.3712    4.3712   1.000
  1048.000    876.000    3.9586    3.9586    3.9586    3.9586   1.000
  1056.000    876.000    3.0795    3.0795    3.0795    3.0795   1.000
  1058.000    876.000    3.5604    3.5604    3.5604    3.5604   1.000
  1037.000    877.000    3.1129    3.1129    3.1129    3.1129   1.000
  1034.000    878.000    4.3090    4.3090    4.3090    4.3090   1.000
  1061.000    878.000    4.2158    4.2158    4.2158    4.2158   1.000
  1066.000    878.000    4.0629    4.0629    4.0629    4.0629   1.000
  1068.000    878.000    4.4906    4.4906    4.4906    4.4906   1.000
  1046.000    879.000    2.0087    2.0087    2.0087    2.0087   1.000
  1055.000    879.000    3.2362    3.2362    3.2362    3.2362   1.000
  1070.000    879.000    3.1495    3.1495    3.1495    3.1495   1.000
  1030.000    880.000    4.1949    4.1949    4.1949    4.1949   1.000
  1050.000    880.000    0.4044    0.4044    0.4044    0.4044   1.000
  1068.000    880.000    6.2707    6.2707    6.2707    6.2707   1.000
  1039.000    881.000    4.0985    4.0985    4.0985    4.0985   1.000
  1047.000    881.000    3.8301    3.8301    3.8301    3.8301   1.000
  1082.000    881.000    4.1054    4.1054    4.1054    4.1054   1.000
  1044.000    882.000    4.0158    4.0158    4.0158    4.0158   1.000
  1053.000    882.000    3.9229    3.9229    3.9229    3.9229   1.000
  1066.000    882.000    3.9357    3.9357    3.9357    3.9357   1.000
  1075.000    882.000    3.7538    3.7538    3.7538    3.7538   1.000
  1028.000    883.000    4.6527    4.6527    4.6527    4.6527   1.000
  1069.000    883.000    0.4015    0.4015    0.4015    0.4015   1.000
  1073.000    883.000    3.5126    3.5126    3.5126    3.5126   1.000
  1037.000    884.000    2.3854    2.3854    2.3854    2.3854   1.000
  1051.000    884.000    4.1902    4.1902    4.1902    4.1902   1.000
  1053.000    884.000    4.2614    4.2614    4.2614    4.2614   1.000
  1062.000    884.000    2.9839    2.9839    2.9839    2.9839   1.000
  1075.000    884.000    2.8919    2.8919    2.8919    2.8919   1.000
  1056.000    885.000    2.7521    2.7521    2.7521    2.7521   1.000
  1031.000    886.000    3.9688    3.9688    3.9688    3.9688   1.000
  1037.000    886.000    2.4015    2.4015    2.4015    2.4015   1.000
  1046.000    886.000    3.8762    3.8762    3.8762    3.8762   1.000
  1050.000    886.000    3.0290    3.0290    3.0290    3.0290   1.000
  1078.000    886.000    3.4516    3.4516    3.4516    3.4516   1.000
  1082.000    886.000    3.5429    3.5429    3.5429    3.5429   1.000
  1034.000    887.000    4.0377    4.0377    4.0377    4.0377   1.000
  1070.000    887.000    2.7261    2.7261    2.7261    2.7261   1.000
  1047.000    888.000    4.2461    4.2461    4.2461    4.2461   1.000
  1054.000    888.000    3.5460    3.5460    3.5460    3.5460   1.000
  1063.000    888.000    2.7973    2.7973    2.7973    2.7973   1.000
  1067.000    888.000    2.9384    2.9384    2.9384    2.9384   1.000
  1074.000    888.000   -0.4420   -0.4420   -0.4420   -0.4420   1.000
  1078.000    888.000    3.2026    3.2026    3.2026    3.2026   1.000
  1037.000    889.000    3.3645    3.3645    3.3645    3.3645   1.000
  1060.000    889.000    3.8076    3.8076    3.8076    3.8076   1.000
  1043.000    890.000    4.2753    4.2753    4.2753    4.2753   1.000
  1063.000    890.000    2.6645    2.6645    2.6645    2.6645   1.000
  1069.000    890.000    1.9022    1.9022    1.9022    1.9022   1.000
  1046.000    891.000    4.6204    4.6204    4.6204    4.6204   1.000
  1048.000    891.000    3.8799    3.8799    3.8799    3.8799   1.000
  1052.000    891.000    4.4372    4.4372    4.4372    4.4372   1.000
  1075.000    891.000    1.4276    1.4276    1.4276    1.4276   1.000
  1079.000    891.000    4.0569    4.0569    4.0569    4.0569   1.000
  1102.000    836.000    4.2115    4.2115    4.2115    4.2115   1.000
  1109.000    836.000    2.3745    2.3745    2.3745    2.3745   1.000
  1120.000    836.000    2.2166    2.2166    2.2166    2.2166   1.000
  1124.000    836.000    0.9266    0.9266    0.9266    0.9266   1.000
  1140.000    836.000    3.8622    3.8622    3.8622    3.8622   1.000
  1145.000    836.000    4.6382    4.6382    4.6382    4.6382   1.000
  1138.000    837.000    3.7317    3.7317    3.7317    3.7317   1.000
  1110.000    838.000    2.7754    2.7754    2.7754    2.7754   1.000
  1113.000    838.000    2.5652    2.5652    2.5652    2.5652   1.000
  1124.000    838.000    1.6031    1.6031    1.6031    1.6031   1.000
  1144.000    838.000    2.8628    2.8628    2.8628    2.8628   1.000
  1116.000    839.000   -1.1510   -1.1510   -1.1510   -1.1510   1.000
  1120.000    839.000    3.0994    3.0994    3.0994    3.0994   1.000
  1122.000    839.000    2.2972    2.2972    2.2972    2.2972   1.000
  1133.000    839.000    3.0928    3.0928    3.0928    3.0928   1.000
  1138.000    839.000    5.4827    5.4827    5.4827    5.4827   1.000
  1104.000    840.000    2.9071    2.9071    2.9071    2.9071   1.000
  1113.000    840.000    3.1281    3.1281    3.1281    3.1281   1.000
  1135.000    840.000    2.7132    2.7132    2.7132    2.7132   1.000
  1140.000    840.000    4.2338    4.2338    4.2338    4.2338   1.000
  1142.000    840.000    4.5406    4.5406    4.5406    4.5406   1.000
  1145.000    840.000    4.4913    4.4913    4.4913    4.4913   1.000
  1147.000    840.000    3.1284    3.1284    3.1284    3.1284   1.000
  1100.000    841.000    2.3031    2.3031    2.3031    2.3031   1.000
  1109.000    841.000    0.5107    0.5107    0.5107    0.5107   1.000
  1111.000    841.000    2.7433    2.7433    2.7433    2.7433   1.000
  1122.000    841.000    2.9700    2.9700    2.9700    2.9700   1.000
  1103.000    842.000    3.3318    3.3318    3.3318    3.3318   1.000
  1114.000    842.000    1.7126    1.7126    1.7126    1.7126   1.000
  1120.000    842.000    2.6102    2.6102    2.6102    2.6102   1.000
  1126.000    842.000    3.9180    3.9180    3.9180    3.9180   1.000
  1144.000    842.000    4.3823    4.3823    4.3823    4.3823   1.000
  1147.000    842.000    3.7526    3.7526    3.7526    3.7526   1.000
  1112.000    843.000    3.0646    3.0646    3.0646    3.0646   1.000
  1118.000    843.000    2.2298    2.2298    2.2298    2.2298   1.000
  1103.000    844.000    3.8084    3.8084    3.8084    3.8084   1.000
  1126.000    844.000    4.2784    4.2784    4.2784    4.2784   1.000
  1117.000    845.000    2.5515    2.5515    2.5515    2.5515   1.000
  1124.000    845.000    3.4354    3.4354    3.4354    3.4354   1.000
  1115.000    846.000    2.5373    2.5373    2.5373    2.5373   1.000
  1126.000    846.000    3.9072    3.9072    3.9072    3.9072   1.000
  1147.000    846.000    4.3880    4.3880    4.3880    4.3880   1.000
  1095.000    847.000    4.3543    4.3543    4.3543    4.3543   1.000
  1106.000    847.000    3.5246    3.5246    3.5246    3.5246   1.000
  1118.000    847.000    2.6773    2.6773    2.6773    2.6773   1.000
  1136.000    847.000    3.3736    3.3736    3.3736    3.3736   1.000
  1138.000    847.000    4.7381    4.7381    4.7381    4.7381   1.000
  1143.000    847.000    4.6007    4.6007    4.6007    4.6007   1.000
  1145.000    847.000    4.2759    4.2759    4.2759    4.2759   1.000
  1098.000    848.000    3.6219    3.6219    3.6219    3.6219   1.000
  1128.000    848.000    4.1148    4.1148    4.1148    4.1148   1.000
  1130.000    848.000    2.6645    2.6645    2.6645    2.6645   1.000
  1141.000    848.000    3.9532    3.9532    3.9532    3.9532   1.000
  1094.000    849.000    3.5888    3.5888    3.5888    3.5888   1.000
  1106.000    849.000    2.7774    2.7774    2.7774    2.7774   1.000
  1145.000    849.000    4.0568    4.0568    4.0568    4.0568   1.000
  1114.000    850.000    3.5802    3.5802    3.5802    3.5802   1.000
  1116.000    850.000    3.8428    3.8428    3.8428    3.8428   1.000
  1097.000    851.000    2.0408    2.0408    2.0408    2.0408   1.000
  1107.000    851.000    2.1353    2.1353    2.1353    2.1353   1.000
  1136.000    851.000    3.6433    3.6433    3.6433    3.6433   1.000
  1132.000    852.000    3.3491    3.3491    3.3491    3.3491   1.000
  1142.000    852.000    4.2472    4.2472    4.2472    4.2472   1.000
  1106.000    853.000   -0.4017   -0.4017   -0.4017   -0.4017   1.000
  1134.000    853.000    2.8497    2.8497    2.8497    2.8497   1.000
  1102.000    854.000    3.2654    3.2654    3.2654    3.2654   1.000
  1118.000    854.000    3.1166    3.1166    3.1166    3.1166   1.000
  1129.000    854.000    3.7314    3.7314    3.7314    3.7314   1.000
  1140.000    854.000    3.6321    3.6321    3.6321    3.6321   1.000
  1145.000    854.000    3.1642    3.1642    3.1642    3.1642   1.000
  1110.000    855.000    2.0557    2.0557    2.0557    2.0557   1.000
  1135.000    855.000    2.9562    2.9562    2.9562    2.9562   1.000
  1102.000    856.000    3.6238    3.6238    3.6238    3.6238   1.000
  1104.000    856.000    2.7066    2.7066    2.7066    2.7066   1.000
  1131.000    856.000    3.8659    3.8659    3.8659    3.8659   1.000
  1110.000    857.000    2.8480    2.8480    2.8480    2.8480   1.000
  1117.000    857.000    4.4013    4.4013    4.4013    4.4013   1.000
  1122.000    857.000    5.3730    5.3730    5.3730    5.3730   1.000
  1124.000    857.000    3.9260    3.9260    3.9260    3.9260   1.000
  1133.000    857.000    4.3466    4.3466    4.3466    4.3466   1.000
  1108.000    858.000    0.4064    0.4064    0.4064    0.4064   1.000
  1143.000    858.000    3.6454    3.6454    3.6454    3.6454   1.000
  1145.000    858.000    4.1687    4.1687    4.1687    4.1687   1.000
  1094.000    859.000    3.6790    3.6790    3.6790    3.6790   1.000
  1105.000    859.000    2.2105    2.2105    2.2105    2.2105   1.000
  1114.000    859.000    3.3295    3.3295    3.3295    3.3295   1.000
  1125.000    860.000    3.1122    3.1122    3.1122    3.1122   1.000
  1127.000    860.000    2.6016    2.6016    2.6016    2.6016   1.000
  1140.000    860.000    3.0451    3.0451    3.0451    3.0451   1.000
  1110.000    861.000    3.5114    3.5114    3.5114    3.5114   1.000
  1120.000    861.000    5.6139    5.6139    5.6139    5.6139   1.000
  1122.000    861.000    4.7140    4.7140    4.7140    4.7140   1.000
  1133.000    861.000    4.3882    4.3882    4.3882    4.3882   1.000
  1098.000    862.000    2.5974    2.5974    2.5974    2.5974   1.000
  1108.000    862.000    3.3732    3.3732    3.3732    3.3732   1.000
  1114.000    862.000    3.8485    3.8485    3.8485    3.8485   1.000
  1117.000    862.000    3.7551    3.7551    3.7551    3.7551   1.000
  1125.000    862.000    4.5564    4.5564    4.5564    4.5564   1.000
  1145.000    862.000    4.5541    4.5541    4.5541    4.5541   1.000
  1102.000    863.000    3.9727    3.9727    3.9727    3.9727   1.000
  1104.000    863.000    4.5106    4.5106    4.5106    4.5106   1.000
  1121.000    863.000    3.7323    3.7323    3.7323    3.7323   1.000
  1093.000    864.000    2.9479    2.9479    2.9479    2.9479   1.000
  1112.000    864.000    2.9855    2.9855    2.9855    2.9855   1.000
  1130.000    864.000    3.1817    3.1817    3.1817    3.1817   1.000
  1135.000    864.000    3.6084    3.6084    3.6084    3.6084   1.000
  1138.000    864.000    4.4842    4.4842    4.4842    4.4842   1.000
  1095.000    865.000    1.9880    1.9880    1.9880    1.9880   1.000
  1098.000    865.000    3.0975    3.0975    3.0975    3.0975   1.000
  1106.000    865.000    2.9679    2.9679    2.9679    2.9679   1.000
  1109.000    865.000    4.0993    4.0993    4.0993    4.0993   1.000
  1121.000    865.000    4.1826    4.1826    4.1826    4.1826   1.000
  1142.000    865.000    3.5871    3.5871    3.5871    3.5871   1.000
  1133.000    866.000    2.5458    2.5458    2.5458    2.5458   1.000
  1125.000    867.000    4.2837    4.2837    4.2837    4.2837   1.000
  1127.000    867.000    3.3706    3.3706    3.3706    3.3706   1.000
  1095.000    868.000   -0.7084   -0.7084   -0.7084   -0.7084   1.000
  1099.000    868.000    2.8182    2.8182    2.8182    2.8182   1.000
  1133.000    868.000    3.0760    3.0760    3.0760    3.0760   1.000
  1107.000    869.000    3.4180    3.4180    3.4180    3.4180   1.000
  1115.000    869.000    3.8036    3.8036    3.8036    3.8036   1.000
  1120.000    869.000    4.3371    4.3371    4.3371    4.3371   1.000
  1129.000    869.000    1.5708    1.5708    1.5708    1.5708   1.000
  1146.000    869.000    3.4310    3.4310    3.4310    3.4310   1.000
  1098.000    870.000    3.2211    3.2211    3.2211    3.2211   1.000
  1111.000    870.000    3.4860    3.4860    3.4860    3.4860   1.000
  1125.000    870.000    3.8150    3.8150    3.8150    3.8150   1.000
  1141.000    870.000    5.2372    5.2372    5.2372    5.2372   1.000
  1100.000    871.000    3.0002    3.0002    3.0002    3.0002   1.000
  1129.000    871.000    0.7102    0.7102    0.7102    0.7102   1.000
  1135.000    871.000    1.9401    1.9401    1.9401    1.9401   1.000
  1093.000    872.000    2.6365    2.6365    2.6365    2.6365   1.000
  1112.000    872.000    3.1259    3.1259    3.1259    3.1259   1.000
  1147.000    872.000    4.6358    4.6358    4.6358    4.6358   1.000
  1105.000    873.000    2.2417    2.2417    2.2417    2.2417   1.000
  1122.000    873.000    4.1897    4.1897    4.1897    4.1897   1.000
  1124.000    873.000    3.3621    3.3621    3.3621    3.3621   1.000
  1097.000    874.000    2.6961    2.6961    2.6961    2.6961   1.000
  1115.000    874.000    3.5727    3.5727    3.5727    3.5727   1.000
  1130.000    874.000    2.5327    2.5327    2.5327    2.5327   1.000
  1134.000    874.000    2.0548    2.0548    2.0548    2.0548   1.000
  1109.000    875.000    0.2752    0.2752    0.2752    0.2752   1.000
  1112.000    875.000    3.3972    3.3972    3.3972    3.3972   1.000
  1119.000    875.000    2.1108    2.1108    2.1108    2.1108   1.000
  1095.000    876.000    3.9549    3.9549    3.9549    3.9549   1.000
  1103.000    876.000    0.3807    0.3807    0.3807    0.3807   1.000
  1121.000    876.000    1.9794    1.9794    1.9794    1.9794   1.000
  1130.000    876.000    2.6412    2.6412    2.6412    2.6412   1.000
  1093.000    877.000    4.0827    4.0827    4.0827    4.0827   1.000
  1099.000    877.000    4.0504    4.0504    4.0504    4.0504   1.000
  1101.000    877.000    2.6058    2.6058    2.6058    2.6058   1.000
  1112.000    877.000    4.2202    4.2202    4.2202    4.2202   1.000
  1119.000    877.000    1.0353    1.0353    1.0353    1.0353   1.000
  1126.000    877.000    3.9035    3.9035    3.9035    3.9035   1.000
  1146.000    877.000    2.2808    2.2808    2.2808    2.2808   1.000
  1128.000    878.000    4.0982    4.0982    4.0982    4.0982   1.000
  1132.000    878.000    2.6872    2.6872    2.6872    2.6872   1.000
  1095.000    879.000    2.2013    2.2013    2.2013    2.2013   1.000
  1101.000    879.000    2.4956    2.4956    2.4956    2.4956   1.000
  1112.000    879.000    4.0706    4.0706    4.0706    4.0706   1.000
  1119.000    879.000    3.0613    3.0613    3.0613    3.0613   1.000
  1143.000    879.000    3.1871    3.1871    3.1871    3.1871   1.000
  1108.000    880.000    3.3042    3.3042    3.3042    3.3042   1.000
  1115.000    880.000    5.4959    5.4959    5.4959    5.4959   1.000
  1121.000    880.000    3.0899    3.0899    3.0899    3.0899   1.000
  1123.000    880.000    3.6015    3.6015    3.6015    3.6015   1.000
  1134.000    880.000    4.7726    4.7726    4.7726    4.7726   1.000
  1136.000    880.000    2.3384    2.3384    2.3384    2.3384   1.000
  1139.000    880.000    4.1408    4.1408    4.1408    4.1408   1.000
  1145.000    880.000    2.7655    2.7655    2.7655    2.7655   1.000
  1147.000    880.000    2.5624    2.5624    2.5624    2.5624   1.000
  1128.000    881.000    3.0905    3.0905    3.0905    3.0905   1.000
  1121.000    882.000    4.6331    4.6331    4.6331    4.6331   1.000
  1126.000    882.000    4.2271    4.2271    4.2271    4.2271   1.000
  1135.000    882.000    4.5386    4.5386    4.5386    4.5386   1.000
  1107.000    883.000    3.1409    3.1409    3.1409    3.1409   1.000
  1138.000    883.000    3.4493    3.4493    3.4493    3.4493   1.000
  1144.000    883.000    2.5498    2.5498    2.5498    2.5498   1.000
  1103.000    884.000    2.4744    2.4744    2.4744    2.4744   1.000
  1123.000    884.000    2.7396    2.7396    2.7396    2.7396   1.000
  1126.000    884.000    2.9085    2.9085    2.9085    2.9085   1.000
  1131.000    884.000    2.7195    2.7195    2.7195    2.7195   1.000
  1141.000    884.000    3.3139    3.3139    3.3139    3.3139   1.000
  1099.000    885.000    3.2294    3.2294    3.2294    3.2294   1.000
  1105.000    885.000    2.9507    2.9507    2.9507    2.9507   1.000
  1108.000    885.000    3.5061    3.5061    3.5061    3.5061   1.000
  1118.000    885.000    2.4556    2.4556    2.4556    2.4556   1.000
  1114.000    886.000    3.6350    3.6350    3.6350    3.6350   1.000
  1122.000    886.000    3.1647    3.1647    3.1647    3.1647   1.000
  1132.000    886.000    3.7227    3.7227    3.7227    3.7227   1.000
  1134.000    886.000    2.7986    2.7986    2.7986    2.7986   1.000
  1142.000    886.000    3.4797    3.4797    3.4797    3.4797   1.000
  1105.000    887.000    4.1182    4.1182    4.1182    4.1182   1.000
  1129.000    887.000    2.6854    2.6854    2.6854    2.6854   1.000
  1145.000    887.000    3.3579    3.3579    3.3579    3.3579   1.000
  1093.000    888.000    2.7507    2.7507    2.7507    2.7507   1.000
  1127.000    888.000    3.8432    3.8432    3.8432    3.8432   1.000
  1132.000    888.000    3.3023    3.3023    3.3023    3.3023   1.000
  1142.000    888.000    4.0474    4.0474    4.0474    4.0474   1.000
  1095.000    889.000    2.8025    2.8025    2.8025    2.8025   1.000
  1135.000    889.000    3.8265    3.8265    3.8265    3.8265   1.000
  1145.000    889.000    3.0292    3.0292    3.0292    3.0292   1.000
  1098.000    890.000    4.1560    4.1560    4.1560    4.1560   1.000
  1100.000    890.000    5.0542    5.0542    5.0542    5.0542   1.000
  1129.000    890.000    1.6688    1.6688    1.6688    1.6688   1.000
  1143.000    890.000    3.2288    3.2288    3.2288    3.2288   1.000
  1096.000    891.000    3.1316    3.1316    3.1316    3.1316   1.000
  1113.000    891.000    1.5986    1.5986    1.5986    1.5986   1.000
  1118.000    891.000    2.0523    2.0523    2.0523    2.0523   1.000
  1122.000    891.000    3.3593    3.3593    3.3593    3.3593   1.000
  1160.000    836.000    3.7131    3.7131    3.7131    3.7131   1.000
  1163.000    836.000    2.8831    2.8831    2.8831    2.8831   1.000
  1173.000    836.000    5.2108    5.2108    5.2108    5.2108   1.000
  1184.000    836.000    4.7353    4.7353    4.7353    4.7353   1.000
  1200.000    836.000    3.1246    3.1246    3.1246    3.1246   1.000
  1211.000    836.000    2.8734    2.8734    2.8734    2.8734   1.000
  1192.000    837.000    2.3758    2.3758    2.3758    2.3758   1.000
  1158.000    838.000    4.6069    4.6069    4.6069    4.6069   1.000
  1163.000    838.000    4.3488    4.3488    4.3488    4.3488   1.000
  1174.000    838.000    3.9874    3.9874    3.9874    3.9874   1.000
  1183.000    838.000    3.9293    3.9293    3.9293    3.9293   1.000
  1170.000    839.000    4.1115    4.1115    4.1115    4.1115   1.000
  1177.000    839.000    2.8735    2.8735    2.8735    2.8735   1.000
  1187.000    839.000   -0.0353   -0.0353   -0.0353   -0.0353   1.000
  1191.000    839.000    2.5253    2.5253    2.5253    2.5253   1.000
  1197.000    839.000    3.2428    3.2428    3.2428    3.2428   1.000
  1210.000    839.000    4.1598    4.1598    4.1598    4.1598   1.000
  1157.000    840.000    3.7787    3.7787    3.7787    3.7787   1.000
  1159.000    840.000    2.9573    2.9573    2.9573    2.9573   1.000
  1167.000    840.000    3.4587    3.4587    3.4587    3.4587   1.000
  1172.000    840.000    3.1834    3.1834    3.1834    3.1834   1.000
  1208.000    840.000    3.2579    3.2579    3.2579    3.2579   1.000
  1162.000    841.000    0.6868    0.6868    0.6868    0.6868   1.000
  1177.000    841.000    3.3298    3.3298    3.3298    3.3298   1.000
  1201.000    841.000    2.0403    2.0403    2.0403    2.0403   1.000
  1165.000    842.000    3.4016    3.4016    3.4016    3.4016   1.000
  1190.000    842.000    2.5559    2.5559    2.5559    2.5559   1.000
  1195.000    842.000    3.3079    3.3079    3.3079    3.3079   1.000
  1173.000    843.000    3.2852    3.2852    3.2852    3.2852   1.000
  1178.000    843.000    3.9110    3.9110    3.9110    3.9110   1.000
  1157.000    844.000    3.1708    3.1708    3.1708    3.1708   1.000
  1161.000    844.000    3.4698    3.4698    3.4698    3.4698   1.000
  1165.000    844.000    3.4938    3.4938    3.4938    3.4938   1.000
  1170.000    844.000    0.1266    0.1266    0.1266    0.1266   1.000
  1176.000    844.000    4.7729    4.7729    4.7729    4.7729   1.000
  1192.000    844.000    0.6915    0.6915    0.6915    0.6915   1.000
  1197.000    844.000    3.3548    3.3548    3.3548    3.3548   1.000
  1207.000    844.000    3.4483    3.4483    3.4483    3.4483   1.000
  1180.000    845.000    3.0606    3.0606    3.0606    3.0606   1.000
  1187.000    845.000    2.3546    2.3546    2.3546    2.3546   1.000
  1195.000    845.000    3.3893    3.3893    3.3893    3.3893   1.000
  1203.000    845.000    3.7908    3.7908    3.7908    3.7908   1.000
  1170.000    846.000    2.7055    2.7055    2.7055    2.7055   1.000
  1172.000    846.000    2.7408    2.7408    2.7408    2.7408   1.000
  1174.000    846.000    4.4390    4.4390    4.4390    4.4390   1.000
  1176.000    846.000    4.0427    4.0427    4.0427    4.0427   1.000
  1182.000    846.000    2.7650    2.7650    2.7650    2.7650   1.000
  1192.000    847.000    0.8967    0.8967    0.8967    0.8967   1.000
  1170.000    848.000    5.4522    5.4522    5.4522    5.4522   1.000
  1184.000    848.000    2.9521    2.9521    2.9521    2.9521   1.000
  1201.000    848.000    3.0869    3.0869    3.0869    3.0869   1.000
  1205.000    848.000    0.7452    0.7452    0.7452    0.7452   1.000
  1195.000    849.000    3.2295    3.2295    3.2295    3.2295   1.000
  1164.000    850.000    4.5348    4.5348    4.5348    4.5348   1.000
  1202.000    850.000    3.6783    3.6783    3.6783    3.6783   1.000
  1206.000    850.000    0.2167    0.2167    0.2167    0.2167   1.000
  1167.000    851.000    4.0635    4.0635    4.0635    4.0635   1.000
  1183.000    851.000    2.6915    2.6915    2.6915    2.6915   1.000
  1190.000    851.000    3.7760    3.7760    3.7760    3.7760   1.000
  1200.000    851.000    3.6677    3.6677    3.6677    3.6677   1.000
  1204.000    851.000    3.1794    3.1794    3.1794    3.1794   1.000
  1208.000    851.000    2.0402    2.0402    2.0402    2.0402   1.000
  1158.000    852.000    2.7272    2.7272    2.7272    2.7272   1.000
  1172.000    852.000    4.5334    4.5334    4.5334    4.5334   1.000
  1194.000    852.000    4.4771    4.4771    4.4771    4.4771   1.000
  1165.000    853.000    3.0615    3.0615    3.0615    3.0615   1.000
  1183.000    853.000    3.0977    3.0977    3.0977    3.0977   1.000
  1203.000    853.000    2.4807    2.4807    2.4807    2.4807   1.000
  1208.000    853.000    3.3990    3.3990    3.3990    3.3990   1.000
  1210.000    853.000    4.1829    4.1829    4.1829    4.1829   1.000
  1163.000    854.000    3.5391    3.5391    3.5391    3.5391   1.000
  1179.000    854.000    3.5820    3.5820    3.5820    3.5820   1.000
  1197.000    854.000    4.0125    4.0125    4.0125    4.0125   1.000
  1201.000    854.000    3.5827    3.5827    3.5827    3.5827   1.000
  1168.000    855.000    4.2729    4.2729    4.2729    4.2729   1.000
  1181.000    855.000    4.5870    4.5870    4.5870    4.5870   1.000
  1157.000    856.000    1.1265    1.1265    1.1265    1.1265   1.000
  1162.000    856.000    2.5153    2.5153    2.5153    2.5153   1.000
  1164.000    856.000    1.5394    1.5394    1.5394    1.5394   1.000
  1173.000    856.000    3.5571    3.5571    3.5571    3.5571   1.000
  1189.000    856.000    4.5944    4.5944    4.5944    4.5944   1.000
  1159.000    857.000    3.4191    3.4191    3.4191    3.4191   1.000
  1192.000    857.000    3.4410    3.4410    3.4410    3.4410   1.000
  1156.000    858.000    0.2513    0.2513    0.2513    0.2513   1.000
  1182.000    858.000    4.6235    4.6235    4.6235    4.6235   1.000
  1206.000    858.000    3.8575    3.8575    3.8575    3.8575   1.000
  1176.000    859.000    3.1260    3.1260    3.1260    3.1260   1.000
  1211.000    859.000    4.3831    4.3831    4.3831    4.3831   1.000
  1160.000    860.000    2.6665    2.6665    2.6665    2.6665   1.000
  1171.000    860.000    3.6117    3.6117    3.6117    3.6117   1.000
  1190.000    860.000    4.5661    4.5661    4.5661    4.5661   1.000
  1192.000    860.000    5.2165    5.2165    5.2165    5.2165   1.000
  1197.000    860.000    4.1050    4.1050    4.1050    4.1050   1.000
  1200.000    860.000    2.0404    2.0404    2.0404    2.0404   1.000
  1202.000    860.000    2.6976    2.6976    2.6976    2.6976   1.000
  1208.000    860.000    3.8343    3.8343    3.8343    3.8343   1.000
  1167.000    861.000    3.5314    3.5314    3.5314    3.5314   1.000
  1179.000    861.000    3.9037    3.9037    3.9037    3.9037   1.000
  1181.000    861.000    4.5925    4.5925    4.5925    4.5925   1.000
  1157.000    862.000    2.7337    2.7337    2.7337    2.7337   1.000
  1186.000    862.000    3.8585    3.8585    3.8585    3.8585   1.000
  1199.000    862.000    3.4255    3.4255    3.4255    3.4255   1.000
  1205.000    862.000    3.0149    3.0149    3.0149    3.0149   1.000
  1175.000    863.000    3.4330    3.4330    3.4330    3.4330   1.000
  1180.000    864.000    2.5573    2.5573    2.5573    2.5573   1.000
  1190.000    864.000    3.7868    3.7868    3.7868    3.7868   1.000
  1194.000    864.000    4.9191    4.9191    4.9191    4.9191   1.000
  1206.000    864.000    3.7673    3.7673    3.7673    3.7673   1.000
  1208.000    864.000    3.0019    3.0019    3.0019    3.0019   1.000
  1174.000    865.000    3.3100    3.3100    3.3100    3.3100   1.000
  1176.000    865.000    3.9649    3.9649    3.9649    3.9649   1.000
  1183.000    865.000    3.3720    3.3720    3.3720    3.3720   1.000
  1186.000    865.000    2.4769    2.4769    2.4769    2.4769   1.000
  1202.000    865.000    3.3150    3.3150    3.3150    3.3150   1.000
  1204.000    865.000    3.0190    3.0190    3.0190    3.0190   1.000
  1162.000    866.000    3.3614    3.3614    3.3614    3.3614   1.000
  1207.000    866.000    3.4888    3.4888    3.4888    3.4888   1.000
  1167.000    867.000    3.8439    3.8439    3.8439    3.8439   1.000
  1169.000    867.000    4.0899    4.0899    4.0899    4.0899   1.000
  1183.000    867.000    3.2171    3.2171    3.2171    3.2171   1.000
  1209.000    867.000    2.7153    2.7153    2.7153    2.7153   1.000
  1181.000    868.000    3.8473    3.8473    3.8473    3.8473   1.000
  1187.000    868.000    3.1132    3.1132    3.1132    3.1132   1.000
  1200.000    868.000    2.9647    2.9647    2.9647    2.9647   1.000
  1184.000    869.000    2.8352    2.8352    2.8352    2.8352   1.000
  1194.000    869.000    3.9040    3.9040    3.9040    3.9040   1.000
  1205.000    869.000    2.8111    2.8111    2.8111    2.8111   1.000
  1159.000    870.000    4.0834    4.0834    4.0834    4.0834   1.000
  1164.000    870.000    4.3767    4.3767    4.3767    4.3767   1.000
  1168.000    870.000    2.3793    2.3793    2.3793    2.3793   1.000
  1187.000    870.000    3.5730    3.5730    3.5730    3.5730   1.000
  1157.000    871.000    5.0627    5.0627    5.0627    5.0627   1.000
  1174.000    871.000    2.5249    2.5249    2.5249    2.5249   1.000
  1193.000    871.000    4.3983    4.3983    4.3983    4.3983   1.000
  1206.000    871.000    4.0836    4.0836    4.0836    4.0836   1.000
  1208.000    871.000    3.7172    3.7172    3.7172    3.7172   1.000
  1183.000    872.000    3.7099    3.7099    3.7099    3.7099   1.000
  1188.000    872.000    3.5201    3.5201    3.5201    3.5201   1.000
  1202.000    872.000    3.6226    3.6226    3.6226    3.6226   1.000
  1159.000    873.000    3.8154    3.8154    3.8154    3.8154   1.000
  1190.000    873.000    2.9106    2.9106    2.9106    2.9106   1.000
  1210.000    873.000    3.1927    3.1927    3.1927    3.1927   1.000
  1172.000    874.000    2.1429    2.1429    2.1429    2.1429   1.000
  1174.000    874.000    2.1950    2.1950    2.1950    2.1950   1.000
  1202.000    874.000    3.8124    3.8124    3.8124    3.8124   1.000
  1206.000    874.000    4.4316    4.4316    4.4316    4.4316   1.000
  1185.000    875.000    0.3644    0.3644    0.3644    0.3644   1.000
  1164.000    876.000    2.1667    2.1667    2.1667    2.1667   1.000
  1175.000    876.000    3.5395    3.5395    3.5395    3.5395   1.000
  1187.000    876.000    1.4327    1.4327    1.4327    1.4327   1.000
  1190.000    876.000    4.2658    4.2658    4.2658    4.2658   1.000
  1209.000    876.000    4.2305    4.2305    4.2305    4.2305   1.000
  1169.000    877.000    0.4877    0.4877    0.4877    0.4877   1.000
  1180.000    877.000    1.8217    1.8217    1.8217    1.8217   1.000
  1185.000    878.000    3.8447    3.8447    3.8447    3.8447   1.000
  1194.000    878.000    4.6780    4.6780    4.6780    4.6780   1.000
  1204.000    878.000    3.5948    3.5948    3.5948    3.5948   1.000
  1210.000    878.000    3.7342    3.7342    3.7342    3.7342   1.000
  1161.000    879.000    2.7706    2.7706    2.7706    2.7706   1.000
  1172.000    879.000    4.1077    4.1077    4.1077    4.1077   1.000
  1187.000    879.000    3.2137    3.2137    3.2137    3.2137   1.000
  1189.000    879.000    3.2508    3.2508    3.2508    3.2508   1.000
  1168.000    880.000    3.6315    3.6315    3.6315    3.6315   1.000
  1178.000    880.000    5.1693    5.1693    5.1693    5.1693   1.000
  1194.000    880.000    4.5541    4.5541    4.5541    4.5541   1.000
  1204.000    880.000    4.1559    4.1559    4.1559    4.1559   1.000
  1175.000    881.000    3.3688    3.3688    3.3688    3.3688   1.000
  1182.000    881.000    4.0028    4.0028    4.0028    4.0028   1.000
  1202.000    881.000    3.3024    3.3024    3.3024    3.3024   1.000
  1177.000    882.000    4.3019    4.3019    4.3019    4.3019   1.000
  1186.000    882.000    3.9288    3.9288    3.9288    3.9288   1.000
  1193.000    882.000    4.0129    4.0129    4.0129    4.0129   1.000
  1196.000    882.000    4.2220    4.2220    4.2220    4.2220   1.000
  1162.000    883.000    3.9759    3.9759    3.9759    3.9759   1.000
  1169.000    883.000    3.0338    3.0338    3.0338    3.0338   1.000
  1189.000    883.000    3.5290    3.5290    3.5290    3.5290   1.000
  1199.000    883.000    2.8617    2.8617    2.8617    2.8617   1.000
  1205.000    883.000    4.0411    4.0411    4.0411    4.0411   1.000
  1172.000    884.000    2.9852    2.9852    2.9852    2.9852   1.000
  1177.000    884.000    5.2591    5.2591    5.2591    5.2591   1.000
  1210.000    884.000    4.3126    4.3126    4.3126    4.3126   1.000
  1165.000    885.000    2.6259    2.6259    2.6259    2.6259   1.000
  1201.000    885.000    5.0328    5.0328    5.0328    5.0328   1.000
  1157.000    886.000    3.5687    3.5687    3.5687    3.5687   1.000
  1159.000    886.000    3.5603    3.5603    3.5603    3.5603   1.000
  1188.000    886.000    3.3162    3.3162    3.3162    3.3162   1.000
  1192.000    886.000    4.2322    4.2322    4.2322    4.2322   1.000
  1198.000    886.000    3.3810    3.3810    3.3810    3.3810   1.000
  1208.000    886.000    4.1771    4.1771    4.1771    4.1771   1.000
  1167.000    887.000    2.2499    2.2499    2.2499    2.2499   1.000
  1171.000    887.000    4.0077    4.0077    4.0077    4.0077   1.000
  1163.000    888.000    2.8809    2.8809    2.8809    2.8809   1.000
  1184.000    888.000    3.5335    3.5335    3.5335    3.5335   1.000
  1194.000    888.000    4.3407    4.3407    4.3407    4.3407   1.000
  1172.000    889.000    3.6222    3.6222    3.6222    3.6222   1.000
  1175.000    889.000    3.6991    3.6991    3.6991    3.6991   1.000
  1180.000    889.000    5.1648    5.1648    5.1648    5.1648   1.000
  1197.000    889.000    3.8447    3.8447    3.8447    3.8447   1.000
  1210.000    889.000    3.9680    3.9680    3.9680    3.9680   1.000
  1157.000    890.000    3.2547    3.2547    3.2547    3.2547   1.000
  1163.000    890.000    1.9000    1.9000    1.9000    1.9000   1.000
  1166.000    890.000    3.5193    3.5193    3.5193    3.5193   1.000
  1200.000    890.000    3.6526    3.6526    3.6526    3.6526   1.000
  1186.000    891.000    3.3104    3.3104    3.3104    3.3104   1.000
  1241.000    836.000    3.9729    3.9729    3.9729    3.9729   1.000
  1244.000    836.000    2.8089    2.8089    2.8089    2.8089   1.000
  1257.000    836.000    3.4578    3.4578    3.4578    3.4578   1.000
  1264.000    836.000    3.5099    3.5099    3.5099    3.5099   1.000
  1225.000    837.000    3.6026    3.6026    3.6026    3.6026   1.000
  1252.000    837.000    3.8020    3.8020    3.8020    3.8020   1.000
  1254.000    837.000    3.7571    3.7571    3.7571    3.7571   1.000
  1259.000    837.000    3.4659    3.4659    3.4659    3.4659   1.000
  1249.000    838.000    3.3061    3.3061    3.3061    3.3061   1.000
  1270.000    838.000    3.6001    3.6001    3.6001    3.6001   1.000
  1229.000    839.000    3.5294    3.5294    3.5294    3.5294   1.000
  1240.000    839.000    4.3261    4.3261    4.3261    4.3261   1.000
  1273.000    839.000    2.3730    2.3730    2.3730    2.3730   1.000
  1224.000    840.000    2.7144    2.7144    2.7144    2.7144   1.000
  1237.000    840.000    4.6728    4.6728    4.6728    4.6728   1.000
  1221.000    841.000    2.9461    2.9461    2.9461    2.9461   1.000
  1227.000    841.000    3.3871    3.3871    3.3871    3.3871   1.000
  1244.000    841.000    4.1305    4.1305    4.1305    4.1305   1.000
  1229.000    842.000    3.6077    3.6077    3.6077    3.6077   1.000
  1232.000    842.000    4.8770    4.8770    4.8770    4.8770   1.000
  1264.000    842.000    3.4058    3.4058    3.4058    3.4058   1.000
  1266.000    842.000    2.4478    2.4478    2.4478    2.4478   1.000
  1270.000    842.000    3.9647    3.9647    3.9647    3.9647   1.000
  1274.000    842.000    4.1427    4.1427    4.1427    4.1427   1.000
  1258.000    843.000    3.6518    3.6518    3.6518    3.6518   1.000
  1249.000    844.000    3.3410    3.3410    3.3410    3.3410   1.000
  1254.000    844.000    2.0328    2.0328    2.0328    2.0328   1.000
  1263.000    844.000    1.9055    1.9055    1.9055    1.9055   1.000
  1274.000    844.000    3.9096    3.9096    3.9096    3.9096   1.000
  1222.000    845.000    0.4934    0.4934    0.4934    0.4934   1.000
  1232.000    845.000    4.2917    4.2917    4.2917    4.2917   1.000
  1236.000    845.000    3.1073    3.1073    3.1073    3.1073   1.000
  1252.000    845.000    2.8918    2.8918    2.8918    2.8918   1.000
  1261.000    845.000    2.7654    2.7654    2.7654    2.7654   1.000
  1266.000    845.000    2.8261    2.8261    2.8261    2.8261   1.000
  1271.000    845.000    0.2187    0.2187    0.2187    0.2187   1.000
  1227.000    846.000    3.1325    3.1325    3.1325    3.1325   1.000
  1238.000    846.000    3.8378    3.8378    3.8378    3.8378   1.000
  1244.000    846.000    2.4051    2.4051    2.4051    2.4051   1.000
  1224.000    847.000    1.3734    1.3734    1.3734    1.3734   1.000
  1232.000    847.000    4.1017    4.1017    4.1017    4.1017   1.000
  1253.000    847.000    1.4605    1.4605    1.4605    1.4605   1.000
  1264.000    847.000    4.3428    4.3428    4.3428    4.3428   1.000
  1269.000    847.000    2.6766    2.6766    2.6766    2.6766   1.000
  1273.000    847.000    2.7113    2.7113    2.7113    2.7113   1.000
  1275.000    847.000    3.3177    3.3177    3.3177    3.3177   1.000
  1228.000    848.000    2.6356    2.6356    2.6356    2.6356   1.000
  1236.000    848.000    3.5296    3.5296    3.5296    3.5296   1.000
  1249.000    848.000    2.5212    2.5212    2.5212    2.5212   1.000
  1256.000    848.000    1.9234    1.9234    1.9234    1.9234   1.000
  1230.000    849.000    3.4282    3.4282    3.4282    3.4282   1.000
  1243.000    849.000    3.0950    3.0950    3.0950    3.0950   1.000
  1254.000    849.000    2.3306    2.3306    2.3306    2.3306   1.000
  1238.000    850.000    2.7464    2.7464    2.7464    2.7464   1.000
  1245.000    850.000    3.2524    3.2524    3.2524    3.2524   1.000
  1252.000    850.000    3.3620    3.3620    3.3620    3.3620   1.000
  1220.000    851.000    0.7365    0.7365    0.7365    0.7365   1.000
  1232.000    851.000    3.4290    3.4290    3.4290    3.4290   1.000
  1240.000    851.000    3.2410    3.2410    3.2410    3.2410   1.000
  1243.000    851.000    3.0134    3.0134    3.0134    3.0134   1.000
  1264.000    851.000    3.9872    3.9872    3.9872    3.9872   1.000
  1267.000    851.000    4.7330    4.7330    4.7330    4.7330   1.000
  1272.000    852.000    3.8698    3.8698    3.8698    3.8698   1.000
  1224.000    853.000    3.0500    3.0500    3.0500    3.0500   1.000
  1246.000    853.000    4.1358    4.1358    4.1358    4.1358   1.000
  1259.000    853.000    4.7562    4.7562    4.7562    4.7562   1.000
  1261.000    853.000    3.4167    3.4167    3.4167    3.4167   1.000
  1229.000    854.000    0.2538    0.2538    0.2538    0.2538   1.000
  1236.000    854.000    4.0771    4.0771    4.0771    4.0771   1.000
  1227.000    855.000    1.3705    1.3705    1.3705    1.3705   1.000
  1240.000    855.000    3.1055    3.1055    3.1055    3.1055   1.000
  1266.000    855.000    1.3956    1.3956    1.3956    1.3956   1.000
  1274.000    855.000    4.2304    4.2304    4.2304    4.2304   1.000
  1223.000    857.000    1.4769    1.4769    1.4769    1.4769   1.000
  1226.000    857.000    2.4804    2.4804    2.4804    2.4804   1.000
  1231.000    857.000    2.4653    2.4653    2.4653    2.4653   1.000
  1244.000    857.000    4.2656    4.2656    4.2656    4.2656   1.000
  1259.000    857.000    3.3447    3.3447    3.3447    3.3447   1.000
  1271.000    857.000    3.1772    3.1772    3.1772    3.1772   1.000
  1265.000    858.000    1.8116    1.8116    1.8116    1.8116   1.000
  1269.000    858.000    3.2986    3.2986    3.2986    3.2986   1.000
  1222.000    859.000    1.9646    1.9646    1.9646    1.9646   1.000
  1229.000    859.000    3.3937    3.3937    3.3937    3.3937   1.000
  1242.000    859.000    3.0771    3.0771    3.0771    3.0771   1.000
  1259.000    859.000    2.6927    2.6927    2.6927    2.6927   1.000
  1267.000    859.000    1.6895    1.6895    1.6895    1.6895   1.000
  1275.000    859.000    3.3052    3.3052    3.3052    3.3052   1.000
  1273.000    860.000    3.8321    3.8321    3.8321    3.8321   1.000
  1239.000    861.000    3.0394    3.0394    3.0394    3.0394   1.000
  1242.000    861.000    3.6277    3.6277    3.6277    3.6277   1.000
  1247.000    861.000    3.2363    3.2363    3.2363    3.2363   1.000
  1259.000    861.000    2.1192    2.1192    2.1192    2.1192   1.000
  1221.000    862.000    4.9232    4.9232    4.9232    4.9232   1.000
  1231.000    862.000    4.4501    4.4501    4.4501    4.4501   1.000
  1269.000    862.000    4.0696    4.0696    4.0696    4.0696   1.000
  1224.000    863.000    2.9219    2.9219    2.9219    2.9219   1.000
  1240.000    863.000    3.3838    3.3838    3.3838    3.3838   1.000
  1249.000    863.000    2.5377    2.5377    2.5377    2.5377   1.000
  1257.000    863.000    2.4720    2.4720    2.4720    2.4720   1.000
  1235.000    865.000    4.1991    4.1991    4.1991    4.1991   1.000
  1240.000    865.000    3.7313    3.7313    3.7313    3.7313   1.000
  1245.000    865.000    3.6667    3.6667    3.6667    3.6667   1.000
  1261.000    865.000    1.9071    1.9071    1.9071    1.9071   1.000
  1265.000    865.000    3.5540    3.5540    3.5540    3.5540   1.000
  1247.000    866.000    1.7194    1.7194    1.7194    1.7194   1.000
  1275.000    866.000    3.5504    3.5504    3.5504    3.5504   1.000
  1221.000    867.000    3.5029    3.5029    3.5029    3.5029   1.000
  1251.000    867.000    3.1729    3.1729    3.1729    3.1729   1.000
  1259.000    867.000    1.6489    1.6489    1.6489    1.6489   1.000
  1225.000    868.000    3.6384    3.6384    3.6384    3.6384   1.000
  1227.000    868.000    3.0081    3.0081    3.0081    3.0081   1.000
  1229.000    868.000    3.1615    3.1615    3.1615    3.1615   1.000
  1262.000    868.000    2.0363    2.0363    2.0363    2.0363   1.000
  1220.000    869.000    4.5275    4.5275    4.5275    4.5275   1.000
  1247.000    869.000    2.5921    2.5921    2.5921    2.5921   1.000
  1254.000    869.000    4.5593    4.5593    4.5593    4.5593   1.000
  1222.000    870.000    3.2374    3.2374    3.2374    3.2374   1.000
  1230.000    870.000    2.7318    2.7318    2.7318    2.7318   1.000
  1239.000    870.000    3.7652    3.7652    3.7652    3.7652   1.000
  1243.000    870.000    3.7041    3.7041    3.7041    3.7041   1.000
  1262.000    870.000    1.9478    1.9478    1.9478    1.9478   1.000
  1274.000    870.000    3.8794    3.8794    3.8794    3.8794   1.000
  1228.000    871.000    3.1204    3.1204    3.1204    3.1204   1.000
  1232.000    871.000    2.8632    2.8632    2.8632    2.8632   1.000
  1245.000    871.000    3.0958    3.0958    3.0958    3.0958   1.000
  1225.000    872.000    4.3359    4.3359    4.3359    4.3359   1.000
  1248.000    872.000    3.8240    3.8240    3.8240    3.8240   1.000
  1252.000    872.000    2.7312    2.7312    2.7312    2.7312   1.000
  1271.000    872.000    3.3791    3.3791    3.3791    3.3791   1.000
  1240.000    873.000    4.2156    4.2156    4.2156    4.2156   1.000
  1275.000    873.000    3.7651    3.7651    3.7651    3.7651   1.000
  1227.000    874.000    2.2593    2.2593    2.2593    2.2593   1.000
  1237.000    874.000    3.4280    3.4280    3.4280    3.4280   1.000
  1258.000    874.000    3.9532    3.9532    3.9532    3.9532   1.000
  1231.000    875.000    3.0777    3.0777    3.0777    3.0777   1.000
  1256.000    875.000    3.6435    3.6435    3.6435    3.6435   1.000
  1237.000    876.000    3.0495    3.0495    3.0495    3.0495   1.000
  1248.000    876.000    3.3625    3.3625    3.3625    3.3625   1.000
  1250.000    876.000    2.7976    2.7976    2.7976    2.7976   1.000
  1252.000    876.000    3.3284    3.3284    3.3284    3.3284   1.000
  1261.000    876.000    3.9415    3.9415    3.9415    3.9415   1.000
  1263.000    876.000    3.3646    3.3646    3.3646    3.3646   1.000
  1245.000    877.000    3.2750    3.2750    3.2750    3.2750   1.000
  1222.000    878.000    3.4185    3.4185    3.4185    3.4185   1.000
  1248.000    878.000    2.5087    2.5087    2.5087    2.5087   1.000
  1250.000    878.000    2.8977    2.8977    2.8977    2.8977   1.000
  1269.000    878.000    4.5588    4.5588    4.5588    4.5588   1.000
  1273.000    878.000    3.0074    3.0074    3.0074    3.0074   1.000
  1235.000    879.000    3.2476    3.2476    3.2476    3.2476   1.000
  1245.000    879.000    3.2203    3.2203    3.2203    3.2203   1.000
  1263.000    879.000    3.6866    3.6866    3.6866    3.6866   1.000
  1230.000    880.000    2.3364    2.3364    2.3364    2.3364   1.000
  1243.000    880.000    2.6241    2.6241    2.6241    2.6241   1.000
  1268.000    880.000    4.7755    4.7755    4.7755    4.7755   1.000
  1223.000    881.000    1.3458    1.3458    1.3458    1.3458   1.000
  1228.000    881.000    2.3034    2.3034    2.3034    2.3034   1.000
  1240.000    881.000    4.6192    4.6192    4.6192    4.6192   1.000
  1247.000    881.000    2.7418    2.7418    2.7418    2.7418   1.000
  1251.000    881.000    1.5123    1.5123    1.5123    1.5123   1.000
  1260.000    881.000    2.5718    2.5718    2.5718    2.5718   1.000
  1272.000    881.000    3.9643    3.9643    3.9643    3.9643   1.000
  1231.000    882.000    4.4621    4.4621    4.4621    4.4621   1.000
  1256.000    882.000    3.9908    3.9908    3.9908    3.9908   1.000
  1268.000    882.000    4.1490    4.1490    4.1490    4.1490   1.000
  1222.000    883.000    4.6504    4.6504    4.6504    4.6504   1.000
  1226.000    883.000    3.8325    3.8325    3.8325    3.8325   1.000
  1242.000    883.000    3.3586    3.3586    3.3586    3.3586   1.000
  1265.000    883.000    3.8625    3.8625    3.8625    3.8625   1.000
  1224.000    884.000    3.8037    3.8037    3.8037    3.8037   1.000
  1222.000    885.000    2.1547    2.1547    2.1547    2.1547   1.000
  1235.000    885.000    3.4531    3.4531    3.4531    3.4531   1.000
  1242.000    885.000    2.6308    2.6308    2.6308    2.6308   1.000
  1258.000    885.000    4.0709    4.0709    4.0709    4.0709   1.000
  1274.000    885.000    4.9695    4.9695    4.9695    4.9695   1.000
  1239.000    886.000    2.4607    2.4607    2.4607    2.4607   1.000
  1269.000    887.000    2.2139    2.2139    2.2139    2.2139   1.000
  1231.000    888.000    2.3479    2.3479    2.3479    2.3479   1.000
  1239.000    888.000    2.2039    2.2039    2.2039    2.2039   1.000
  1272.000    888.000    3.4371    3.4371    3.4371    3.4371   1.000
  1248.000    889.000    3.2659    3.2659    3.2659    3.2659   1.000
  1251.000    889.000    3.2472    3.2472    3.2472    3.2472   1.000
  1255.000    889.000    2.5699    2.5699    2.5699    2.5699   1.000
  1266.000    889.000    0.9331    0.9331    0.9331    0.9331   1.000
  1221.000    890.000    3.5676    3.5676    3.5676    3.5676   1.000
  1226.000    890.000    3.3783    3.3783    3.3783    3.3783   1.000
  1261.000    890.000    3.2770    3.2770    3.2770    3.2770   1.000
  1238.000    891.000    2.1280    2.1280    2.1280    2.1280   1.000
  1240.000    891.000    2.8301    2.8301    2.8301    2.8301   1.000
  1247.000    891.000    3.9121    3.9121    3.9121    3.9121   1.000
  1256.000    891.000    4.0772    4.0772    4.0772    4.0772   1.000
  1258.000    891.000    3.7178    3.7178    3.7178    3.7178   1.000
   785.000    900.000    4.0572    4.0572    4.0572    4.0572   1.000
   795.000    900.000    3.1653    3.1653    3.1653    3.1653   1.000
   802.000    900.000    4.6368    4.6368    4.6368    4.6368   1.000
   817.000    900.000    4.2374    4.2374    4.2374    4.2374   1.000
   781.000    901.000    3.7696    3.7696    3.7696    3.7696   1.000
   797.000    901.000    2.7377    2.7377    2.7377    2.7377   1.000
   776.000    902.000    1.7639    1.7639    1.7639    1.7639   1.000
   779.000    902.000    2.3910    2.3910    2.3910    2.3910   1.000
   790.000    902.000    4.5623    4.5623    4.5623    4.5623   1.000
   793.000    902.000    3.1519    3.1519    3.1519    3.1519   1.000
   814.000    902.000    3.6992    3.6992    3.6992    3.6992   1.000
   826.000    902.000    3.9513    3.9513    3.9513    3.9513   1.000
   810.000    903.000    2.3543    2.3543    2.3543    2.3543   1.000
   779.000    904.000    2.8368    2.8368    2.8368    2.8368   1.000
   789.000    904.000    4.2151    4.2151    4.2151    4.2151   1.000
   783.000    905.000    3.4524    3.4524    3.4524    3.4524   1.000
   802.000    905.000    3.9621    3.9621    3.9621    3.9621   1.000
   807.000    905.000    0.2633    0.2633    0.2633    0.2633   1.000
   772.000    906.000    3.2463    3.2463    3.2463    3.2463   1.000
   785.000    906.000    2.0890    2.0890    2.0890    2.0890   1.000
   793.000    906.000    0.8455    0.8455    0.8455    0.8455   1.000
   809.000    906.000    2.3943    2.3943    2.3943    2.3943   1.000
   818.000    906.000    2.7505    2.7505    2.7505    2.7505   1.000
   823.000    906.000    3.0680    3.0680    3.0680    3.0680   1.000
   783.000    907.000    4.2978    4.2978    4.2978    4.2978   1.000
   788.000    907.000    2.5346    2.5346    2.5346    2.5346   1.000
   802.000    907.000    4.3575    4.3575    4.3575    4.3575   1.000
   806.000    907.000    1.1820    1.1820    1.1820    1.1820   1.000
   775.000    908.000    3.1524    3.1524    3.1524    3.1524   1.000
   792.000    908.000    1.3709    1.3709    1.3709    1.3709   1.000
   795.000    908.000    3.0956    3.0956    3.0956    3.0956   1.000
   797.000    908.000    3.1724    3.1724    3.1724    3.1724   1.000
   812.000    908.000    3.2940    3.2940    3.2940    3.2940   1.000
   814.000    908.000    3.9034    3.9034    3.9034    3.9034   1.000
   779.000    909.000    4.0163    4.0163    4.0163    4.0163   1.000
   781.000    909.000    2.9716    2.9716    2.9716    2.9716   1.000
   787.000    909.000    3.8896    3.8896    3.8896    3.8896   1.000
   806.000    909.000    0.1451    0.1451    0.1451    0.1451   1.000
   777.000    910.000    2.4472    2.4472    2.4472    2.4472   1.000
   783.000    910.000    2.5531    2.5531    2.5531    2.5531   1.000
   785.000    911.000    3.0241    3.0241    3.0241    3.0241   1.000
   793.000    911.000    3.1293    3.1293    3.1293    3.1293   1.000
   780.000    912.000    2.4809    2.4809    2.4809    2.4809   1.000
   783.000    912.000    1.9597    1.9597    1.9597    1.9597   1.000
   795.000    912.000    2.4849    2.4849    2.4849    2.4849   1.000
   801.000    912.000    3.4964    3.4964    3.4964    3.4964   1.000
   818.000    913.000    0.5485    0.5485    0.5485    0.5485   1.000
   821.000    913.000    3.0088    3.0088    3.0088    3.0088   1.000
   792.000    914.000    1.7032    1.7032    1.7032    1.7032   1.000
   794.000    914.000    1.7634    1.7634    1.7634    1.7634   1.000
   803.000    914.000    2.0908    2.0908    2.0908    2.0908   1.000
   806.000    914.000    2.3320    2.3320    2.3320    2.3320   1.000
   779.000    915.000    4.0087    4.0087    4.0087    4.0087   1.000
   815.000    915.000    2.5706    2.5706    2.5706    2.5706   1.000
   789.000    916.000    3.0404    3.0404    3.0404    3.0404   1.000
   791.000    916.000    1.7529    1.7529    1.7529    1.7529   1.000
   804.000    916.000    2.4240    2.4240    2.4240    2.4240   1.000
   820.000    916.000    2.4290    2.4290    2.4290    2.4290   1.000
   824.000    916.000    3.3176    3.3176    3.3176    3.3176   1.000
   777.000    917.000    4.0156    4.0156    4.0156    4.0156   1.000
   781.000    917.000    3.9360    3.9360    3.9360    3.9360   1.000
   794.000    917.000    4.0788    4.0788    4.0788    4.0788   1.000
   796.000    917.000    3.6841    3.6841    3.6841    3.6841   1.000
   800.000    917.000    3.3362    3.3362    3.3362    3.3362   1.000
   772.000    919.000    3.8770    3.8770    3.8770    3.8770   1.000
   785.000    919.000    3.5157    3.5157    3.5157    3.5157   1.000
   792.000    919.000    3.4505    3.4505    3.4505    3.4505   1.000
   794.000    919.000    4.2185    4.2185    4.2185    4.2185   1.000
   823.000    919.000    4.4946    4.4946    4.4946    4.4946   1.000
   827.000    919.000    4.0801    4.0801    4.0801    4.0801   1.000
   797.000    920.000    3.1115    3.1115    3.1115    3.1115   1.000
   803.000    920.000   -0.7083   -0.7083   -0.7083   -0.7083   1.000
   811.000    920.000    1.6077    1.6077    1.6077    1.6077   1.000
   818.000    920.000    3.9654    3.9654    3.9654    3.9654   1.000
   777.000    921.000    3.5774    3.5774    3.5774    3.5774   1.000
   806.000    921.000    4.8182    4.8182    4.8182    4.8182   1.000
   813.000    921.000    3.4058    3.4058    3.4058    3.4058   1.000
   798.000    922.000    3.1656    3.1656    3.1656    3.1656   1.000
   815.000    922.000    3.8916    3.8916    3.8916    3.8916   1.000
   788.000    923.000    4.0469    4.0469    4.0469    4.0469   1.000
   794.000    923.000    4.0039    4.0039    4.0039    4.0039   1.000
   802.000    923.000    2.3626    2.3626    2.3626    2.3626   1.000
   821.000    923.000    3.7544    3.7544    3.7544    3.7544   1.000
   792.000    924.000    3.7907    3.7907    3.7907    3.7907   1.000
   805.000    924.000    2.0297    2.0297    2.0297    2.0297   1.000
   773.000    925.000    3.3509    3.3509    3.3509    3.3509   1.000
   786.000    925.000    2.5585    2.5585    2.5585    2.5585   1.000
   801.000    925.000    3.8508    3.8508    3.8508    3.8508   1.000
   775.000    926.000    3.1956    3.1956    3.1956    3.1956   1.000
   789.000    926.000    3.5644    3.5644    3.5644    3.5644   1.000
   795.000    926.000    2.9115    2.9115    2.9115    2.9115   1.000
   797.000    926.000    4.0229    4.0229    4.0229    4.0229   1.000
   787.000    927.000    4.6276    4.6276    4.6276    4.6276   1.000
   772.000    928.000    4.1534    4.1534    4.1534    4.1534   1.000
   774.000    928.000    4.8990    4.8990    4.8990    4.8990   1.000
   776.000    928.000    4.3679    4.3679    4.3679    4.3679   1.000
   819.000    928.000    3.4695    3.4695    3.4695    3.4695   1.000
   792.000    929.000    2.9120    2.9120    2.9120    2.9120   1.000
   794.000    929.000    3.6406    3.6406    3.6406    3.6406   1.000
   776.000    930.000    3.0107    3.0107    3.0107    3.0107   1.000
   786.000    930.000    0.9786    0.9786    0.9786    0.9786   1.000
   797.000    930.000    0.6742    0.6742    0.6742    0.6742   1.000
   806.000    930.000    4.0552    4.0552    4.0552    4.0552   1.000
   814.000    930.000    4.6603    4.6603    4.6603    4.6603   1.000
   827.000    930.000    3.4611    3.4611    3.4611    3.4611   1.000
   788.000    931.000    4.3613    4.3613    4.3613    4.3613   1.000
   818.000    931.000    3.6098    3.6098    3.6098    3.6098   1.000
   777.000    932.000    4.0693    4.0693    4.0693    4.0693   1.000
   802.000    932.000    1.5912    1.5912    1.5912    1.5912   1.000
   805.000    932.000    3.4393    3.4393    3.4393    3.4393   1.000
   785.000    933.000    3.3154    3.3154    3.3154    3.3154   1.000
   789.000    933.000    2.5865    2.5865    2.5865    2.5865   1.000
   810.000    933.000    3.1884    3.1884    3.1884    3.1884   1.000
   821.000    933.000    4.2549    4.2549    4.2549    4.2549   1.000
   791.000    934.000    3.1396    3.1396    3.1396    3.1396   1.000
   818.000    934.000    4.1206    4.1206    4.1206    4.1206   1.000
   825.000    934.000    2.7762    2.7762    2.7762    2.7762   1.000
   789.000    935.000    3.9682    3.9682    3.9682    3.9682   1.000
   794.000    936.000    3.2720    3.2720    3.2720    3.2720   1.000
   810.000    936.000    4.1262    4.1262    4.1262    4.1262   1.000
   818.000    936.000    4.1290    4.1290    4.1290    4.1290   1.000
   777.000    937.000    3.5746    3.5746    3.5746    3.5746   1.000
   783.000    937.000    4.1792    4.1792    4.1792    4.1792   1.000
   787.000    937.000    3.2138    3.2138    3.2138    3.2138   1.000
   796.000    937.000    3.1744    3.1744    3.1744    3.1744   1.000
   773.000    938.000    3.5928    3.5928    3.5928    3.5928   1.000
   799.000    938.000    4.0199    4.0199    4.0199    4.0199   1.000
   801.000    938.000    3.6391    3.6391    3.6391    3.6391   1.000
   821.000    938.000    3.2639    3.2639    3.2639    3.2639   1.000
   823.000    938.000    3.1787    3.1787    3.1787    3.1787   1.000
   809.000    939.000    3.4736    3.4736    3.4736    3.4736   1.000
   826.000    939.000    3.1037    3.1037    3.1037    3.1037   1.000
   796.000    940.000    2.3027    2.3027    2.3027    2.3027   1.000
   801.000    940.000    3.2154    3.2154    3.2154    3.2154   1.000
   812.000    941.000    3.5954    3.5954    3.5954    3.5954   1.000
   772.000    942.000    4.7861    4.7861    4.7861    4.7861   1.000
   779.000    942.000    3.1427    3.1427    3.1427    3.1427   1.000
   786.000    942.000    3.3339    3.3339    3.3339    3.3339   1.000
   788.000    942.000    2.9446    2.9446    2.9446    2.9446   1.000
   796.000    942.000    4.0785    4.0785    4.0785    4.0785   1.000
   810.000    942.000    2.9267    2.9267    2.9267    2.9267   1.000
   817.000    942.000    3.6655    3.6655    3.6655    3.6655   1.000
   781.000    943.000    3.8520    3.8520    3.8520    3.8520   1.000
   794.000    943.000    2.7607    2.7607    2.7607    2.7607   1.000
   798.000    943.000    0.6419    0.6419    0.6419    0.6419   1.000
   804.000    943.000    4.2052    4.2052    4.2052    4.2052   1.000
   815.000    943.000    5.0990    5.0990    5.0990    5.0990   1.000
   772.000    944.000    3.6580    3.6580    3.6580    3.6580   1.000
   809.000    944.000    4.0603    4.0603    4.0603    4.0603   1.000
   827.000    944.000    3.1646    3.1646    3.1646    3.1646   1.000
   777.000    945.000    3.2392    3.2392    3.2392    3.2392   1.000
   800.000    945.000    3.4317    3.4317    3.4317    3.4317   1.000
   788.000    946.000    3.6773    3.6773    3.6773    3.6773   1.000
   791.000    946.000    3.8025    3.8025    3.8025    3.8025   1.000
   797.000    946.000    2.6976    2.6976    2.6976    2.6976   1.000
   812.000    946.000    3.2883    3.2883    3.2883    3.2883   1.000
   795.000    947.000    3.2112    3.2112    3.2112    3.2112   1.000
   783.000    948.000    4.2731    4.2731    4.2731    4.2731   1.000
   814.000    948.000    2.9472    2.9472    2.9472    2.9472   1.000
   809.000    949.000    2.7741    2.7741    2.7741    2.7741   1.000
   822.000    949.000    3.1854    3.1854    3.1854    3.1854   1.000
   827.000    949.000    0.7278    0.7278    0.7278    0.7278   1.000
   776.000    950.000    4.3902    4.3902    4.3902    4.3902   1.000
   779.000    950.000    4.2278    4.2278    4.2278    4.2278   1.000
   787.000    950.000    1.8796    1.8796    1.8796    1.8796   1.000
   798.000    950.000    3.5563    3.5563    3.5563    3.5563   1.000
   812.000    950.000    2.7485    2.7485    2.7485    2.7485   1.000
   818.000    950.000    4.3654    4.3654    4.3654    4.3654   1.000
   820.000    950.000    3.1150    3.1150    3.1150    3.1150   1.000
   790.000    951.000    4.5277    4.5277    4.5277    4.5277   1.000
   810.000    951.000    3.3450    3.3450    3.3450    3.3450   1.000
   776.000    952.000    3.1043    3.1043    3.1043    3.1043   1.000
   793.000    952.000    3.2206    3.2206    3.2206    3.2206   1.000
   796.000    952.000    3.7259    3.7259    3.7259    3.7259   1.000
   782.000    953.000    3.3552    3.3552    3.3552    3.3552   1.000
   784.000    953.000    4.1437    4.1437    4.1437    4.1437   1.000
   803.000    953.000    3.5289    3.5289    3.5289    3.5289   1.000
   799.000    954.000    4.5430    4.5430    4.5430    4.5430   1.000
   817.000    954.000    3.2006    3.2006    3.2006    3.2006   1.000
   819.000    954.000    2.2802    2.2802    2.2802    2.2802   1.000
   780.000    955.000    1.0599    1.0599    1.0599    1.0599   1.000
   784.000    955.000    3.1026    3.1026    3.1026    3.1026   1.000
   837.000    900.000    3.2738    3.2738    3.2738    3.2738   1.000
   849.000    900.000    2.8130    2.8130    2.8130    2.8130   1.000
   858.000    901.000    3.1494    3.1494    3.1494    3.1494   1.000
   871.000    901.000    3.7108    3.7108    3.7108    3.7108   1.000
   890.000    901.000    2.3523    2.3523    2.3523    2.3523   1.000
   854.000    902.000    3.9840    3.9840    3.9840    3.9840   1.000
   866.000    902.000    3.7620    3.7620    3.7620    3.7620   1.000
   878.000    902.000    3.4923    3.4923    3.4923    3.4923   1.000
   842.000    903.000    3.6099    3.6099    3.6099    3.6099   1.000
   847.000    903.000    2.1127    2.1127    2.1127    2.1127   1.000
   859.000    903.000    3.5236    3.5236    3.5236    3.5236   1.000
   861.000    903.000    3.6067    3.6067    3.6067    3.6067   1.000
   863.000    903.000    2.9412    2.9412    2.9412    2.9412   1.000
   875.000    903.000    4.0868    4.0868    4.0868    4.0868   1.000
   883.000    903.000    4.5573    4.5573    4.5573    4.5573   1.000
   885.000    903.000    4.3449    4.3449    4.3449    4.3449   1.000
   872.000    904.000    2.7802    2.7802    2.7802    2.7802   1.000
   880.000    904.000    2.3335    2.3335    2.3335    2.3335   1.000
   837.000    905.000    3.8015    3.8015    3.8015    3.8015   1.000
   857.000    905.000    3.2593    3.2593    3.2593    3.2593   1.000
   867.000    905.000    4.2179    4.2179    4.2179    4.2179   1.000
   875.000    905.000    3.4718    3.4718    3.4718    3.4718   1.000
   890.000    905.000    3.4411    3.4411    3.4411    3.4411   1.000
   870.000    906.000    4.4234    4.4234    4.4234    4.4234   1.000
   858.000    907.000    2.7994    2.7994    2.7994    2.7994   1.000
   879.000    907.000    5.1410    5.1410    5.1410    5.1410   1.000
   889.000    907.000    2.5342    2.5342    2.5342    2.5342   1.000
   842.000    908.000    3.7420    3.7420    3.7420    3.7420   1.000
   847.000    908.000    4.3539    4.3539    4.3539    4.3539   1.000
   850.000    908.000    3.2862    3.2862    3.2862    3.2862   1.000
   855.000    908.000    3.2220    3.2220    3.2220    3.2220   1.000
   862.000    908.000    2.3514    2.3514    2.3514    2.3514   1.000
   870.000    908.000    4.0134    4.0134    4.0134    4.0134   1.000
   874.000    908.000    3.5403    3.5403    3.5403    3.5403   1.000
   877.000    908.000    3.7628    3.7628    3.7628    3.7628   1.000
   887.000    908.000    3.6775    3.6775    3.6775    3.6775   1.000
   890.000    909.000    3.8229    3.8229    3.8229    3.8229   1.000
   840.000    910.000    3.6582    3.6582    3.6582    3.6582   1.000
   845.000    910.000    4.3166    4.3166    4.3166    4.3166   1.000
   849.000    910.000    4.5409    4.5409    4.5409    4.5409   1.000
   855.000    910.000    3.4579    3.4579    3.4579    3.4579   1.000
   877.000    910.000    3.4897    3.4897    3.4897    3.4897   1.000
   862.000    911.000    3.8758    3.8758    3.8758    3.8758   1.000
   884.000    911.000    4.2173    4.2173    4.2173    4.2173   1.000
   836.000    912.000    2.7856    2.7856    2.7856    2.7856   1.000
   876.000    912.000    2.7104    2.7104    2.7104    2.7104   1.000
   889.000    912.000    3.0798    3.0798    3.0798    3.0798   1.000
   838.000    913.000    3.4486    3.4486    3.4486    3.4486   1.000
   844.000    913.000    4.1328    4.1328    4.1328    4.1328   1.000
   859.000    913.000    1.8589    1.8589    1.8589    1.8589   1.000
   887.000    913.000    2.3566    2.3566    2.3566    2.3566   1.000
   849.000    914.000    0.6289    0.6289    0.6289    0.6289   1.000
   854.000    914.000    2.6825    2.6825    2.6825    2.6825   1.000
   857.000    914.000    0.6966    0.6966    0.6966    0.6966   1.000
   881.000    914.000    4.1102    4.1102    4.1102    4.1102   1.000
   836.000    915.000    3.6978    3.6978    3.6978    3.6978   1.000
   840.000    915.000    3.6892    3.6892    3.6892    3.6892   1.000
   860.000    915.000    3.8746    3.8746    3.8746    3.8746   1.000
   850.000    916.000    2.6117    2.6117    2.6117    2.6117   1.000
   852.000    916.000    2.5700    2.5700    2.5700    2.5700   1.000
   843.000    917.000    3.2097    3.2097    3.2097    3.2097   1.000
   855.000    917.000    2.9482    2.9482    2.9482    2.9482   1.000
   858.000    917.000    2.2389    2.2389    2.2389    2.2389   1.000
   864.000    917.000    2.8334    2.8334    2.8334    2.8334   1.000
   867.000    917.000    3.5353    3.5353    3.5353    3.5353   1.000
   872.000    917.000    0.3442    0.3442    0.3442    0.3442   1.000
   878.000    917.000    3.1353    3.1353    3.1353    3.1353   1.000
   889.000    917.000    3.7751    3.7751    3.7751    3.7751   1.000
   848.000    919.000    2.2501    2.2501    2.2501    2.2501   1.000
   856.000    919.000    3.3086    3.3086    3.3086    3.3086   1.000
   868.000    919.000    4.3510    4.3510    4.3510    4.3510   1.000
   858.000    920.000    3.1563    3.1563    3.1563    3.1563   1.000
   886.000    920.000    4.3325    4.3325    4.3325    4.3325   1.000
   837.000    922.000    3.3863    3.3863    3.3863    3.3863   1.000
   842.000    922.000    4.7761    4.7761    4.7761    4.7761   1.000
   844.000    922.000    3.7369    3.7369    3.7369    3.7369   1.000
   859.000    922.000    3.4734    3.4734    3.4734    3.4734   1.000
   882.000    922.000    3.3025    3.3025    3.3025    3.3025   1.000
   840.000    923.000    5.1024    5.1024    5.1024    5.1024   1.000
   847.000    923.000    2.9131    2.9131    2.9131    2.9131   1.000
   849.000    923.000    2.8626    2.8626    2.8626    2.8626   1.000
   878.000    923.000    1.3280    1.3280    1.3280    1.3280   1.000
   888.000    923.000    3.6038    3.6038    3.6038    3.6038   1.000
   852.000    924.000    3.9657    3.9657    3.9657    3.9657   1.000
   856.000    924.000    3.4626    3.4626    3.4626    3.4626   1.000
   839.000    925.000    2.8360    2.8360    2.8360    2.8360   1.000
   861.000    926.000    3.0055    3.0055    3.0055    3.0055   1.000
   877.000    926.000    2.2670    2.2670    2.2670    2.2670   1.000
   881.000    926.000    2.6368    2.6368    2.6368    2.6368   1.000
   841.000    927.000    2.1729    2.1729    2.1729    2.1729   1.000
   846.000    927.000    3.7413    3.7413    3.7413    3.7413   1.000
   856.000    927.000    4.4467    4.4467    4.4467    4.4467   1.000
   850.000    928.000    4.8052    4.8052    4.8052    4.8052   1.000
   852.000    928.000    3.6240    3.6240    3.6240    3.6240   1.000
   862.000    928.000    2.9174    2.9174    2.9174    2.9174   1.000
   878.000    928.000    0.9399    0.9399    0.9399    0.9399   1.000
   886.000    928.000    1.8177    1.8177    1.8177    1.8177   1.000
   888.000    928.000    2.9041    2.9041    2.9041    2.9041   1.000
   836.000    929.000    3.3086    3.3086    3.3086    3.3086   1.000
   858.000    929.000    3.2721    3.2721    3.2721    3.2721   1.000
   865.000    929.000    3.4797    3.4797    3.4797    3.4797   1.000
   840.000    930.000    3.6122    3.6122    3.6122    3.6122   1.000
   842.000    930.000    2.8162    2.8162    2.8162    2.8162   1.000
   852.000    930.000    3.4634    3.4634    3.4634    3.4634   1.000
   860.000    930.000    3.1783    3.1783    3.1783    3.1783   1.000
   879.000    930.000    3.0006    3.0006    3.0006    3.0006   1.000
   883.000    930.000    1.4052    1.4052    1.4052    1.4052   1.000
   885.000    930.000    4.6834    4.6834    4.6834    4.6834   1.000
   849.000    931.000    3.5590    3.5590    3.5590    3.5590   1.000
   857.000    931.000    3.6930    3.6930    3.6930    3.6930   1.000
   873.000    931.000    3.4829    3.4829    3.4829    3.4829   1.000
   843.000    932.000    3.1552    3.1552    3.1552    3.1552   1.000
   863.000    932.000    3.1114    3.1114    3.1114    3.1114   1.000
   886.000    932.000    1.9218    1.9218    1.9218    1.9218   1.000
   851.000    933.000    4.1660    4.1660    4.1660    4.1660   1.000
   868.000    933.000    2.7175    2.7175    2.7175    2.7175   1.000
   877.000    933.000    3.1117    3.1117    3.1117    3.1117   1.000
   848.000    934.000    4.0995    4.0995    4.0995    4.0995   1.000
   860.000    934.000    3.3582    3.3582    3.3582    3.3582   1.000
   889.000    934.000    3.2468    3.2468    3.2468    3.2468   1.000
   839.000    935.000    1.4859    1.4859    1.4859    1.4859   1.000
   844.000    935.000    2.9670    2.9670    2.9670    2.9670   1.000
   850.000    935.000    4.0697    4.0697    4.0697    4.0697   1.000
   867.000    935.000    0.3863    0.3863    0.3863    0.3863   1.000
   836.000    936.000    3.0116    3.0116    3.0116    3.0116   1.000
   841.000    936.000    1.9620    1.9620    1.9620    1.9620   1.000
   846.000    936.000    4.7269    4.7269    4.7269    4.7269   1.000
   862.000    936.000    3.0554    3.0554    3.0554    3.0554   1.000
   864.000    936.000    2.8579    2.8579    2.8579    2.8579   1.000
   871.000    936.000    2.9280    2.9280    2.9280    2.9280   1.000
   874.000    936.000    4.2075    4.2075    4.2075    4.2075   1.000
   885.000    936.000    3.6141    3.6141    3.6141    3.6141   1.000
   890.000    936.000    3.3073    3.3073    3.3073    3.3073   1.000
   853.000    937.000    3.6175    3.6175    3.6175    3.6175   1.000
   860.000    937.000    3.9129    3.9129    3.9129    3.9129   1.000
   842.000    938.000    2.2511    2.2511    2.2511    2.2511   1.000
   874.000    938.000    5.0480    5.0480    5.0480    5.0480   1.000
   888.000    938.000    2.7813    2.7813    2.7813    2.7813   1.000
   890.000    938.000    3.5775    3.5775    3.5775    3.5775   1.000
   867.000    939.000    3.5455    3.5455    3.5455    3.5455   1.000
   869.000    939.000    3.2153    3.2153    3.2153    3.2153   1.000
   871.000    939.000    2.8424    2.8424    2.8424    2.8424   1.000
   838.000    940.000   -1.4345   -1.4345   -1.4345   -1.4345   1.000
   841.000    940.000    2.5151    2.5151    2.5151    2.5151   1.000
   848.000    940.000    5.2176    5.2176    5.2176    5.2176   1.000
   854.000    940.000    4.5136    4.5136    4.5136    4.5136   1.000
   874.000    940.000    3.1208    3.1208    3.1208    3.1208   1.000
   843.000    941.000    3.0161    3.0161    3.0161    3.0161   1.000
   859.000    941.000    4.3646    4.3646    4.3646    4.3646   1.000
   869.000    941.000    3.6567    3.6567    3.6567    3.6567   1.000
   876.000    941.000    3.2140    3.2140    3.2140    3.2140   1.000
   878.000    941.000    4.5454    4.5454    4.5454    4.5454   1.000
   841.000    942.000    1.9938    1.9938    1.9938    1.9938   1.000
   849.000    942.000    3.0603    3.0603    3.0603    3.0603   1.000
   880.000    942.000    3.3942    3.3942    3.3942    3.3942   1.000
   870.000    943.000    3.5169    3.5169    3.5169    3.5169   1.000
   840.000    944.000    1.4882    1.4882    1.4882    1.4882   1.000
   856.000    944.000    3.7382    3.7382    3.7382    3.7382   1.000
   866.000    944.000    3.8233    3.8233    3.8233    3.8233   1.000
   880.000    944.000    3.8864    3.8864    3.8864    3.8864   1.000
   890.000    944.000    0.6664    0.6664    0.6664    0.6664   1.000
   842.000    945.000    2.3305    2.3305    2.3305    2.3305   1.000
   846.000    945.000    4.3175    4.3175    4.3175    4.3175   1.000
   863.000    945.000    2.8782    2.8782    2.8782    2.8782   1.000
   888.000    945.000    1.0547    1.0547    1.0547    1.0547   1.000
   838.000    946.000    2.0949    2.0949    2.0949    2.0949   1.000
   844.000    946.000    3.6043    3.6043    3.6043    3.6043   1.000
   860.000    946.000    3.3120    3.3120    3.3120    3.3120   1.000
   881.000    946.000    3.8835    3.8835    3.8835    3.8835   1.000
   890.000    946.000    2.5657    2.5657    2.5657    2.5657   1.000
   849.000    947.000    4.6965    4.6965    4.6965    4.6965   1.000
   854.000    947.000    2.7702    2.7702    2.7702    2.7702   1.000
   863.000    947.000    4.3341    4.3341    4.3341    4.3341   1.000
   885.000    947.000    1.9784    1.9784    1.9784    1.9784   1.000
   838.000    948.000    3.5153    3.5153    3.5153    3.5153   1.000
   844.000    948.000    3.2858    3.2858    3.2858    3.2858   1.000
   865.000    948.000    3.2141    3.2141    3.2141    3.2141   1.000
   867.000    948.000    3.4648    3.4648    3.4648    3.4648   1.000
   846.000    949.000    3.4298    3.4298    3.4298    3.4298   1.000
   851.000    949.000    4.5524    4.5524    4.5524    4.5524   1.000
   878.000    949.000    3.1347    3.1347    3.1347    3.1347   1.000
   844.000    950.000    4.1487    4.1487    4.1487    4.1487   1.000
   855.000    950.000    3.6125    3.6125    3.6125    3.6125   1.000
   863.000    950.000    3.8121    3.8121    3.8121    3.8121   1.000
   875.000    950.000    3.2518    3.2518    3.2518    3.2518   1.000
   885.000    950.000    2.3708    2.3708    2.3708    2.3708   1.000
   840.000    951.000    0.1713    0.1713    0.1713    0.1713   1.000
   877.000    951.000    3.1607    3.1607    3.1607    3.1607   1.000
   883.000    951.000    3.3344    3.3344    3.3344    3.3344   1.000
   888.000    951.000    3.3009    3.3009    3.3009    3.3009   1.000
   844.000    952.000    1.6908    1.6908    1.6908    1.6908   1.000
   869.000    952.000    4.6746    4.6746    4.6746    4.6746   1.000
   837.000    953.000    3.3494    3.3494    3.3494    3.3494   1.000
   872.000    953.000    3.1380    3.1380    3.1380    3.1380   1.000
   843.000    954.000    2.7526    2.7526    2.7526    2.7526   1.000
   862.000    954.000    2.9918    2.9918    2.9918    2.9918   1.000
   869.000    954.000    3.3850    3.3850    3.3850    3.3850   1.000
   887.000    954.000    3.5876    3.5876    3.5876    3.5876   1.000
   837.000    955.000    3.0316    3.0316    3.0316    3.0316   1.000
   846.000    955.000    4.0163    4.0163    4.0163    4.0163   1.000
   942.000    900.000    3.3682    3.3682    3.3682    3.3682   1.000
   949.000    900.000    2.9325    2.9325    2.9325    2.9325   1.000
   954.000    900.000    3.9081    3.9081    3.9081    3.9081   1.000
   912.000    901.000    4.6768    4.6768    4.6768    4.6768   1.000
   916.000    901.000    3.8137    3.8137    3.8137    3.8137   1.000
   952.000    901.000    3.4692    3.4692    3.4692    3.4692   1.000
   917.000    903.000    3.2887    3.2887    3.2887    3.2887   1.000
   935.000    903.000    4.4753    4.4753    4.4753    4.4753   1.000
   952.000    903.000    3.4949    3.4949    3.4949    3.4949   1.000
   910.000    904.000    3.9063    3.9063    3.9063    3.9063   1.000
   920.000    904.000    3.7575    3.7575    3.7575    3.7575   1.000
   924.000    904.000    4.2630    4.2630    4.2630    4.2630   1.000
   945.000    904.000    3.3639    3.3639    3.3639    3.3639   1.000
   955.000    904.000    3.7968    3.7968    3.7968    3.7968   1.000
   904.000    905.000    1.2191    1.2191    1.2191    1.2191   1.000
   908.000    905.000    3.4920    3.4920    3.4920    3.4920   1.000
   930.000    905.000    3.8636    3.8636    3.8636    3.8636   1.000
   947.000    905.000    3.0799    3.0799    3.0799    3.0799   1.000
   912.000    906.000    3.0471    3.0471    3.0471    3.0471   1.000
   916.000    906.000    2.7597    2.7597    2.7597    2.7597   1.000
   925.000    906.000    3.8254    3.8254    3.8254    3.8254   1.000
   945.000    906.000    3.3310    3.3310    3.3310    3.3310   1.000
   951.000    906.000    3.3467    3.3467    3.3467    3.3467   1.000
   920.000    907.000    3.0946    3.0946    3.0946    3.0946   1.000
   942.000    907.000    0.5887    0.5887    0.5887    0.5887   1.000
   947.000    907.000    2.7469    2.7469    2.7469    2.7469   1.000
   903.000    908.000    3.4483    3.4483    3.4483    3.4483   1.000
   923.000    908.000    3.2761    3.2761    3.2761    3.2761   1.000
   925.000    908.000    3.0506    3.0506    3.0506    3.0506   1.000
   932.000    908.000    2.8671    2.8671    2.8671    2.8671   1.000
   945.000    908.000    2.2964    2.2964    2.2964    2.2964   1.000
   949.000    908.000    3.7515    3.7515    3.7515    3.7515   1.000
   920.000    909.000    4.4604    4.4604    4.4604    4.4604   1.000
   929.000    909.000    3.2092    3.2092    3.2092    3.2092   1.000
   906.000    910.000    3.9764    3.9764    3.9764    3.9764   1.000
   916.000    910.000    3.4565    3.4565    3.4565    3.4565   1.000
   941.000    910.000    2.6374    2.6374    2.6374    2.6374   1.000
   908.000    911.000    3.0695    3.0695    3.0695    3.0695   1.000
   930.000    911.000    3.2126    3.2126    3.2126    3.2126   1.000
   904.000    912.000    3.9630    3.9630    3.9630    3.9630   1.000
   920.000    912.000    4.2265    4.2265    4.2265    4.2265   1.000
   922.000    912.000    4.0767    4.0767    4.0767    4.0767   1.000
   932.000    912.000    1.2077    1.2077    1.2077    1.2077   1.000
   940.000    912.000    2.9594    2.9594    2.9594    2.9594   1.000
   944.000    912.000   -0.2218   -0.2218   -0.2218   -0.2218   1.000
   951.000    912.000    2.7911    2.7911    2.7911    2.7911   1.000
   916.000    913.000    2.8777    2.8777    2.8777    2.8777   1.000
   924.000    913.000    3.1229    3.1229    3.1229    3.1229   1.000
   938.000    913.000    4.1366    4.1366    4.1366    4.1366   1.000
   906.000    914.000    3.8301    3.8301    3.8301    3.8301   1.000
   908.000    914.000    3.8557    3.8557    3.8557    3.8557   1.000
   910.000    914.000    3.6992    3.6992    3.6992    3.6992   1.000
   919.000    914.000    4.0263    4.0263    4.0263    4.0263   1.000
   940.000    914.000    5.3179    5.3179    5.3179    5.3179   1.000
   948.000    914.000    3.3124    3.3124    3.3124    3.3124   1.000
   950.000    914.000    3.0650    3.0650    3.0650    3.0650   1.000
   901.000    915.000    3.3004    3.3004    3.3004    3.3004   1.000
   946.000    915.000    2.7650    2.7650    2.7650    2.7650   1.000
   918.000    916.000    3.7681    3.7681    3.7681    3.7681   1.000
   924.000    916.000    3.3166    3.3166    3.3166    3.3166   1.000
   928.000    916.000    3.9285    3.9285    3.9285    3.9285   1.000
   950.000    916.000    2.0974    2.0974    2.0974    2.0974   1.000
   902.000    917.000    3.6824    3.6824    3.6824    3.6824   1.000
   911.000    917.000    4.0986    4.0986    4.0986    4.0986   1.000
   930.000    917.000    4.1647    4.1647    4.1647    4.1647   1.000
   945.000    917.000    3.0888    3.0888    3.0888    3.0888   1.000
   904.000    918.000    3.2033    3.2033    3.2033    3.2033   1.000
   919.000    918.000    4.1919    4.1919    4.1919    4.1919   1.000
   932.000    918.000    4.1104    4.1104    4.1104    4.1104   1.000
   934.000    918.000    2.9322    2.9322    2.9322    2.9322   1.000
   940.000    918.000    3.1591    3.1591    3.1591    3.1591   1.000
   915.000    919.000    3.4897    3.4897    3.4897    3.4897   1.000
   926.000    919.000    2.4937    2.4937    2.4937    2.4937   1.000
   937.000    919.000    3.3663    3.3663    3.3663    3.3663   1.000
   924.000    920.000    3.4085    3.4085    3.4085    3.4085   1.000
   944.000    920.000    3.1938    3.1938    3.1938    3.1938   1.000
   949.000    920.000    3.1904    3.1904    3.1904    3.1904   1.000
   953.000    920.000    3.7008    3.7008    3.7008    3.7008   1.000
   915.000    921.000    4.2978    4.2978    4.2978    4.2978   1.000
   947.000    921.000    3.9529    3.9529    3.9529    3.9529   1.000
   901.000    922.000    2.8668    2.8668    2.8668    2.8668   1.000
   909.000    922.000    2.4672    2.4672    2.4672    2.4672   1.000
   911.000    922.000    2.2974    2.2974    2.2974    2.2974   1.000
   934.000    922.000    2.0316    2.0316    2.0316    2.0316   1.000
   941.000    922.000    3.4361    3.4361    3.4361    3.4361   1.000
   955.000    922.000    3.7470    3.7470    3.7470    3.7470   1.000
   903.000    923.000    2.9958    2.9958    2.9958    2.9958   1.000
   906.000    923.000    2.3041    2.3041    2.3041    2.3041   1.000
   915.000    923.000    4.0027    4.0027    4.0027    4.0027   1.000
   943.000    923.000    3.2766    3.2766    3.2766    3.2766   1.000
   901.000    924.000    4.0001    4.0001    4.0001    4.0001   1.000
   937.000    924.000    1.5636    1.5636    1.5636    1.5636   1.000
   940.000    924.000    2.6237    2.6237    2.6237    2.6237   1.000
   935.000    925.000    2.4459    2.4459    2.4459    2.4459   1.000
   909.000    926.000   -0.4059   -0.4059   -0.4059   -0.4059   1.000
   919.000    926.000    4.2327    4.2327    4.2327    4.2327   1.000
   927.000    926.000    4.1847    4.1847    4.1847    4.1847   1.000
   955.000    926.000    3.7553    3.7553    3.7553    3.7553   1.000
   913.000    927.000    2.6410    2.6410    2.6410    2.6410   1.000
   939.000    927.000    2.8776    2.8776    2.8776    2.8776   1.000
   933.000    928.000    2.5764    2.5764    2.5764    2.5764   1.000
   948.000    928.000    3.5413    3.5413    3.5413    3.5413   1.000
   904.000    929.000    1.9032    1.9032    1.9032    1.9032   1.000
   943.000    929.000    3.1317    3.1317    3.1317    3.1317   1.000
   911.000    930.000    2.6379    2.6379    2.6379    2.6379   1.000
   917.000    931.000    2.7942    2.7942    2.7942    2.7942   1.000
   942.000    931.000    3.8745    3.8745    3.8745    3.8745   1.000
   904.000    932.000    2.9669    2.9669    2.9669    2.9669   1.000
   909.000    932.000    2.7087    2.7087    2.7087    2.7087   1.000
   911.000    932.000    2.9823    2.9823    2.9823    2.9823   1.000
   923.000    932.000    3.7158    3.7158    3.7158    3.7158   1.000
   950.000    932.000    3.6854    3.6854    3.6854    3.6854   1.000
   907.000    933.000    4.2155    4.2155    4.2155    4.2155   1.000
   929.000    933.000    3.7147    3.7147    3.7147    3.7147   1.000
   937.000    933.000    3.0915    3.0915    3.0915    3.0915   1.000
   943.000    933.000    2.7993    2.7993    2.7993    2.7993   1.000
   953.000    933.000    4.5589    4.5589    4.5589    4.5589   1.000
   900.000    934.000    4.3608    4.3608    4.3608    4.3608   1.000
   917.000    935.000    3.4863    3.4863    3.4863    3.4863   1.000
   927.000    935.000    5.0487    5.0487    5.0487    5.0487   1.000
   945.000    935.000    3.4111    3.4111    3.4111    3.4111   1.000
   901.000    936.000    3.4446    3.4446    3.4446    3.4446   1.000
   907.000    937.000    3.0292    3.0292    3.0292    3.0292   1.000
   910.000    937.000    4.3894    4.3894    4.3894    4.3894   1.000
   914.000    937.000    4.7028    4.7028    4.7028    4.7028   1.000
   944.000    937.000    3.3597    3.3597    3.3597    3.3597   1.000
   949.000    937.000    3.2574    3.2574    3.2574    3.2574   1.000
   917.000    938.000    3.7838    3.7838    3.7838    3.7838   1.000
   921.000    938.000    3.6121    3.6121    3.6121    3.6121   1.000
   932.000    938.000    4.0615    4.0615    4.0615    4.0615   1.000
   942.000    938.000    3.7244    3.7244    3.7244    3.7244   1.000
   955.000    938.000    3.8752    3.8752    3.8752    3.8752   1.000
   912.000    939.000    3.3419    3.3419    3.3419    3.3419   1.000
   940.000    939.000    3.2184    3.2184    3.2184    3.2184   1.000
   907.000    940.000    3.4905    3.4905    3.4905    3.4905   1.000
   921.000    940.000    3.9411    3.9411    3.9411    3.9411   1.000
   925.000    940.000    4.6800    4.6800    4.6800    4.6800   1.000
   930.000    940.000    3.3247    3.3247    3.3247    3.3247   1.000
   935.000    940.000    3.6138    3.6138    3.6138    3.6138   1.000
   946.000    940.000    2.0943    2.0943    2.0943    2.0943   1.000
   902.000    941.000    3.7696    3.7696    3.7696    3.7696   1.000
   905.000    941.000    4.5261    4.5261    4.5261    4.5261   1.000
   915.000    941.000    4.1102    4.1102    4.1102    4.1102   1.000
   910.000    942.000    2.7127    2.7127    2.7127    2.7127   1.000
   922.000    942.000    3.7968    3.7968    3.7968    3.7968   1.000
   949.000    942.000    3.7557    3.7557    3.7557    3.7557   1.000
   919.000    943.000    3.6590    3.6590    3.6590    3.6590   1.000
   952.000    943.000    3.5472    3.5472    3.5472    3.5472   1.000
   954.000    943.000    3.5446    3.5446    3.5446    3.5446   1.000
   908.000    944.000    3.7506    3.7506    3.7506    3.7506   1.000
   924.000    944.000    3.6800    3.6800    3.6800    3.6800   1.000
   937.000    944.000    4.0453    4.0453    4.0453    4.0453   1.000
   942.000    944.000    2.3424    2.3424    2.3424    2.3424   1.000
   944.000    944.000    3.8383    3.8383    3.8383    3.8383   1.000
   900.000    945.000    3.0336    3.0336    3.0336    3.0336   1.000
   910.000    945.000    1.5385    1.5385    1.5385    1.5385   1.000
   953.000    945.000    3.7937    3.7937    3.7937    3.7937   1.000
   933.000    946.000    3.8835    3.8835    3.8835    3.8835   1.000
   951.000    946.000    3.1134    3.1134    3.1134    3.1134   1.000
   901.000    947.000    3.2008    3.2008    3.2008    3.2008   1.000
   909.000    947.000    0.8586    0.8586    0.8586    0.8586   1.000
   921.000    947.000    1.9827    1.9827    1.9827    1.9827   1.000
   928.000    947.000    3.9150    3.9150    3.9150    3.9150   1.000
   935.000    947.000    3.2026    3.2026    3.2026    3.2026   1.000
   947.000    947.000    3.3640    3.3640    3.3640    3.3640   1.000
   912.000    948.000    5.2709    5.2709    5.2709    5.2709   1.000
   926.000    948.000    2.8026    2.8026    2.8026    2.8026   1.000
   940.000    948.000    4.4719    4.4719    4.4719    4.4719   1.000
   905.000    949.000    3.7007    3.7007    3.7007    3.7007   1.000
   915.000    949.000    3.8798    3.8798    3.8798    3.8798   1.000
   923.000    949.000    1.5012    1.5012    1.5012    1.5012   1.000
   927.000    951.000    2.7250    2.7250    2.7250    2.7250   1.000
   930.000    951.000    2.2435    2.2435    2.2435    2.2435   1.000
   943.000    951.000    2.9876    2.9876    2.9876    2.9876   1.000
   946.000    951.000    3.0211    3.0211    3.0211    3.0211   1.000
   954.000    951.000    3.9023    3.9023    3.9023    3.9023   1.000
   940.000    952.000    4.3049    4.3049    4.3049    4.3049   1.000
   950.000    952.000    3.9102    3.9102    3.9102    3.9102   1.000
   903.000    953.000    4.6454    4.6454    4.6454    4.6454   1.000
   905.000    953.000    3.3652    3.3652    3.3652    3.3652   1.000
   907.000    953.000    4.1582    4.1582    4.1582    4.1582   1.000
   927.000    953.000    3.0034    3.0034    3.0034    3.0034   1.000
   936.000    953.000    3.6343    3.6343    3.6343    3.6343   1.000
   943.000    953.000    3.4715    3.4715    3.4715    3.4715   1.000
   912.000    954.000    3.7108    3.7108    3.7108    3.7108   1.000
   919.000    954.000    4.4312    4.4312    4.4312    4.4312   1.000
   921.000    954.000    4.7614    4.7614    4.7614    4.7614   1.000
   923.000    954.000    3.0149    3.0149    3.0149    3.0149   1.000
   948.000    954.000    3.8160    3.8160    3.8160    3.8160   1.000
   925.000    955.000    2.7025    2.7025    2.7025    2.7025   1.000
   936.000    955.000    3.0164    3.0164    3.0164    3.0164   1.000
  1010.000    900.000    3.3710    3.3710    3.3710    3.3710   1.000
   985.000    901.000    4.8096    4.8096    4.8096    4.8096   1.000
   997.000    901.000    3.1812    3.1812    3.1812    3.1812   1.000
   966.000    902.000    2.8748    2.8748    2.8748    2.8748   1.000
   973.000    902.000    3.2266    3.2266    3.2266    3.2266   1.000
   991.000    902.000    3.9270    3.9270    3.9270    3.9270   1.000
   995.000    902.000    2.3561    2.3561    2.3561    2.3561   1.000
   993.000    903.000    2.1919    2.1919    2.1919    2.1919   1.000
  1002.000    903.000    3.2337    3.2337    3.2337    3.2337   1.000
  1017.000    903.000    4.2606    4.2606    4.2606    4.2606   1.000
   985.000    904.000    3.9613    3.9613    3.9613    3.9613   1.000
   987.000    904.000    4.0975    4.0975    4.0975    4.0975   1.000
   989.000    904.000    3.1904    3.1904    3.1904    3.1904   1.000
   997.000    904.000    4.1151    4.1151    4.1151    4.1151   1.000
  1012.000    904.000    3.1766    3.1766    3.1766    3.1766   1.000
   978.000    905.000    3.3255    3.3255    3.3255    3.3255   1.000
   993.000    905.000    1.1455    1.1455    1.1455    1.1455   1.000
  1006.000    905.000    3.8379    3.8379    3.8379    3.8379   1.000
   966.000    906.000    3.6456    3.6456    3.6456    3.6456   1.000
  1003.000    906.000    3.3433    3.3433    3.3433    3.3433   1.000
  1011.000    906.000    2.9392    2.9392    2.9392    2.9392   1.000
  1000.000    907.000    2.9230    2.9230    2.9230    2.9230   1.000
  1013.000    907.000    2.5671    2.5671    2.5671    2.5671   1.000
   968.000    908.000    2.9037    2.9037    2.9037    2.9037   1.000
   975.000    908.000    1.6051    1.6051    1.6051    1.6051   1.000
   978.000    908.000    3.5336    3.5336    3.5336    3.5336   1.000
   981.000    908.000    3.6403    3.6403    3.6403    3.6403   1.000
   991.000    908.000    4.1120    4.1120    4.1120    4.1120   1.000
   993.000    908.000    2.6191    2.6191    2.6191    2.6191   1.000
   998.000    908.000    3.3849    3.3849    3.3849    3.3849   1.000
  1003.000    908.000    3.1968    3.1968    3.1968    3.1968   1.000
  1005.000    908.000    4.1662    4.1662    4.1662    4.1662   1.000
   970.000    909.000    3.2733    3.2733    3.2733    3.2733   1.000
   984.000    909.000    4.8430    4.8430    4.8430    4.8430   1.000
  1000.000    909.000    3.8417    3.8417    3.8417    3.8417   1.000
  1011.000    909.000    2.3976    2.3976    2.3976    2.3976   1.000
  1017.000    909.000    2.3993    2.3993    2.3993    2.3993   1.000
   968.000    910.000    2.5069    2.5069    2.5069    2.5069   1.000
   978.000    910.000    2.9155    2.9155    2.9155    2.9155   1.000
   991.000    910.000    4.2586    4.2586    4.2586    4.2586   1.000
   973.000    911.000    4.1286    4.1286    4.1286    4.1286   1.000
  1009.000    911.000    3.9256    3.9256    3.9256    3.9256   1.000
   980.000    912.000    4.7899    4.7899    4.7899    4.7899   1.000
   988.000    912.000    4.7092    4.7092    4.7092    4.7092   1.000
  1003.000    912.000    3.4148    3.4148    3.4148    3.4148   1.000
  1000.000    913.000    4.9949    4.9949    4.9949    4.9949   1.000
  1010.000    913.000    2.2299    2.2299    2.2299    2.2299   1.000
   965.000    914.000    2.8862    2.8862    2.8862    2.8862   1.000
   977.000    914.000    3.5831    3.5831    3.5831    3.5831   1.000
   990.000    914.000    3.8565    3.8565    3.8565    3.8565   1.000
   995.000    914.000    2.8528    2.8528    2.8528    2.8528   1.000
  1004.000    914.000    3.2045    3.2045    3.2045    3.2045   1.000
  1013.000    914.000    4.0981    4.0981    4.0981    4.0981   1.000
  1016.000    914.000    3.4124    3.4124    3.4124    3.4124   1.000
   967.000    916.000    3.7962    3.7962    3.7962    3.7962   1.000
   974.000    916.000    3.7672    3.7672    3.7672    3.7672   1.000
   982.000    916.000    3.1265    3.1265    3.1265    3.1265   1.000
  1006.000    916.000    3.8307    3.8307    3.8307    3.8307   1.000
  1008.000    916.000    3.9275    3.9275    3.9275    3.9275   1.000
   972.000    917.000    3.9881    3.9881    3.9881    3.9881   1.000
   976.000    917.000    4.6205    4.6205    4.6205    4.6205   1.000
   982.000    918.000    4.3942    4.3942    4.3942    4.3942   1.000
   994.000    918.000    0.4875    0.4875    0.4875    0.4875   1.000
  1005.000    918.000    3.2673    3.2673    3.2673    3.2673   1.000
  1015.000    918.000    3.9082    3.9082    3.9082    3.9082   1.000
   965.000    919.000    4.8524    4.8524    4.8524    4.8524   1.000
   972.000    919.000    3.4841    3.4841    3.4841    3.4841   1.000
   990.000    919.000    2.5427    2.5427    2.5427    2.5427   1.000
   998.000    919.000    3.5317    3.5317    3.5317    3.5317   1.000
  1012.000    919.000    4.1636    4.1636    4.1636    4.1636   1.000
  1002.000    920.000    4.6786    4.6786    4.6786    4.6786   1.000
  1004.000    920.000    4.3781    4.3781    4.3781    4.3781   1.000
  1010.000    920.000    3.6564    3.6564    3.6564    3.6564   1.000
   965.000    921.000    4.0153    4.0153    4.0153    4.0153   1.000
   987.000    921.000    3.8794    3.8794    3.8794    3.8794   1.000
   994.000    921.000    3.1918    3.1918    3.1918    3.1918   1.000
   996.000    921.000    3.9262    3.9262    3.9262    3.9262   1.000
  1008.000    921.000    3.5610    3.5610    3.5610    3.5610   1.000
  1015.000    922.000    3.3662    3.3662    3.3662    3.3662   1.000
   973.000    923.000    3.9574    3.9574    3.9574    3.9574   1.000
  1012.000    924.000    3.6453    3.6453    3.6453    3.6453   1.000
   964.000    925.000    5.2579    5.2579    5.2579    5.2579   1.000
   980.000    925.000    3.3805    3.3805    3.3805    3.3805   1.000
   986.000    925.000    3.3539    3.3539    3.3539    3.3539   1.000
  1003.000    925.000    3.6255    3.6255    3.6255    3.6255   1.000
  1014.000    925.000    3.2059    3.2059    3.2059    3.2059   1.000
   968.000    926.000    3.7186    3.7186    3.7186    3.7186   1.000
  1010.000    926.000    4.3122    4.3122    4.3122    4.3122   1.000
  1017.000    926.000    2.0728    2.0728    2.0728    2.0728   1.000
   975.000    927.000    4.2352    4.2352    4.2352    4.2352   1.000
   986.000    927.000    4.1604    4.1604    4.1604    4.1604   1.000
   995.000    927.000    2.4888    2.4888    2.4888    2.4888   1.000
  1002.000    927.000    4.4443    4.4443    4.4443    4.4443   1.000
   980.000    928.000    2.7420    2.7420    2.7420    2.7420   1.000
   965.000    929.000    2.4799    2.4799    2.4799    2.4799   1.000
   967.000    929.000    2.7202    2.7202    2.7202    2.7202   1.000
   999.000    929.000    4.1748    4.1748    4.1748    4.1748   1.000
  1016.000    929.000    2.2991    2.2991    2.2991    2.2991   1.000
   977.000    930.000    3.3018    3.3018    3.3018    3.3018   1.000
   984.000    930.000    2.3840    2.3840    2.3840    2.3840   1.000
   997.000    930.000    2.6809    2.6809    2.6809    2.6809   1.000
  1013.000    930.000    3.2668    3.2668    3.2668    3.2668   1.000
   993.000    931.000    4.1497    4.1497    4.1497    4.1497   1.000
   995.000    931.000    3.2204    3.2204    3.2204    3.2204   1.000
  1009.000    931.000    3.3214    3.3214    3.3214    3.3214   1.000
  1003.000    932.000    2.1851    2.1851    2.1851    2.1851   1.000
   965.000    933.000    3.3539    3.3539    3.3539    3.3539   1.000
   975.000    933.000    1.4292    1.4292    1.4292    1.4292   1.000
   978.000    933.000    3.3486    3.3486    3.3486    3.3486   1.000
   983.000    933.000    3.9790    3.9790    3.9790    3.9790   1.000
   994.000    933.000    2.3303    2.3303    2.3303    2.3303   1.000
   996.000    933.000    3.2252    3.2252    3.2252    3.2252   1.000
  1006.000    933.000    3.0889    3.0889    3.0889    3.0889   1.000
  1014.000    933.000    3.8106    3.8106    3.8106    3.8106   1.000
  1019.000    934.000    3.9955    3.9955    3.9955    3.9955   1.000
   972.000    935.000    3.7994    3.7994    3.7994    3.7994   1.000
   985.000    935.000    3.7639    3.7639    3.7639    3.7639   1.000
   997.000    935.000    3.5037    3.5037    3.5037    3.5037   1.000
  1002.000    935.000    3.9568    3.9568    3.9568    3.9568   1.000
  1006.000    935.000    2.9182    2.9182    2.9182    2.9182   1.000
   995.000    936.000    2.1635    2.1635    2.1635    2.1635   1.000
  1017.000    936.000    2.3357    2.3357    2.3357    2.3357   1.000
   972.000    937.000    3.4812    3.4812    3.4812    3.4812   1.000
   976.000    937.000    2.0242    2.0242    2.0242    2.0242   1.000
   986.000    937.000    3.0318    3.0318    3.0318    3.0318   1.000
  1003.000    937.000    4.1212    4.1212    4.1212    4.1212   1.000
  1006.000    937.000    4.2391    4.2391    4.2391    4.2391   1.000
  1014.000    937.000    3.3817    3.3817    3.3817    3.3817   1.000
   966.000    938.000    2.4928    2.4928    2.4928    2.4928   1.000
   978.000    938.000    2.1934    2.1934    2.1934    2.1934   1.000
   982.000    938.000    4.0209    4.0209    4.0209    4.0209   1.000
   988.000    938.000    4.3943    4.3943    4.3943    4.3943   1.000
  1012.000    938.000    4.3873    4.3873    4.3873    4.3873   1.000
   975.000    939.000    3.1960    3.1960    3.1960    3.1960   1.000
   992.000    939.000    3.3476    3.3476    3.3476    3.3476   1.000
  1008.000    939.000    4.4661    4.4661    4.4661    4.4661   1.000
   967.000    940.000    2.7052    2.7052    2.7052    2.7052   1.000
   990.000    940.000    3.8181    3.8181    3.8181    3.8181   1.000
   998.000    940.000    3.5836    3.5836    3.5836    3.5836   1.000
  1017.000    940.000    3.9136    3.9136    3.9136    3.9136   1.000
   988.000    941.000    3.4300    3.4300    3.4300    3.4300   1.000
   994.000    941.000    3.4705    3.4705    3.4705    3.4705   1.000
  1008.000    941.000    4.5896    4.5896    4.5896    4.5896   1.000
  1011.000    941.000    3.6563    3.6563    3.6563    3.6563   1.000
   977.000    942.000    2.6610    2.6610    2.6610    2.6610   1.000
   990.000    942.000    3.6507    3.6507    3.6507    3.6507   1.000
   999.000    942.000    2.9510    2.9510    2.9510    2.9510   1.000
  1015.000    942.000    4.1777    4.1777    4.1777    4.1777   1.000
   981.000    943.000    3.7177    3.7177    3.7177    3.7177   1.000
   987.000    943.000    1.7765    1.7765    1.7765    1.7765   1.000
  1008.000    943.000    5.0040    5.0040    5.0040    5.0040   1.000
  1012.000    943.000    5.7173    5.7173    5.7173    5.7173   1.000
   992.000    944.000    1.8859    1.8859    1.8859    1.8859   1.000
   976.000    945.000    2.7759    2.7759    2.7759    2.7759   1.000
   988.000    945.000    0.0880    0.0880    0.0880    0.0880   1.000
   994.000    945.000    2.9344    2.9344    2.9344    2.9344   1.000
   997.000    945.000    3.3704    3.3704    3.3704    3.3704   1.000
  1019.000    945.000    2.9149    2.9149    2.9149    2.9149   1.000
   979.000    946.000    3.3266    3.3266    3.3266    3.3266   1.000
   985.000    946.000    2.3903    2.3903    2.3903    2.3903   1.000
  1005.000    946.000    2.5663    2.5663    2.5663    2.5663   1.000
  1010.000    946.000    4.1853    4.1853    4.1853    4.1853   1.000
  1015.000    946.000    4.9999    4.9999    4.9999    4.9999   1.000
  1000.000    947.000    3.3914    3.3914    3.3914    3.3914   1.000
  1012.000    947.000    3.0077    3.0077    3.0077    3.0077   1.000
  1019.000    947.000    4.6815    4.6815    4.6815    4.6815   1.000
   964.000    948.000    2.3316    2.3316    2.3316    2.3316   1.000
   968.000    948.000    3.9070    3.9070    3.9070    3.9070   1.000
   986.000    948.000    1.9877    1.9877    1.9877    1.9877   1.000
   991.000    948.000    2.5165    2.5165    2.5165    2.5165   1.000
  1008.000    948.000    2.0801    2.0801    2.0801    2.0801   1.000
   966.000    949.000    3.0031    3.0031    3.0031    3.0031   1.000
   973.000    949.000    4.0524    4.0524    4.0524    4.0524   1.000
   976.000    949.000    1.3867    1.3867    1.3867    1.3867   1.000
   982.000    949.000    4.0632    4.0632    4.0632    4.0632   1.000
  1011.000    949.000    1.8128    1.8128    1.8128    1.8128   1.000
   991.000    950.000    4.1122    4.1122    4.1122    4.1122   1.000
  1004.000    950.000    3.9299    3.9299    3.9299    3.9299   1.000
   971.000    951.000    4.1252    4.1252    4.1252    4.1252   1.000
   973.000    951.000    4.1563    4.1563    4.1563    4.1563   1.000
   982.000    951.000    3.4981    3.4981    3.4981    3.4981   1.000
   985.000    951.000    2.0333    2.0333    2.0333    2.0333   1.000
   989.000    951.000    2.8615    2.8615    2.8615    2.8615   1.000
  1009.000    951.000    4.5699    4.5699    4.5699    4.5699   1.000
   964.000    952.000    2.9564    2.9564    2.9564    2.9564   1.000
  1014.000    952.000    4.1733    4.1733    4.1733    4.1733   1.000
  1019.000    952.000    0.2476    0.2476    0.2476    0.2476   1.000
   978.000    953.000    3.1177    3.1177    3.1177    3.1177   1.000
   983.000    953.000    4.7580    4.7580    4.7580    4.7580   1.000
   985.000    953.000    4.7227    4.7227    4.7227    4.7227   1.000
   989.000    953.000    2.7921    2.7921    2.7921    2.7921   1.000
   994.000    953.000    2.9795    2.9795    2.9795    2.9795   1.000
  1012.000    953.000    3.0305    3.0305    3.0305    3.0305   1.000
   965.000    954.000    3.8149    3.8149    3.8149    3.8149   1.000
  1000.000    954.000    0.0521    0.0521    0.0521    0.0521   1.000
  1014.000    954.000    1.8768    1.8768    1.8768    1.8768   1.000
  1019.000    954.000    0.2348    0.2348    0.2348    0.2348   1.000
   971.000    955.000    3.6399    3.6399    3.6399    3.6399   1.000
  1042.000    900.000    3.5990    3.5990    3.5990    3.5990   1.000
  1050.000    900.000    3.2988    3.2988    3.2988    3.2988   1.000
  1067.000    900.000    3.6221    3.6221    3.6221    3.6221   1.000
  1030.000    901.000    3.4327    3.4327    3.4327    3.4327   1.000
  1064.000    901.000    4.1437    4.1437    4.1437    4.1437   1.000
  1070.000    901.000    3.2098    3.2098    3.2098    3.2098   1.000
  1080.000    901.000    2.4716    2.4716    2.4716    2.4716   1.000
  1043.000    902.000    3.3490    3.3490    3.3490    3.3490   1.000
  1047.000    902.000    3.2232    3.2232    3.2232    3.2232   1.000
  1060.000    902.000    3.9972    3.9972    3.9972    3.9972   1.000
  1075.000    902.000    3.7744    3.7744    3.7744    3.7744   1.000
  1041.000    903.000    1.6041    1.6041    1.6041    1.6041   1.000
  1032.000    904.000    3.9533    3.9533    3.9533    3.9533   1.000
  1039.000    904.000    1.8378    1.8378    1.8378    1.8378   1.000
  1043.000    904.000    3.0224    3.0224    3.0224    3.0224   1.000
  1045.000    904.000    2.3105    2.3105    2.3105    2.3105   1.000
  1065.000    904.000    3.0437    3.0437    3.0437    3.0437   1.000
  1073.000    904.000    6.0369    6.0369    6.0369    6.0369   1.000
  1030.000    905.000    3.6427    3.6427    3.6427    3.6427   1.000
  1041.000    905.000    3.7519    3.7519    3.7519    3.7519   1.000
  1083.000    905.000    3.9393    3.9393    3.9393    3.9393   1.000
  1038.000    906.000    4.1563    4.1563    4.1563    4.1563   1.000
  1067.000    906.000    3.8602    3.8602    3.8602    3.8602   1.000
  1081.000    906.000    3.7506    3.7506    3.7506    3.7506   1.000
  1028.000    907.000    4.2295    4.2295    4.2295    4.2295   1.000
  1041.000    907.000    4.5884    4.5884    4.5884    4.5884   1.000
  1061.000    907.000    2.5368    2.5368    2.5368    2.5368   1.000
  1063.000    907.000    3.7479    3.7479    3.7479    3.7479   1.000
  1078.000    908.000    3.6095    3.6095    3.6095    3.6095   1.000
  1062.000    909.000    4.3780    4.3780    4.3780    4.3780   1.000
  1064.000    909.000    3.9485    3.9485    3.9485    3.9485   1.000
  1080.000    909.000    3.9323    3.9323    3.9323    3.9323   1.000
  1029.000    910.000    3.6309    3.6309    3.6309    3.6309   1.000
  1037.000    910.000    3.4077    3.4077    3.4077    3.4077   1.000
  1051.000    910.000    4.5008    4.5008    4.5008    4.5008   1.000
  1058.000    910.000    2.9285    2.9285    2.9285    2.9285   1.000
  1041.000    911.000    3.1525    3.1525    3.1525    3.1525   1.000
  1063.000    911.000    3.3120    3.3120    3.3120    3.3120   1.000
  1034.000    912.000    3.6907    3.6907    3.6907    3.6907   1.000
  1055.000    912.000    3.2471    3.2471    3.2471    3.2471   1.000
  1070.000    912.000    3.5042    3.5042    3.5042    3.5042   1.000
  1075.000    912.000    2.2979    2.2979    2.2979    2.2979   1.000
  1050.000    913.000    1.2493    1.2493    1.2493    1.2493   1.000
  1080.000    913.000    3.1501    3.1501    3.1501    3.1501   1.000
  1039.000    914.000    3.3296    3.3296    3.3296    3.3296   1.000
  1041.000    914.000    4.3186    4.3186    4.3186    4.3186   1.000
  1045.000    914.000    3.5249    3.5249    3.5249    3.5249   1.000
  1036.000    915.000    3.7494    3.7494    3.7494    3.7494   1.000
  1056.000    915.000    3.3230    3.3230    3.3230    3.3230   1.000
  1058.000    915.000    3.8085    3.8085    3.8085    3.8085   1.000
  1075.000    915.000    2.7284    2.7284    2.7284    2.7284   1.000
  1041.000    916.000    2.8815    2.8815    2.8815    2.8815   1.000
  1053.000    916.000    1.0263    1.0263    1.0263    1.0263   1.000
  1082.000    916.000    3.8154    3.8154    3.8154    3.8154   1.000
  1032.000    917.000    3.1693    3.1693    3.1693    3.1693   1.000
  1046.000    917.000    3.2133    3.2133    3.2133    3.2133   1.000
  1072.000    917.000    3.2208    3.2208    3.2208    3.2208   1.000
  1074.000    917.000    3.5912    3.5912    3.5912    3.5912   1.000
  1040.000    918.000    0.2427    0.2427    0.2427    0.2427   1.000
  1082.000    918.000    4.1724    4.1724    4.1724    4.1724   1.000
  1028.000    919.000    3.9910    3.9910    3.9910    3.9910   1.000
  1044.000    919.000    3.0979    3.0979    3.0979    3.0979   1.000
  1073.000    919.000    2.7751    2.7751    2.7751    2.7751   1.000
  1078.000    919.000    3.6318    3.6318    3.6318    3.6318   1.000
  1033.000    920.000    3.7295    3.7295    3.7295    3.7295   1.000
  1063.000    920.000    3.6977    3.6977    3.6977    3.6977   1.000
  1071.000    920.000    3.4198    3.4198    3.4198    3.4198   1.000
  1030.000    921.000    3.3942    3.3942    3.3942    3.3942   1.000
  1036.000    921.000    3.0553    3.0553    3.0553    3.0553   1.000
  1038.000    921.000    4.5668    4.5668    4.5668    4.5668   1.000
  1042.000    921.000    3.3763    3.3763    3.3763    3.3763   1.000
  1082.000    921.000    2.1586    2.1586    2.1586    2.1586   1.000
  1033.000    922.000    3.6024    3.6024    3.6024    3.6024   1.000
  1053.000    922.000    3.4015    3.4015    3.4015    3.4015   1.000
  1057.000    922.000    3.9777    3.9777    3.9777    3.9777   1.000
  1070.000    922.000    3.5022    3.5022    3.5022    3.5022   1.000
  1075.000    922.000    3.3149    3.3149    3.3149    3.3149   1.000
  1028.000    923.000    3.9247    3.9247    3.9247    3.9247   1.000
  1041.000    923.000    3.6462    3.6462    3.6462    3.6462   1.000
  1051.000    923.000    2.8412    2.8412    2.8412    2.8412   1.000
  1065.000    923.000    2.8867    2.8867    2.8867    2.8867   1.000
  1080.000    923.000    3.0557    3.0557    3.0557    3.0557   1.000
  1045.000    924.000    5.9075    5.9075    5.9075    5.9075   1.000
  1049.000    924.000    3.3062    3.3062    3.3062    3.3062   1.000
  1063.000    924.000    4.1156    4.1156    4.1156    4.1156   1.000
  1068.000    924.000    3.2470    3.2470    3.2470    3.2470   1.000
  1076.000    924.000    3.1040    3.1040    3.1040    3.1040   1.000
  1028.000    925.000    3.9592    3.9592    3.9592    3.9592   1.000
  1037.000    925.000    2.9369    2.9369    2.9369    2.9369   1.000
  1052.000    925.000    4.8488    4.8488    4.8488    4.8488   1.000
  1039.000    926.000    4.7149    4.7149    4.7149    4.7149   1.000
  1076.000    926.000    3.4352    3.4352    3.4352    3.4352   1.000
  1081.000    926.000    3.3133    3.3133    3.3133    3.3133   1.000
  1033.000    927.000    3.8129    3.8129    3.8129    3.8129   1.000
  1055.000    927.000    1.7786    1.7786    1.7786    1.7786   1.000
  1068.000    927.000    3.7924    3.7924    3.7924    3.7924   1.000
  1072.000    927.000    3.1727    3.1727    3.1727    3.1727   1.000
  1045.000    929.000    2.4533    2.4533    2.4533    2.4533   1.000
  1060.000    929.000    3.4318    3.4318    3.4318    3.4318   1.000
  1079.000    929.000    3.8174    3.8174    3.8174    3.8174   1.000
  1029.000    930.000    3.8445    3.8445    3.8445    3.8445   1.000
  1062.000    930.000    3.6131    3.6131    3.6131    3.6131   1.000
  1066.000    930.000    1.5903    1.5903    1.5903    1.5903   1.000
  1071.000    930.000    1.4865    1.4865    1.4865    1.4865   1.000
  1041.000    931.000    4.6649    4.6649    4.6649    4.6649   1.000
  1043.000    931.000    3.6707    3.6707    3.6707    3.6707   1.000
  1032.000    932.000    3.6231    3.6231    3.6231    3.6231   1.000
  1057.000    932.000    4.0807    4.0807    4.0807    4.0807   1.000
  1071.000    932.000    1.8618    1.8618    1.8618    1.8618   1.000
  1080.000    932.000    3.4847    3.4847    3.4847    3.4847   1.000
  1074.000    933.000    2.3493    2.3493    2.3493    2.3493   1.000
  1033.000    934.000    3.8116    3.8116    3.8116    3.8116   1.000
  1040.000    934.000    5.1212    5.1212    5.1212    5.1212   1.000
  1045.000    934.000    2.3405    2.3405    2.3405    2.3405   1.000
  1049.000    934.000    4.0129    4.0129    4.0129    4.0129   1.000
  1061.000    934.000    4.5962    4.5962    4.5962    4.5962   1.000
  1066.000    934.000    2.1765    2.1765    2.1765    2.1765   1.000
  1068.000    934.000    3.6360    3.6360    3.6360    3.6360   1.000
  1070.000    934.000    3.0419    3.0419    3.0419    3.0419   1.000
  1054.000    935.000    4.2268    4.2268    4.2268    4.2268   1.000
  1083.000    935.000    4.1540    4.1540    4.1540    4.1540   1.000
  1033.000    936.000    4.4675    4.4675    4.4675    4.4675   1.000
  1042.000    936.000    3.6530    3.6530    3.6530    3.6530   1.000
  1044.000    936.000    1.9580    1.9580    1.9580    1.9580   1.000
  1051.000    936.000    3.7619    3.7619    3.7619    3.7619   1.000
  1075.000    936.000    4.4430    4.4430    4.4430    4.4430   1.000
  1028.000    937.000    4.2141    4.2141    4.2141    4.2141   1.000
  1036.000    937.000    3.7384    3.7384    3.7384    3.7384   1.000
  1065.000    937.000    4.0334    4.0334    4.0334    4.0334   1.000
  1072.000    937.000    3.9029    3.9029    3.9029    3.9029   1.000
  1033.000    938.000    3.2773    3.2773    3.2773    3.2773   1.000
  1047.000    938.000    2.7261    2.7261    2.7261    2.7261   1.000
  1075.000    938.000    4.8015    4.8015    4.8015    4.8015   1.000
  1081.000    938.000    3.4926    3.4926    3.4926    3.4926   1.000
  1035.000    939.000    3.9400    3.9400    3.9400    3.9400   1.000
  1049.000    939.000    3.4655    3.4655    3.4655    3.4655   1.000
  1053.000    939.000    3.3947    3.3947    3.3947    3.3947   1.000
  1055.000    939.000    3.8419    3.8419    3.8419    3.8419   1.000
  1072.000    939.000    3.7626    3.7626    3.7626    3.7626   1.000
  1062.000    940.000    0.5916    0.5916    0.5916    0.5916   1.000
  1068.000    940.000    2.7609    2.7609    2.7609    2.7609   1.000
  1035.000    941.000    3.7906    3.7906    3.7906    3.7906   1.000
  1065.000    941.000    3.1955    3.1955    3.1955    3.1955   1.000
  1079.000    941.000    3.4779    3.4779    3.4779    3.4779   1.000
  1059.000    942.000    1.7287    1.7287    1.7287    1.7287   1.000
  1063.000    942.000    2.3598    2.3598    2.3598    2.3598   1.000
  1067.000    942.000    4.3012    4.3012    4.3012    4.3012   1.000
  1069.000    942.000    2.5788    2.5788    2.5788    2.5788   1.000
  1032.000    943.000    4.0098    4.0098    4.0098    4.0098   1.000
  1061.000    943.000    2.3891    2.3891    2.3891    2.3891   1.000
  1071.000    943.000    2.8883    2.8883    2.8883    2.8883   1.000
  1038.000    944.000    3.2288    3.2288    3.2288    3.2288   1.000
  1045.000    944.000    4.7165    4.7165    4.7165    4.7165   1.000
  1049.000    944.000    2.3506    2.3506    2.3506    2.3506   1.000
  1082.000    944.000    3.4493    3.4493    3.4493    3.4493   1.000
  1029.000    945.000    3.4928    3.4928    3.4928    3.4928   1.000
  1034.000    945.000    3.3571    3.3571    3.3571    3.3571   1.000
  1061.000    945.000    2.7199    2.7199    2.7199    2.7199   1.000
  1075.000    945.000    3.0715    3.0715    3.0715    3.0715   1.000
  1077.000    945.000    2.9160    2.9160    2.9160    2.9160   1.000
  1043.000    946.000    3.7541    3.7541    3.7541    3.7541   1.000
  1048.000    946.000    4.0130    4.0130    4.0130    4.0130   1.000
  1050.000    946.000    3.1779    3.1779    3.1779    3.1779   1.000
  1064.000    946.000    3.1813    3.1813    3.1813    3.1813   1.000
  1067.000    946.000    3.6106    3.6106    3.6106    3.6106   1.000
  1071.000    946.000    3.6192    3.6192    3.6192    3.6192   1.000
  1080.000    946.000    3.5795    3.5795    3.5795    3.5795   1.000
  1053.000    947.000    3.1585    3.1585    3.1585    3.1585   1.000
  1033.000    948.000    4.3318    4.3318    4.3318    4.3318   1.000
  1035.000    948.000    4.2274    4.2274    4.2274    4.2274   1.000
  1037.000    948.000    3.6550    3.6550    3.6550    3.6550   1.000
  1057.000    948.000    2.8973    2.8973    2.8973    2.8973   1.000
  1060.000    948.000   -0.0349   -0.0349   -0.0349   -0.0349   1.000
  1076.000    948.000    5.0366    5.0366    5.0366    5.0366   1.000
  1080.000    948.000    3.2632    3.2632    3.2632    3.2632   1.000
  1041.000    949.000    3.2677    3.2677    3.2677    3.2677   1.000
  1049.000    949.000    3.4862    3.4862    3.4862    3.4862   1.000
  1030.000    950.000    4.0886    4.0886    4.0886    4.0886   1.000
  1045.000    950.000    2.6242    2.6242    2.6242    2.6242   1.000
  1071.000    950.000    2.5693    2.5693    2.5693    2.5693   1.000
  1028.000    951.000    2.2018    2.2018    2.2018    2.2018   1.000
  1032.000    951.000    3.5469    3.5469    3.5469    3.5469   1.000
  1079.000    951.000    3.4058    3.4058    3.4058    3.4058   1.000
  1036.000    952.000    2.6695    2.6695    2.6695    2.6695   1.000
  1038.000    952.000    3.7207    3.7207    3.7207    3.7207   1.000
  1056.000    952.000    3.6443    3.6443    3.6443    3.6443   1.000
  1042.000    953.000    4.1992    4.1992    4.1992    4.1992   1.000
  1060.000    953.000    2.5813    2.5813    2.5813    2.5813   1.000
  1071.000    953.000    3.3839    3.3839    3.3839    3.3839   1.000
  1033.000    954.000    3.6073    3.6073    3.6073    3.6073   1.000
  1050.000    954.000    4.1733    4.1733    4.1733    4.1733   1.000
  1063.000    954.000    4.2174    4.2174    4.2174    4.2174   1.000
  1041.000    955.000    3.8120    3.8120    3.8120    3.8120   1.000
  1053.000    955.000    4.3343    4.3343    4.3343    4.3343   1.000
  1074.000    955.000    2.4363    2.4363    2.4363    2.4363   1.000
  1081.000    955.000    3.9651    3.9651    3.9651    3.9651   1.000
  1093.000    900.000    2.5022    2.5022    2.5022    2.5022   1.000
  1098.000    900.000    3.7487    3.7487    3.7487    3.7487   1.000
  1109.000    900.000    3.8538    3.8538    3.8538    3.8538   1.000
  1128.000    900.000    3.8789    3.8789    3.8789    3.8789   1.000
  1102.000    901.000    4.3172    4.3172    4.3172    4.3172   1.000
  1134.000    901.000    4.6275    4.6275    4.6275    4.6275   1.000
  1136.000    901.000    3.5233    3.5233    3.5233    3.5233   1.000
  1098.000    902.000    2.7988    2.7988    2.7988    2.7988   1.000
  1109.000    902.000    3.9848    3.9848    3.9848    3.9848   1.000
  1138.000    902.000    4.5890    4.5890    4.5890    4.5890   1.000
  1102.000    903.000    3.9277    3.9277    3.9277    3.9277   1.000
  1124.000    903.000    3.5647    3.5647    3.5647    3.5647   1.000
  1136.000    903.000    3.8953    3.8953    3.8953    3.8953   1.000
  1110.000    904.000    4.1688    4.1688    4.1688    4.1688   1.000
  1129.000    904.000    4.0119    4.0119    4.0119    4.0119   1.000
  1131.000    904.000    3.3141    3.3141    3.3141    3.3141   1.000
  1104.000    905.000    3.7262    3.7262    3.7262    3.7262   1.000
  1107.000    905.000    2.3261    2.3261    2.3261    2.3261   1.000
  1119.000    905.000    2.5096    2.5096    2.5096    2.5096   1.000
  1140.000    905.000    3.4596    3.4596    3.4596    3.4596   1.000
  1115.000    906.000    4.0749    4.0749    4.0749    4.0749   1.000
  1124.000    906.000    5.0944    5.0944    5.0944    5.0944   1.000
  1096.000    907.000    4.2195    4.2195    4.2195    4.2195   1.000
  1100.000    907.000    3.6074    3.6074    3.6074    3.6074   1.000
  1111.000    907.000    4.7761    4.7761    4.7761    4.7761   1.000
  1138.000    907.000    3.6352    3.6352    3.6352    3.6352   1.000
  1134.000    908.000    3.9579    3.9579    3.9579    3.9579   1.000
  1096.000    909.000    3.5503    3.5503    3.5503    3.5503   1.000
  1108.000    909.000    3.4833    3.4833    3.4833    3.4833   1.000
  1115.000    909.000    3.6836    3.6836    3.6836    3.6836   1.000
  1121.000    909.000    3.7704    3.7704    3.7704    3.7704   1.000
  1125.000    909.000    4.6704    4.6704    4.6704    4.6704   1.000
  1130.000    909.000    3.9931    3.9931    3.9931    3.9931   1.000
  1145.000    909.000    3.6006    3.6006    3.6006    3.6006   1.000
  1093.000    910.000    1.8468    1.8468    1.8468    1.8468   1.000
  1136.000    910.000    3.3045    3.3045    3.3045    3.3045   1.000
  1138.000    910.000    4.3098    4.3098    4.3098    4.3098   1.000
  1141.000    910.000    3.6083    3.6083    3.6083    3.6083   1.000
  1096.000    911.000    2.1060    2.1060    2.1060    2.1060   1.000
  1106.000    911.000    4.2588    4.2588    4.2588    4.2588   1.000
  1101.000    912.000    3.4927    3.4927    3.4927    3.4927   1.000
  1119.000    912.000    3.4459    3.4459    3.4459    3.4459   1.000
  1122.000    912.000    3.5534    3.5534    3.5534    3.5534   1.000
  1124.000    912.000    3.7320    3.7320    3.7320    3.7320   1.000
  1145.000    912.000    2.8615    2.8615    2.8615    2.8615   1.000
  1097.000    913.000    3.7290    3.7290    3.7290    3.7290   1.000
  1110.000    913.000    3.8774    3.8774    3.8774    3.8774   1.000
  1128.000    913.000    2.9573    2.9573    2.9573    2.9573   1.000
  1139.000    913.000    3.2865    3.2865    3.2865    3.2865   1.000
  1143.000    913.000    3.9555    3.9555    3.9555    3.9555   1.000
  1141.000    914.000    3.4408    3.4408    3.4408    3.4408   1.000
  1118.000    915.000    3.9069    3.9069    3.9069    3.9069   1.000
  1121.000    915.000    3.0874    3.0874    3.0874    3.0874   1.000
  1143.000    915.000    3.7435    3.7435    3.7435    3.7435   1.000
  1094.000    916.000   -0.7724   -0.7724   -0.7724   -0.7724   1.000
  1098.000    916.000    2.5726    2.5726    2.5726    2.5726   1.000
  1100.000    916.000    4.2253    4.2253    4.2253    4.2253   1.000
  1130.000    916.000    2.7978    2.7978    2.7978    2.7978   1.000
  1132.000    916.000    3.9121    3.9121    3.9121    3.9121   1.000
  1140.000    916.000    4.2163    4.2163    4.2163    4.2163   1.000
  1124.000    917.000    1.8227    1.8227    1.8227    1.8227   1.000
  1093.000    918.000    1.2813    1.2813    1.2813    1.2813   1.000
  1103.000    918.000    3.8870    3.8870    3.8870    3.8870   1.000
  1105.000    918.000    3.5225    3.5225    3.5225    3.5225   1.000
  1115.000    918.000    4.1317    4.1317    4.1317    4.1317   1.000
  1140.000    918.000    4.6968    4.6968    4.6968    4.6968   1.000
  1098.000    919.000    2.7423    2.7423    2.7423    2.7423   1.000
  1107.000    919.000    4.3494    4.3494    4.3494    4.3494   1.000
  1131.000    919.000    4.1959    4.1959    4.1959    4.1959   1.000
  1144.000    919.000    1.8704    1.8704    1.8704    1.8704   1.000
  1096.000    920.000    1.6523    1.6523    1.6523    1.6523   1.000
  1137.000    920.000    4.4059    4.4059    4.4059    4.4059   1.000
  1128.000    921.000    3.3181    3.3181    3.3181    3.3181   1.000
  1095.000    922.000    2.2465    2.2465    2.2465    2.2465   1.000
  1110.000    922.000    2.1691    2.1691    2.1691    2.1691   1.000
  1121.000    922.000    3.3033    3.3033    3.3033    3.3033   1.000
  1134.000    922.000    3.8542    3.8542    3.8542    3.8542   1.000
  1101.000    923.000    3.3316    3.3316    3.3316    3.3316   1.000
  1116.000    923.000    3.2599    3.2599    3.2599    3.2599   1.000
  1125.000    923.000    3.0396    3.0396    3.0396    3.0396   1.000
  1136.000    923.000    4.4368    4.4368    4.4368    4.4368   1.000
  1139.000    923.000    3.4144    3.4144    3.4144    3.4144   1.000
  1095.000    924.000    2.9869    2.9869    2.9869    2.9869   1.000
  1119.000    924.000    4.0688    4.0688    4.0688    4.0688   1.000
  1130.000    925.000    4.1361    4.1361    4.1361    4.1361   1.000
  1136.000    925.000    4.4521    4.4521    4.4521    4.4521   1.000
  1140.000    925.000    3.8404    3.8404    3.8404    3.8404   1.000
  1098.000    926.000    2.8714    2.8714    2.8714    2.8714   1.000
  1105.000    926.000    3.4352    3.4352    3.4352    3.4352   1.000
  1107.000    926.000    3.9033    3.9033    3.9033    3.9033   1.000
  1103.000    927.000    3.1531    3.1531    3.1531    3.1531   1.000
  1115.000    927.000    3.4874    3.4874    3.4874    3.4874   1.000
  1118.000    927.000    3.5334    3.5334    3.5334    3.5334   1.000
  1145.000    927.000    3.5999    3.5999    3.5999    3.5999   1.000
  1108.000    928.000    5.1434    5.1434    5.1434    5.1434   1.000
  1133.000    928.000    3.4794    3.4794    3.4794    3.4794   1.000
  1136.000    928.000    4.1870    4.1870    4.1870    4.1870   1.000
  1098.000    929.000    2.6406    2.6406    2.6406    2.6406   1.000
  1111.000    929.000    4.2436    4.2436    4.2436    4.2436   1.000
  1113.000    929.000    3.1439    3.1439    3.1439    3.1439   1.000
  1127.000    929.000    4.1802    4.1802    4.1802    4.1802   1.000
  1139.000    929.000    2.6503    2.6503    2.6503    2.6503   1.000
  1093.000    930.000    3.2004    3.2004    3.2004    3.2004   1.000
  1102.000    930.000    3.2904    3.2904    3.2904    3.2904   1.000
  1131.000    930.000    2.9934    2.9934    2.9934    2.9934   1.000
  1105.000    931.000    4.0492    4.0492    4.0492    4.0492   1.000
  1118.000    931.000    3.9135    3.9135    3.9135    3.9135   1.000
  1133.000    931.000    3.7290    3.7290    3.7290    3.7290   1.000
  1141.000    931.000    3.1484    3.1484    3.1484    3.1484   1.000
  1135.000    932.000    3.2353    3.2353    3.2353    3.2353   1.000
  1094.000    933.000    3.6396    3.6396    3.6396    3.6396   1.000
  1107.000    933.000    4.4104    4.4104    4.4104    4.4104   1.000
  1126.000    933.000    1.6320    1.6320    1.6320    1.6320   1.000
  1133.000    933.000    3.5754    3.5754    3.5754    3.5754   1.000
  1102.000    934.000    3.7245    3.7245    3.7245    3.7245   1.000
  1121.000    934.000    2.6617    2.6617    2.6617    2.6617   1.000
  1143.000    934.000    3.7512    3.7512    3.7512    3.7512   1.000
  1145.000    934.000    3.6227    3.6227    3.6227    3.6227   1.000
  1092.000    935.000    4.0260    4.0260    4.0260    4.0260   1.000
  1105.000    935.000    4.3161    4.3161    4.3161    4.3161   1.000
  1115.000    935.000    2.5733    2.5733    2.5733    2.5733   1.000
  1119.000    935.000    4.2071    4.2071    4.2071    4.2071   1.000
  1108.000    936.000    5.7103    5.7103    5.7103    5.7103   1.000
  1122.000    936.000    2.7374    2.7374    2.7374    2.7374   1.000
  1132.000    936.000    4.1572    4.1572    4.1572    4.1572   1.000
  1143.000    936.000    3.7145    3.7145    3.7145    3.7145   1.000
  1103.000    937.000    4.4349    4.4349    4.4349    4.4349   1.000
  1145.000    937.000    4.0319    4.0319    4.0319    4.0319   1.000
  1147.000    937.000    4.3057    4.3057    4.3057    4.3057   1.000
  1096.000    938.000    3.6918    3.6918    3.6918    3.6918   1.000
  1128.000    938.000    3.8144    3.8144    3.8144    3.8144   1.000
  1107.000    939.000    2.2495    2.2495    2.2495    2.2495   1.000
  1146.000    939.000    3.3967    3.3967    3.3967    3.3967   1.000
  1111.000    940.000    3.4575    3.4575    3.4575    3.4575   1.000
  1117.000    940.000    2.2870    2.2870    2.2870    2.2870   1.000
  1135.000    940.000    4.5911    4.5911    4.5911    4.5911   1.000
  1103.000    941.000    4.2741    4.2741    4.2741    4.2741   1.000
  1121.000    941.000    0.3982    0.3982    0.3982    0.3982   1.000
  1130.000    941.000    3.5296    3.5296    3.5296    3.5296   1.000
  1094.000    942.000    2.3561    2.3561    2.3561    2.3561   1.000
  1099.000    942.000    2.5702    2.5702    2.5702    2.5702   1.000
  1106.000    942.000    4.4237    4.4237    4.4237    4.4237   1.000
  1142.000    942.000    3.2644    3.2644    3.2644    3.2644   1.000
  1097.000    943.000    4.0043    4.0043    4.0043    4.0043   1.000
  1110.000    943.000    4.2236    4.2236    4.2236    4.2236   1.000
  1127.000    943.000    2.5169    2.5169    2.5169    2.5169   1.000
  1092.000    944.000    2.1536    2.1536    2.1536    2.1536   1.000
  1118.000    944.000    2.8711    2.8711    2.8711    2.8711   1.000
  1124.000    944.000    1.6378    1.6378    1.6378    1.6378   1.000
  1131.000    944.000    4.3358    4.3358    4.3358    4.3358   1.000
  1140.000    944.000    3.8594    3.8594    3.8594    3.8594   1.000
  1110.000    945.000    4.4937    4.4937    4.4937    4.4937   1.000
  1112.000    945.000    3.3036    3.3036    3.3036    3.3036   1.000
  1128.000    945.000    3.7627    3.7627    3.7627    3.7627   1.000
  1145.000    945.000    3.7629    3.7629    3.7629    3.7629   1.000
  1124.000    946.000    1.8005    1.8005    1.8005    1.8005   1.000
  1131.000    946.000    4.3259    4.3259    4.3259    4.3259   1.000
  1133.000    946.000    3.5171    3.5171    3.5171    3.5171   1.000
  1136.000    946.000    2.4400    2.4400    2.4400    2.4400   1.000
  1102.000    947.000    4.2693    4.2693    4.2693    4.2693   1.000
  1120.000    947.000    3.1166    3.1166    3.1166    3.1166   1.000
  1126.000    947.000    2.9153    2.9153    2.9153    2.9153   1.000
  1129.000    947.000   -0.2635   -0.2635   -0.2635   -0.2635   1.000
  1108.000    948.000    2.9347    2.9347    2.9347    2.9347   1.000
  1112.000    948.000    2.4540    2.4540    2.4540    2.4540   1.000
  1133.000    948.000    3.4287    3.4287    3.4287    3.4287   1.000
  1115.000    949.000    4.5069    4.5069    4.5069    4.5069   1.000
  1119.000    949.000    3.9302    3.9302    3.9302    3.9302   1.000
  1121.000    949.000    3.6921    3.6921    3.6921    3.6921   1.000
  1125.000    949.000    1.8472    1.8472    1.8472    1.8472   1.000
  1147.000    949.000    3.9652    3.9652    3.9652    3.9652   1.000
  1094.000    950.000    5.2470    5.2470    5.2470    5.2470   1.000
  1096.000    950.000    4.4120    4.4120    4.4120    4.4120   1.000
  1111.000    950.000    2.4119    2.4119    2.4119    2.4119   1.000
  1130.000    950.000    2.5976    2.5976    2.5976    2.5976   1.000
  1136.000    951.000    3.8227    3.8227    3.8227    3.8227   1.000
  1140.000    951.000    3.5661    3.5661    3.5661    3.5661   1.000
  1108.000    952.000    3.9146    3.9146    3.9146    3.9146   1.000
  1110.000    952.000    2.2629    2.2629    2.2629    2.2629   1.000
  1119.000    952.000    3.4948    3.4948    3.4948    3.4948   1.000
  1126.000    952.000    3.3622    3.3622    3.3622    3.3622   1.000
  1131.000    952.000    3.0687    3.0687    3.0687    3.0687   1.000
  1138.000    952.000    3.9974    3.9974    3.9974    3.9974   1.000
  1144.000    952.000    3.6061    3.6061    3.6061    3.6061   1.000
  1093.000    953.000    2.7837    2.7837    2.7837    2.7837   1.000
  1101.000    953.000    3.8893    3.8893    3.8893    3.8893   1.000
  1115.000    954.000    3.9835    3.9835    3.9835    3.9835   1.000
  1126.000    954.000    4.8822    4.8822    4.8822    4.8822   1.000
  1134.000    955.000    4.1479    4.1479    4.1479    4.1479   1.000
  1141.000    955.000    3.6315    3.6315    3.6315    3.6315   1.000
  1159.000    900.000    3.6560    3.6560    3.6560    3.6560   1.000
  1171.000    900.000    3.4352    3.4352    3.4352    3.4352   1.000
  1187.000    900.000    3.0850    3.0850    3.0850    3.0850   1.000
  1206.000    900.000    2.2268    2.2268    2.2268    2.2268   1.000
  1197.000    901.000    2.1916    2.1916    2.1916    2.1916   1.000
  1200.000    901.000    4.1597    4.1597    4.1597    4.1597   1.000
  1209.000    901.000    4.1172    4.1172    4.1172    4.1172   1.000
  1163.000    902.000    3.1805    3.1805    3.1805    3.1805   1.000
  1168.000    902.000    3.2050    3.2050    3.2050    3.2050   1.000
  1178.000    902.000    2.9201    2.9201    2.9201    2.9201   1.000
  1187.000    902.000    3.4682    3.4682    3.4682    3.4682   1.000
  1190.000    902.000    3.0137    3.0137    3.0137    3.0137   1.000
  1192.000    902.000    3.9060    3.9060    3.9060    3.9060   1.000
  1160.000    903.000    4.8034    4.8034    4.8034    4.8034   1.000
  1197.000    903.000    3.0449    3.0449    3.0449    3.0449   1.000
  1201.000    903.000    3.2290    3.2290    3.2290    3.2290   1.000
  1162.000    904.000    3.9800    3.9800    3.9800    3.9800   1.000
  1185.000    904.000    3.3553    3.3553    3.3553    3.3553   1.000
  1207.000    904.000    3.7732    3.7732    3.7732    3.7732   1.000
  1173.000    905.000    3.8437    3.8437    3.8437    3.8437   1.000
  1187.000    905.000    3.0753    3.0753    3.0753    3.0753   1.000
  1164.000    906.000    3.9880    3.9880    3.9880    3.9880   1.000
  1171.000    906.000    4.0369    4.0369    4.0369    4.0369   1.000
  1175.000    906.000    3.3545    3.3545    3.3545    3.3545   1.000
  1178.000    906.000    3.9890    3.9890    3.9890    3.9890   1.000
  1191.000    906.000    2.3466    2.3466    2.3466    2.3466   1.000
  1211.000    906.000    3.3214    3.3214    3.3214    3.3214   1.000
  1156.000    907.000    4.0321    4.0321    4.0321    4.0321   1.000
  1180.000    907.000    3.2326    3.2326    3.2326    3.2326   1.000
  1193.000    907.000    3.4123    3.4123    3.4123    3.4123   1.000
  1203.000    907.000    0.7994    0.7994    0.7994    0.7994   1.000
  1171.000    908.000    4.6219    4.6219    4.6219    4.6219   1.000
  1177.000    908.000    3.1528    3.1528    3.1528    3.1528   1.000
  1184.000    908.000    4.4793    4.4793    4.4793    4.4793   1.000
  1190.000    908.000    4.1999    4.1999    4.1999    4.1999   1.000
  1197.000    908.000    0.6008    0.6008    0.6008    0.6008   1.000
  1207.000    908.000    3.5170    3.5170    3.5170    3.5170   1.000
  1159.000    909.000    2.3138    2.3138    2.3138    2.3138   1.000
  1162.000    909.000    3.7494    3.7494    3.7494    3.7494   1.000
  1175.000    909.000    3.2628    3.2628    3.2628    3.2628   1.000
  1195.000    909.000    2.2383    2.2383    2.2383    2.2383   1.000
  1200.000    909.000    3.0521    3.0521    3.0521    3.0521   1.000
  1202.000    909.000    2.0061    2.0061    2.0061    2.0061   1.000
  1210.000    909.000    3.1326    3.1326    3.1326    3.1326   1.000
  1188.000    910.000    2.8081    2.8081    2.8081    2.8081   1.000
  1204.000    910.000    2.6388    2.6388    2.6388    2.6388   1.000
  1206.000    910.000    3.2426    3.2426    3.2426    3.2426   1.000
  1162.000    911.000    2.6213    2.6213    2.6213    2.6213   1.000
  1167.000    911.000    3.3745    3.3745    3.3745    3.3745   1.000
  1173.000    911.000    3.0051    3.0051    3.0051    3.0051   1.000
  1181.000    911.000    3.7088    3.7088    3.7088    3.7088   1.000
  1192.000    911.000    3.4866    3.4866    3.4866    3.4866   1.000
  1198.000    911.000    3.5516    3.5516    3.5516    3.5516   1.000
  1200.000    911.000    3.1073    3.1073    3.1073    3.1073   1.000
  1186.000    912.000    4.7928    4.7928    4.7928    4.7928   1.000
  1189.000    912.000    3.4796    3.4796    3.4796    3.4796   1.000
  1167.000    913.000    3.0853    3.0853    3.0853    3.0853   1.000
  1170.000    913.000    2.7109    2.7109    2.7109    2.7109   1.000
  1208.000    913.000    2.0878    2.0878    2.0878    2.0878   1.000
  1157.000    914.000    3.6235    3.6235    3.6235    3.6235   1.000
  1163.000    914.000    3.5225    3.5225    3.5225    3.5225   1.000
  1182.000    914.000    3.3899    3.3899    3.3899    3.3899   1.000
  1196.000    914.000    3.9044    3.9044    3.9044    3.9044   1.000
  1204.000    914.000    3.3005    3.3005    3.3005    3.3005   1.000
  1199.000    915.000    3.3863    3.3863    3.3863    3.3863   1.000
  1207.000    915.000    1.3307    1.3307    1.3307    1.3307   1.000
  1162.000    916.000    2.1570    2.1570    2.1570    2.1570   1.000
  1191.000    916.000    4.3774    4.3774    4.3774    4.3774   1.000
  1175.000    917.000    2.5471    2.5471    2.5471    2.5471   1.000
  1178.000    917.000    1.7264    1.7264    1.7264    1.7264   1.000
  1185.000    917.000    4.5004    4.5004    4.5004    4.5004   1.000
  1211.000    917.000    4.1542    4.1542    4.1542    4.1542   1.000
  1191.000    918.000    3.9495    3.9495    3.9495    3.9495   1.000
  1201.000    918.000    2.6995    2.6995    2.6995    2.6995   1.000
  1204.000    918.000    3.7884    3.7884    3.7884    3.7884   1.000
  1161.000    919.000    3.6938    3.6938    3.6938    3.6938   1.000
  1166.000    919.000    3.9132    3.9132    3.9132    3.9132   1.000
  1177.000    919.000    3.1072    3.1072    3.1072    3.1072   1.000
  1207.000    919.000    2.2691    2.2691    2.2691    2.2691   1.000
  1168.000    920.000    4.1662    4.1662    4.1662    4.1662   1.000
  1188.000    920.000    2.7920    2.7920    2.7920    2.7920   1.000
  1190.000    920.000    1.9339    1.9339    1.9339    1.9339   1.000
  1198.000    920.000    3.6836    3.6836    3.6836    3.6836   1.000
  1204.000    920.000    3.9945    3.9945    3.9945    3.9945   1.000
  1194.000    921.000    3.3917    3.3917    3.3917    3.3917   1.000
  1196.000    921.000    3.7651    3.7651    3.7651    3.7651   1.000
  1163.000    922.000    3.0170    3.0170    3.0170    3.0170   1.000
  1175.000    922.000    3.5940    3.5940    3.5940    3.5940   1.000
  1198.000    922.000    3.6522    3.6522    3.6522    3.6522   1.000
  1210.000    922.000    3.7641    3.7641    3.7641    3.7641   1.000
  1169.000    923.000    4.4174    4.4174    4.4174    4.4174   1.000
  1192.000    923.000    4.0204    4.0204    4.0204    4.0204   1.000
  1207.000    923.000    3.3615    3.3615    3.3615    3.3615   1.000
  1167.000    924.000    3.6410    3.6410    3.6410    3.6410   1.000
  1176.000    924.000    2.8312    2.8312    2.8312    2.8312   1.000
  1182.000    924.000    4.2792    4.2792    4.2792    4.2792   1.000
  1184.000    924.000    2.7880    2.7880    2.7880    2.7880   1.000
  1203.000    924.000    2.6781    2.6781    2.6781    2.6781   1.000
  1205.000    924.000    3.7334    3.7334    3.7334    3.7334   1.000
  1169.000    925.000    4.1085    4.1085    4.1085    4.1085   1.000
  1199.000    925.000    3.1351    3.1351    3.1351    3.1351   1.000
  1163.000    926.000    2.0174    2.0174    2.0174    2.0174   1.000
  1165.000    926.000    3.6114    3.6114    3.6114    3.6114   1.000
  1185.000    926.000    2.1900    2.1900    2.1900    2.1900   1.000
  1179.000    927.000    3.1039    3.1039    3.1039    3.1039   1.000
  1181.000    927.000    4.5119    4.5119    4.5119    4.5119   1.000
  1208.000    927.000    3.2859    3.2859    3.2859    3.2859   1.000
  1210.000    927.000    3.7565    3.7565    3.7565    3.7565   1.000
  1156.000    928.000    2.1481    2.1481    2.1481    2.1481   1.000
  1158.000    928.000    2.7678    2.7678    2.7678    2.7678   1.000
  1166.000    928.000    4.1496    4.1496    4.1496    4.1496   1.000
  1175.000    928.000    3.6497    3.6497    3.6497    3.6497   1.000
  1177.000    928.000    3.4559    3.4559    3.4559    3.4559   1.000
  1183.000    928.000    2.7016    2.7016    2.7016    2.7016   1.000
  1190.000    928.000    4.2607    4.2607    4.2607    4.2607   1.000
  1204.000    928.000    1.3897    1.3897    1.3897    1.3897   1.000
  1181.000    929.000    3.5887    3.5887    3.5887    3.5887   1.000
  1197.000    929.000    3.3626    3.3626    3.3626    3.3626   1.000
  1207.000    929.000    3.0794    3.0794    3.0794    3.0794   1.000
  1158.000    930.000    1.9991    1.9991    1.9991    1.9991   1.000
  1188.000    930.000    2.9217    2.9217    2.9217    2.9217   1.000
  1190.000    930.000    3.2982    3.2982    3.2982    3.2982   1.000
  1167.000    931.000    2.4443    2.4443    2.4443    2.4443   1.000
  1195.000    931.000    3.8374    3.8374    3.8374    3.8374   1.000
  1182.000    932.000    4.0008    4.0008    4.0008    4.0008   1.000
  1191.000    932.000    3.1759    3.1759    3.1759    3.1759   1.000
  1205.000    932.000    2.7123    2.7123    2.7123    2.7123   1.000
  1164.000    933.000    3.2868    3.2868    3.2868    3.2868   1.000
  1186.000    933.000    3.6781    3.6781    3.6781    3.6781   1.000
  1194.000    933.000    4.2530    4.2530    4.2530    4.2530   1.000
  1161.000    934.000    3.0446    3.0446    3.0446    3.0446   1.000
  1177.000    934.000    3.3700    3.3700    3.3700    3.3700   1.000
  1200.000    934.000    3.6854    3.6854    3.6854    3.6854   1.000
  1197.000    935.000    4.4047    4.4047    4.4047    4.4047   1.000
  1160.000    936.000    3.7039    3.7039    3.7039    3.7039   1.000
  1166.000    936.000    3.7239    3.7239    3.7239    3.7239   1.000
  1191.000    936.000    0.6444    0.6444    0.6444    0.6444   1.000
  1206.000    936.000    0.9852    0.9852    0.9852    0.9852   1.000
  1156.000    937.000    3.9218    3.9218    3.9218    3.9218   1.000
  1188.000    938.000    2.1655    2.1655    2.1655    2.1655   1.000
  1195.000    938.000    3.0437    3.0437    3.0437    3.0437   1.000
  1207.000    938.000    2.2738    2.2738    2.2738    2.2738   1.000
  1210.000    938.000    3.3389    3.3389    3.3389    3.3389   1.000
  1157.000    939.000    2.5331    2.5331    2.5331    2.5331   1.000
  1169.000    939.000    3.6448    3.6448    3.6448    3.6448   1.000
  1185.000    939.000    3.4225    3.4225    3.4225    3.4225   1.000
  1190.000    939.000    2.3483    2.3483    2.3483    2.3483   1.000
  1197.000    939.000    3.2309    3.2309    3.2309    3.2309   1.000
  1205.000    939.000    2.2890    2.2890    2.2890    2.2890   1.000
  1167.000    940.000    3.9213    3.9213    3.9213    3.9213   1.000
  1178.000    940.000    2.6707    2.6707    2.6707    2.6707   1.000
  1193.000    940.000    3.9314    3.9314    3.9314    3.9314   1.000
  1156.000    942.000    4.3986    4.3986    4.3986    4.3986   1.000
  1159.000    942.000    3.1525    3.1525    3.1525    3.1525   1.000
  1161.000    942.000    3.9732    3.9732    3.9732    3.9732   1.000
  1188.000    942.000    1.9374    1.9374    1.9374    1.9374   1.000
  1192.000    942.000    3.8275    3.8275    3.8275    3.8275   1.000
  1211.000    942.000    3.1011    3.1011    3.1011    3.1011   1.000
  1163.000    943.000    3.9850    3.9850    3.9850    3.9850   1.000
  1177.000    943.000    2.8432    2.8432    2.8432    2.8432   1.000
  1202.000    943.000    3.1144    3.1144    3.1144    3.1144   1.000
  1183.000    944.000    3.3280    3.3280    3.3280    3.3280   1.000
  1187.000    944.000   -0.0446   -0.0446   -0.0446   -0.0446   1.000
  1195.000    944.000    2.4880    2.4880    2.4880    2.4880   1.000
  1166.000    945.000    4.1836    4.1836    4.1836    4.1836   1.000
  1174.000    945.000    3.3358    3.3358    3.3358    3.3358   1.000
  1179.000    945.000    3.5020    3.5020    3.5020    3.5020   1.000
  1200.000    945.000    3.5078    3.5078    3.5078    3.5078   1.000
  1206.000    945.000    3.7252    3.7252    3.7252    3.7252   1.000
  1211.000    946.000    2.8841    2.8841    2.8841    2.8841   1.000
  1174.000    947.000    3.8626    3.8626    3.8626    3.8626   1.000
  1176.000    947.000    3.7348    3.7348    3.7348    3.7348   1.000
  1187.000    947.000    2.1703    2.1703    2.1703    2.1703   1.000
  1198.000    947.000    3.5928    3.5928    3.5928    3.5928   1.000
  1204.000    947.000    3.7652    3.7652    3.7652    3.7652   1.000
  1171.000    948.000    3.9863    3.9863    3.9863    3.9863   1.000
  1178.000    948.000    3.5273    3.5273    3.5273    3.5273   1.000
  1190.000    948.000    2.7205    2.7205    2.7205    2.7205   1.000
  1167.000    949.000    3.3755    3.3755    3.3755    3.3755   1.000
  1181.000    949.000    2.2523    2.2523    2.2523    2.2523   1.000
  1199.000    949.000    3.2925    3.2925    3.2925    3.2925   1.000
  1202.000    949.000    2.1760    2.1760    2.1760    2.1760   1.000
  1186.000    951.000    4.5311    4.5311    4.5311    4.5311   1.000
  1203.000    951.000    0.6373    0.6373    0.6373    0.6373   1.000
  1156.000    952.000    2.9225    2.9225    2.9225    2.9225   1.000
  1158.000    952.000    3.1357    3.1357    3.1357    3.1357   1.000
  1190.000    952.000    4.1017    4.1017    4.1017    4.1017   1.000
  1179.000    953.000    3.2921    3.2921    3.2921    3.2921   1.000
  1181.000    953.000    3.4212    3.4212    3.4212    3.4212   1.000
  1208.000    953.000    2.2631    2.2631    2.2631    2.2631   1.000
  1198.000    954.000    0.6839    0.6839    0.6839    0.6839   1.000
  1164.000    955.000    3.9833    3.9833    3.9833    3.9833   1.000
  1176.000    955.000    1.4252    1.4252    1.4252    1.4252   1.000
  1179.000    955.000    3.6704    3.6704    3.6704    3.6704   1.000
  1183.000    955.000    3.8083    3.8083    3.8083    3.8083   1.000
  1187.000    955.000    4.2752    4.2752    4.2752    4.2752   1.000
  1206.000    955.000    2.8194    2.8194    2.8194    2.8194   1.000
  1208.000    955.000    2.4912    2.4912    2.4912    2.4912   1.000
  1231.000    900.000    4.1968    4.1968    4.1968    4.1968   1.000
  1229.000    901.000    3.3622    3.3622    3.3622    3.3622   1.000
  1238.000    901.000    2.6620    2.6620    2.6620    2.6620   1.000
  1271.000    901.000    3.3764    3.3764    3.3764    3.3764   1.000
  1262.000    902.000    2.2300    2.2300    2.2300    2.2300   1.000
  1267.000    902.000    3.0489    3.0489    3.0489    3.0489   1.000
  1239.000    903.000    2.5003    2.5003    2.5003    2.5003   1.000
  1250.000    903.000    4.5313    4.5313    4.5313    4.5313   1.000
  1226.000    904.000    2.4896    2.4896    2.4896    2.4896   1.000
  1228.000    904.000    3.5881    3.5881    3.5881    3.5881   1.000
  1230.000    904.000    3.9728    3.9728    3.9728    3.9728   1.000
  1269.000    904.000    1.3697    1.3697    1.3697    1.3697   1.000
  1233.000    905.000    3.6300    3.6300    3.6300    3.6300   1.000
  1241.000    905.000    3.4442    3.4442    3.4442    3.4442   1.000
  1264.000    905.000    2.0979    2.0979    2.0979    2.0979   1.000
  1266.000    905.000    2.3392    2.3392    2.3392    2.3392   1.000
  1229.000    906.000    4.5445    4.5445    4.5445    4.5445   1.000
  1231.000    906.000    3.2567    3.2567    3.2567    3.2567   1.000
  1252.000    906.000    1.8472    1.8472    1.8472    1.8472   1.000
  1260.000    906.000    3.6587    3.6587    3.6587    3.6587   1.000
  1233.000    907.000    5.6403    5.6403    5.6403    5.6403   1.000
  1275.000    907.000    2.3995    2.3995    2.3995    2.3995   1.000
  1265.000    908.000    3.4110    3.4110    3.4110    3.4110   1.000
  1224.000    909.000    2.9028    2.9028    2.9028    2.9028   1.000
  1227.000    909.000    3.3308    3.3308    3.3308    3.3308   1.000
  1241.000    909.000    3.2401    3.2401    3.2401    3.2401   1.000
  1250.000    909.000    3.2492    3.2492    3.2492    3.2492   1.000
  1254.000    909.000    3.8562    3.8562    3.8562    3.8562   1.000
  1268.000    909.000    3.1652    3.1652    3.1652    3.1652   1.000
  1221.000    910.000    3.6317    3.6317    3.6317    3.6317   1.000
  1234.000    910.000    3.5578    3.5578    3.5578    3.5578   1.000
  1248.000    910.000    4.7727    4.7727    4.7727    4.7727   1.000
  1265.000    910.000    3.3535    3.3535    3.3535    3.3535   1.000
  1256.000    911.000    4.0149    4.0149    4.0149    4.0149   1.000
  1223.000    912.000    2.9628    2.9628    2.9628    2.9628   1.000
  1242.000    912.000    3.8532    3.8532    3.8532    3.8532   1.000
  1249.000    912.000    2.9413    2.9413    2.9413    2.9413   1.000
  1260.000    912.000    3.1640    3.1640    3.1640    3.1640   1.000
  1272.000    912.000    4.0812    4.0812    4.0812    4.0812   1.000
  1228.000    913.000    3.3660    3.3660    3.3660    3.3660   1.000
  1231.000    913.000    3.7819    3.7819    3.7819    3.7819   1.000
  1236.000    913.000    3.3896    3.3896    3.3896    3.3896   1.000
  1267.000    913.000    1.0075    1.0075    1.0075    1.0075   1.000
  1239.000    914.000    2.3355    2.3355    2.3355    2.3355   1.000
  1259.000    914.000    3.3962    3.3962    3.3962    3.3962   1.000
  1264.000    914.000    2.4043    2.4043    2.4043    2.4043   1.000
  1274.000    914.000    3.0710    3.0710    3.0710    3.0710   1.000
  1231.000    915.000    3.8938    3.8938    3.8938    3.8938   1.000
  1246.000    915.000    3.3588    3.3588    3.3588    3.3588   1.000
  1252.000    915.000    0.0393    0.0393    0.0393    0.0393   1.000
  1226.000    916.000    4.2069    4.2069    4.2069    4.2069   1.000
  1239.000    916.000    1.9147    1.9147    1.9147    1.9147   1.000
  1248.000    916.000    3.1424    3.1424    3.1424    3.1424   1.000
  1254.000    916.000    2.3918    2.3918    2.3918    2.3918   1.000
  1263.000    916.000    3.1795    3.1795    3.1795    3.1795   1.000
  1220.000    917.000    3.1964    3.1964    3.1964    3.1964   1.000
  1246.000    917.000    4.7211    4.7211    4.7211    4.7211   1.000
  1233.000    918.000    3.6119    3.6119    3.6119    3.6119   1.000
  1239.000    918.000    3.5797    3.5797    3.5797    3.5797   1.000
  1253.000    918.000    3.0398    3.0398    3.0398    3.0398   1.000
  1265.000    918.000    2.5267    2.5267    2.5267    2.5267   1.000
  1250.000    919.000    3.0519    3.0519    3.0519    3.0519   1.000
  1255.000    919.000    3.2725    3.2725    3.2725    3.2725   1.000
  1236.000    921.000    4.1207    4.1207    4.1207    4.1207   1.000
  1239.000    921.000    4.2636    4.2636    4.2636    4.2636   1.000
  1269.000    921.000    2.8968    2.8968    2.8968    2.8968   1.000
  1229.000    922.000    3.8559    3.8559    3.8559    3.8559   1.000
  1239.000    923.000    4.0458    4.0458    4.0458    4.0458   1.000
  1250.000    923.000    2.8958    2.8958    2.8958    2.8958   1.000
  1261.000    923.000    3.0795    3.0795    3.0795    3.0795   1.000
  1269.000    923.000    4.2827    4.2827    4.2827    4.2827   1.000
  1226.000    924.000    3.9786    3.9786    3.9786    3.9786   1.000
  1228.000    924.000    3.6986    3.6986    3.6986    3.6986   1.000
  1230.000    924.000    3.0839    3.0839    3.0839    3.0839   1.000
  1245.000    924.000    4.4221    4.4221    4.4221    4.4221   1.000
  1258.000    924.000    3.3349    3.3349    3.3349    3.3349   1.000
  1265.000    924.000    1.6171    1.6171    1.6171    1.6171   1.000
  1274.000    924.000    4.2453    4.2453    4.2453    4.2453   1.000
  1236.000    926.000    4.3115    4.3115    4.3115    4.3115   1.000
  1274.000    926.000    4.3044    4.3044    4.3044    4.3044   1.000
  1246.000    927.000    2.5483    2.5483    2.5483    2.5483   1.000
  1249.000    927.000    2.8947    2.8947    2.8947    2.8947   1.000
  1260.000    927.000    3.0487    3.0487    3.0487    3.0487   1.000
  1267.000    927.000    3.0125    3.0125    3.0125    3.0125   1.000
  1229.000    928.000    3.7571    3.7571    3.7571    3.7571   1.000
  1241.000    928.000    1.6871    1.6871    1.6871    1.6871   1.000
  1251.000    928.000    3.7103    3.7103    3.7103    3.7103   1.000
  1222.000    929.000    4.5415    4.5415    4.5415    4.5415   1.000
  1226.000    929.000    4.2920    4.2920    4.2920    4.2920   1.000
  1237.000    929.000    3.8222    3.8222    3.8222    3.8222   1.000
  1239.000    929.000    2.5442    2.5442    2.5442    2.5442   1.000
  1249.000    929.000    3.4474    3.4474    3.4474    3.4474   1.000
  1259.000    929.000    3.3673    3.3673    3.3673    3.3673   1.000
  1261.000    929.000    3.9530    3.9530    3.9530    3.9530   1.000
  1244.000    930.000    2.8531    2.8531    2.8531    2.8531   1.000
  1234.000    931.000    3.0102    3.0102    3.0102    3.0102   1.000
  1241.000    931.000    2.8954    2.8954    2.8954    2.8954   1.000
  1246.000    931.000    3.2744    3.2744    3.2744    3.2744   1.000
  1249.000    931.000    4.1574    4.1574    4.1574    4.1574   1.000
  1256.000    931.000    3.0795    3.0795    3.0795    3.0795   1.000
  1220.000    932.000    3.6512    3.6512    3.6512    3.6512   1.000
  1223.000    932.000    2.8049    2.8049    2.8049    2.8049   1.000
  1260.000    932.000    2.9175    2.9175    2.9175    2.9175   1.000
  1237.000    934.000    4.3115    4.3115    4.3115    4.3115   1.000
  1253.000    934.000    3.6864    3.6864    3.6864    3.6864   1.000
  1263.000    934.000    3.0361    3.0361    3.0361    3.0361   1.000
  1265.000    934.000    3.8276    3.8276    3.8276    3.8276   1.000
  1268.000    934.000    2.6503    2.6503    2.6503    2.6503   1.000
  1246.000    935.000    3.0921    3.0921    3.0921    3.0921   1.000
  1256.000    935.000    3.3655    3.3655    3.3655    3.3655   1.000
  1272.000    935.000    3.6534    3.6534    3.6534    3.6534   1.000
  1270.000    936.000    2.1487    2.1487    2.1487    2.1487   1.000
  1275.000    936.000    1.7400    1.7400    1.7400    1.7400   1.000
  1224.000    937.000    4.2402    4.2402    4.2402    4.2402   1.000
  1235.000    937.000    1.8683    1.8683    1.8683    1.8683   1.000
  1247.000    937.000    4.4563    4.4563    4.4563    4.4563   1.000
  1249.000    937.000    3.4281    3.4281    3.4281    3.4281   1.000
  1261.000    937.000    0.9905    0.9905    0.9905    0.9905   1.000
  1222.000    939.000    2.8765    2.8765    2.8765    2.8765   1.000
  1232.000    939.000    1.1089    1.1089    1.1089    1.1089   1.000
  1256.000    939.000    2.8700    2.8700    2.8700    2.8700   1.000
  1270.000    939.000    4.5874    4.5874    4.5874    4.5874   1.000
  1234.000    940.000    3.1741    3.1741    3.1741    3.1741   1.000
  1238.000    940.000    3.4259    3.4259    3.4259    3.4259   1.000
  1254.000    940.000    3.1437    3.1437    3.1437    3.1437   1.000
  1267.000    940.000    0.5336    0.5336    0.5336    0.5336   1.000
  1275.000    940.000    2.2176    2.2176    2.2176    2.2176   1.000
  1228.000    941.000    3.9788    3.9788    3.9788    3.9788   1.000
  1236.000    941.000    2.9267    2.9267    2.9267    2.9267   1.000
  1246.000    941.000    3.2785    3.2785    3.2785    3.2785   1.000
  1249.000    941.000    2.1483    2.1483    2.1483    2.1483   1.000
  1264.000    941.000    2.3485    2.3485    2.3485    2.3485   1.000
  1269.000    941.000    4.1387    4.1387    4.1387    4.1387   1.000
  1222.000    942.000    3.7142    3.7142    3.7142    3.7142   1.000
  1234.000    942.000    3.1374    3.1374    3.1374    3.1374   1.000
  1271.000    942.000    3.1987    3.1987    3.1987    3.1987   1.000
  1274.000    942.000    3.4898    3.4898    3.4898    3.4898   1.000
  1252.000    943.000    3.2358    3.2358    3.2358    3.2358   1.000
  1260.000    943.000    2.3203    2.3203    2.3203    2.3203   1.000
  1226.000    944.000    3.9133    3.9133    3.9133    3.9133   1.000
  1234.000    944.000    2.7556    2.7556    2.7556    2.7556   1.000
  1250.000    944.000    4.2183    4.2183    4.2183    4.2183   1.000
  1267.000    944.000    3.0981    3.0981    3.0981    3.0981   1.000
  1237.000    945.000    3.5096    3.5096    3.5096    3.5096   1.000
  1246.000    945.000    3.7304    3.7304    3.7304    3.7304   1.000
  1248.000    945.000    3.4901    3.4901    3.4901    3.4901   1.000
  1264.000    945.000    3.5319    3.5319    3.5319    3.5319   1.000
  1275.000    945.000    1.2042    1.2042    1.2042    1.2042   1.000
  1268.000    946.000    3.5585    3.5585    3.5585    3.5585   1.000
  1228.000    947.000    2.6127    2.6127    2.6127    2.6127   1.000
  1235.000    947.000    2.3058    2.3058    2.3058    2.3058   1.000
  1237.000    947.000    4.8291    4.8291    4.8291    4.8291   1.000
  1270.000    947.000    2.5255    2.5255    2.5255    2.5255   1.000
  1225.000    948.000    0.6503    0.6503    0.6503    0.6503   1.000
  1232.000    948.000    3.8937    3.8937    3.8937    3.8937   1.000
  1244.000    948.000    2.8110    2.8110    2.8110    2.8110   1.000
  1268.000    948.000    3.0595    3.0595    3.0595    3.0595   1.000
  1229.000    949.000    2.3262    2.3262    2.3262    2.3262   1.000
  1237.000    949.000    3.7986    3.7986    3.7986    3.7986   1.000
  1250.000    949.000    3.7040    3.7040    3.7040    3.7040   1.000
  1260.000    949.000    2.6583    2.6583    2.6583    2.6583   1.000
  1275.000    949.000    3.3069    3.3069    3.3069    3.3069   1.000
  1246.000    950.000    2.6764    2.6764    2.6764    2.6764   1.000
  1254.000    950.000    3.6036    3.6036    3.6036    3.6036   1.000
  1222.000    951.000    3.4181    3.4181    3.4181    3.4181   1.000
  1229.000    951.000    4.1222    4.1222    4.1222    4.1222   1.000
  1248.000    951.000    3.6029    3.6029    3.6029    3.6029   1.000
  1271.000    951.000    4.6540    4.6540    4.6540    4.6540   1.000
  1273.000    951.000    3.7089    3.7089    3.7089    3.7089   1.000
  1232.000    952.000    3.4972    3.4972    3.4972    3.4972   1.000
  1220.000    953.000    2.9431    2.9431    2.9431    2.9431   1.000
  1245.000    953.000   -0.3963   -0.3963   -0.3963   -0.3963   1.000
  1249.000    953.000    2.9782    2.9782    2.9782    2.9782   1.000
  1263.000    953.000    2.2702    2.2702    2.2702    2.2702   1.000
  1267.000    953.000    3.3677    3.3677    3.3677    3.3677   1.000
  1226.000    954.000   -0.4651   -0.4651   -0.4651   -0.4651   1.000
  1231.000    954.000    3.0244    3.0244    3.0244    3.0244   1.000
  1235.000    954.000    3.3679    3.3679    3.3679    3.3679   1.000
  1239.000    954.000    3.4805    3.4805    3.4805    3.4805   1.000
  1254.000    954.000    3.5764    3.5764    3.5764    3.5764   1.000
  1245.000    955.000    3.5569    3.5569    3.5569    3.5569   1.000
  1256.000    955.000    3.9853    3.9853    3.9853    3.9853   1.000
  1259.000    955.000    0.3717    0.3717    0.3717    0.3717   1.000
   772.000    964.000    3.8457    3.8457    3.8457    3.8457   1.000
   782.000    964.000    3.8679    3.8679    3.8679    3.8679   1.000
   784.000    964.000    3.2743    3.2743    3.2743    3.2743   1.000
   815.000    964.000    3.7603    3.7603    3.7603    3.7603   1.000
   819.000    964.000    2.4218    2.4218    2.4218    2.4218   1.000
   788.000    965.000    2.7868    2.7868    2.7868    2.7868   1.000
   791.000    965.000    1.2023    1.2023    1.2023    1.2023   1.000
   796.000    965.000    1.4277    1.4277    1.4277    1.4277   1.000
   801.000    965.000    3.7985    3.7985    3.7985    3.7985   1.000
   823.000    965.000    3.5216    3.5216    3.5216    3.5216   1.000
   778.000    966.000    3.6385    3.6385    3.6385    3.6385   1.000
   782.000    966.000    3.6305    3.6305    3.6305    3.6305   1.000
   784.000    966.000    3.3324    3.3324    3.3324    3.3324   1.000
   794.000    966.000    2.4879    2.4879    2.4879    2.4879   1.000
   819.000    966.000    3.0919    3.0919    3.0919    3.0919   1.000
   787.000    967.000    2.6106    2.6106    2.6106    2.6106   1.000
   792.000    967.000    3.2253    3.2253    3.2253    3.2253   1.000
   797.000    967.000    3.8928    3.8928    3.8928    3.8928   1.000
   811.000    967.000    2.9435    2.9435    2.9435    2.9435   1.000
   814.000    967.000    2.6663    2.6663    2.6663    2.6663   1.000
   826.000    968.000    2.5964    2.5964    2.5964    2.5964   1.000
   775.000    969.000    3.8302    3.8302    3.8302    3.8302   1.000
   789.000    969.000    3.2941    3.2941    3.2941    3.2941   1.000
   818.000    969.000    5.0716    5.0716    5.0716    5.0716   1.000
   796.000    970.000    1.6051    1.6051    1.6051    1.6051   1.000
   778.000    971.000    3.0673    3.0673    3.0673    3.0673   1.000
   782.000    971.000    3.3980    3.3980    3.3980    3.3980   1.000
   802.000    971.000    4.0242    4.0242    4.0242    4.0242   1.000
   809.000    971.000    4.7096    4.7096    4.7096    4.7096   1.000
   811.000    971.000    3.7655    3.7655    3.7655    3.7655   1.000
   787.000    972.000    2.9748    2.9748    2.9748    2.9748   1.000
   800.000    972.000    3.5546    3.5546    3.5546    3.5546   1.000
   822.000    972.000    0.6828    0.6828    0.6828    0.6828   1.000
   827.000    972.000    3.5129    3.5129    3.5129    3.5129   1.000
   795.000    973.000    3.4215    3.4215    3.4215    3.4215   1.000
   825.000    973.000    2.6324    2.6324    2.6324    2.6324   1.000
   775.000    974.000    4.4599    4.4599    4.4599    4.4599   1.000
   792.000    974.000    3.5271    3.5271    3.5271    3.5271   1.000
   820.000    974.000    4.1919    4.1919    4.1919    4.1919   1.000
   777.000    975.000    2.9528    2.9528    2.9528    2.9528   1.000
   807.000    975.000    4.0081    4.0081    4.0081    4.0081   1.000
   816.000    975.000    3.5307    3.5307    3.5307    3.5307   1.000
   790.000    976.000    2.4985    2.4985    2.4985    2.4985   1.000
   800.000    976.000    2.5835    2.5835    2.5835    2.5835   1.000
   786.000    977.000    2.8091    2.8091    2.8091    2.8091   1.000
   823.000    977.000    4.4809    4.4809    4.4809    4.4809   1.000
   826.000    977.000    3.3416    3.3416    3.3416    3.3416   1.000
   790.000    978.000    2.2016    2.2016    2.2016    2.2016   1.000
   773.000    979.000    3.3020    3.3020    3.3020    3.3020   1.000
   784.000    979.000    2.2739    2.2739    2.2739    2.2739   1.000
   793.000    979.000    4.4646    4.4646    4.4646    4.4646   1.000
   798.000    979.000    3.2594    3.2594    3.2594    3.2594   1.000
   804.000    979.000    3.1806    3.1806    3.1806    3.1806   1.000
   827.000    979.000    2.3431    2.3431    2.3431    2.3431   1.000
   816.000    980.000    3.0904    3.0904    3.0904    3.0904   1.000
   820.000    980.000    3.9404    3.9404    3.9404    3.9404   1.000
   822.000    980.000    3.0793    3.0793    3.0793    3.0793   1.000
   783.000    981.000    2.7996    2.7996    2.7996    2.7996   1.000
   788.000    981.000    3.6509    3.6509    3.6509    3.6509   1.000
   813.000    981.000    3.2569    3.2569    3.2569    3.2569   1.000
   825.000    981.000    3.1442    3.1442    3.1442    3.1442   1.000
   772.000    982.000    3.6004    3.6004    3.6004    3.6004   1.000
   790.000    982.000    4.4550    4.4550    4.4550    4.4550   1.000
   801.000    982.000    3.1530    3.1530    3.1530    3.1530   1.000
   808.000    982.000    5.0344    5.0344    5.0344    5.0344   1.000
   816.000    983.000    4.1956    4.1956    4.1956    4.1956   1.000
   777.000    984.000    3.5954    3.5954    3.5954    3.5954   1.000
   780.000    984.000    3.5371    3.5371    3.5371    3.5371   1.000
   795.000    984.000    3.4705    3.4705    3.4705    3.4705   1.000
   811.000    984.000    3.6224    3.6224    3.6224    3.6224   1.000
   820.000    984.000    2.8894    2.8894    2.8894    2.8894   1.000
   806.000    985.000    3.7882    3.7882    3.7882    3.7882   1.000
   773.000    986.000    4.0972    4.0972    4.0972    4.0972   1.000
   780.000    986.000    4.5351    4.5351    4.5351    4.5351   1.000
   793.000    986.000    4.4001    4.4001    4.4001    4.4001   1.000
   799.000    986.000    3.7372    3.7372    3.7372    3.7372   1.000
   827.000    986.000    3.9466    3.9466    3.9466    3.9466   1.000
   819.000    987.000    4.2028    4.2028    4.2028    4.2028   1.000
   773.000    988.000    2.7687    2.7687    2.7687    2.7687   1.000
   776.000    988.000    4.3018    4.3018    4.3018    4.3018   1.000
   781.000    988.000    3.3800    3.3800    3.3800    3.3800   1.000
   793.000    988.000    2.2697    2.2697    2.2697    2.2697   1.000
   801.000    988.000    3.2261    3.2261    3.2261    3.2261   1.000
   803.000    988.000    3.9037    3.9037    3.9037    3.9037   1.000
   806.000    988.000    3.8536    3.8536    3.8536    3.8536   1.000
   815.000    988.000    3.7997    3.7997    3.7997    3.7997   1.000
   791.000    989.000    3.3198    3.3198    3.3198    3.3198   1.000
   797.000    989.000    4.3281    4.3281    4.3281    4.3281   1.000
   808.000    989.000    3.5565    3.5565    3.5565    3.5565   1.000
   813.000    989.000    4.2241    4.2241    4.2241    4.2241   1.000
   782.000    990.000    0.7489    0.7489    0.7489    0.7489   1.000
   793.000    990.000    2.5159    2.5159    2.5159    2.5159   1.000
   806.000    990.000    3.9534    3.9534    3.9534    3.9534   1.000
   823.000    990.000    4.0763    4.0763    4.0763    4.0763   1.000
   827.000    990.000    3.1162    3.1162    3.1162    3.1162   1.000
   773.000    991.000    3.2915    3.2915    3.2915    3.2915   1.000
   777.000    991.000    2.8230    2.8230    2.8230    2.8230   1.000
   788.000    991.000    2.1493    2.1493    2.1493    2.1493   1.000
   796.000    991.000    4.2871    4.2871    4.2871    4.2871   1.000
   801.000    991.000    2.8615    2.8615    2.8615    2.8615   1.000
   780.000    992.000    2.5921    2.5921    2.5921    2.5921   1.000
   784.000    992.000    3.8552    3.8552    3.8552    3.8552   1.000
   804.000    992.000    3.0201    3.0201    3.0201    3.0201   1.000
   806.000    992.000    3.5111    3.5111    3.5111    3.5111   1.000
   812.000    992.000    4.5528    4.5528    4.5528    4.5528   1.000
   827.000    992.000    2.5687    2.5687    2.5687    2.5687   1.000
   788.000    993.000    2.1269    2.1269    2.1269    2.1269   1.000
   794.000    993.000    3.5755    3.5755    3.5755    3.5755   1.000
   797.000    993.000    4.0666    4.0666    4.0666    4.0666   1.000
   814.000    994.000    3.4019    3.4019    3.4019    3.4019   1.000
   818.000    994.000    3.1138    3.1138    3.1138    3.1138   1.000
   827.000    994.000    2.3658    2.3658    2.3658    2.3658   1.000
   779.000    995.000    3.2846    3.2846    3.2846    3.2846   1.000
   790.000    995.000    2.9433    2.9433    2.9433    2.9433   1.000
   804.000    995.000    2.8747    2.8747    2.8747    2.8747   1.000
   809.000    995.000    3.3526    3.3526    3.3526    3.3526   1.000
   773.000    996.000    3.2802    3.2802    3.2802    3.2802   1.000
   785.000    996.000    3.3612    3.3612    3.3612    3.3612   1.000
   795.000    996.000    3.6816    3.6816    3.6816    3.6816   1.000
   814.000    996.000    3.1551    3.1551    3.1551    3.1551   1.000
   822.000    996.000    3.0959    3.0959    3.0959    3.0959   1.000
   804.000    997.000    3.5776    3.5776    3.5776    3.5776   1.000
   788.000    998.000    2.1485    2.1485    2.1485    2.1485   1.000
   802.000    998.000    3.1308    3.1308    3.1308    3.1308   1.000
   806.000    998.000    1.7481    1.7481    1.7481    1.7481   1.000
   815.000    998.000    3.7064    3.7064    3.7064    3.7064   1.000
   827.000    999.000    5.4310    5.4310    5.4310    5.4310   1.000
   792.000   1000.000    3.5208    3.5208    3.5208    3.5208   1.000
   802.000   1000.000    3.7225    3.7225    3.7225    3.7225   1.000
   807.000   1000.000    2.6779    2.6779    2.6779    2.6779   1.000
   820.000   1000.000    3.9056    3.9056    3.9056    3.9056   1.000
   789.000   1001.000    4.2557    4.2557    4.2557    4.2557   1.000
   817.000   1001.000    4.4674    4.4674    4.4674    4.4674   1.000
   825.000   1001.000    4.1050    4.1050    4.1050    4.1050   1.000
   781.000   1002.000    3.6960    3.6960    3.6960    3.6960   1.000
   798.000   1002.000    4.5904    4.5904    4.5904    4.5904   1.000
   807.000   1002.000    3.3973    3.3973    3.3973    3.3973   1.000
   789.000   1003.000    2.3244    2.3244    2.3244    2.3244   1.000
   796.000   1003.000    2.8734    2.8734    2.8734    2.8734   1.000
   778.000   1004.000    4.4740    4.4740    4.4740    4.4740   1.000
   792.000   1004.000    5.3508    5.3508    5.3508    5.3508   1.000
   804.000   1004.000    1.4670    1.4670    1.4670    1.4670   1.000
   807.000   1004.000    4.1977    4.1977    4.1977    4.1977   1.000
   773.000   1005.000    3.7334    3.7334    3.7334    3.7334   1.000
   782.000   1005.000    2.7822    2.7822    2.7822    2.7822   1.000
   798.000   1005.000    4.1798    4.1798    4.1798    4.1798   1.000
   818.000   1005.000    3.9453    3.9453    3.9453    3.9453   1.000
   792.000   1006.000    4.0706    4.0706    4.0706    4.0706   1.000
   803.000   1006.000    1.6913    1.6913    1.6913    1.6913   1.000
   815.000   1006.000    3.7107    3.7107    3.7107    3.7107   1.000
   826.000   1006.000    2.6071    2.6071    2.6071    2.6071   1.000
   772.000   1008.000    2.7602    2.7602    2.7602    2.7602   1.000
   781.000   1008.000    3.7909    3.7909    3.7909    3.7909   1.000
   810.000   1008.000    3.8960    3.8960    3.8960    3.8960   1.000
   777.000   1009.000    3.8418    3.8418    3.8418    3.8418   1.000
   789.000   1009.000    4.0318    4.0318    4.0318    4.0318   1.000
   799.000   1009.000    3.5569    3.5569    3.5569    3.5569   1.000
   801.000   1009.000    3.9956    3.9956    3.9956    3.9956   1.000
   779.000   1010.000    4.0027    4.0027    4.0027    4.0027   1.000
   781.000   1010.000    3.2949    3.2949    3.2949    3.2949   1.000
   794.000   1010.000    2.9895    2.9895    2.9895    2.9895   1.000
   814.000   1010.000    3.3627    3.3627    3.3627    3.3627   1.000
   827.000   1010.000    3.6799    3.6799    3.6799    3.6799   1.000
   776.000   1012.000    3.1549    3.1549    3.1549    3.1549   1.000
   797.000   1012.000    2.9514    2.9514    2.9514    2.9514   1.000
   802.000   1012.000    3.7517    3.7517    3.7517    3.7517   1.000
   806.000   1012.000    2.1889    2.1889    2.1889    2.1889   1.000
   818.000   1012.000    3.9574    3.9574    3.9574    3.9574   1.000
   822.000   1012.000    3.0648    3.0648    3.0648    3.0648   1.000
   774.000   1013.000    2.3233    2.3233    2.3233    2.3233   1.000
   783.000   1013.000    2.1090    2.1090    2.1090    2.1090   1.000
   788.000   1013.000    3.4904    3.4904    3.4904    3.4904   1.000
   792.000   1013.000    3.6621    3.6621    3.6621    3.6621   1.000
   809.000   1013.000    3.3235    3.3235    3.3235    3.3235   1.000
   827.000   1013.000    3.0512    3.0512    3.0512    3.0512   1.000
   799.000   1014.000    4.1530    4.1530    4.1530    4.1530   1.000
   801.000   1014.000    4.5239    4.5239    4.5239    4.5239   1.000
   804.000   1014.000    3.7235    3.7235    3.7235    3.7235   1.000
   814.000   1014.000    1.0490    1.0490    1.0490    1.0490   1.000
   821.000   1014.000    3.5822    3.5822    3.5822    3.5822   1.000
   794.000   1015.000    3.0239    3.0239    3.0239    3.0239   1.000
   806.000   1015.000    3.6035    3.6035    3.6035    3.6035   1.000
   826.000   1015.000    3.4254    3.4254    3.4254    3.4254   1.000
   773.000   1016.000    0.4872    0.4872    0.4872    0.4872   1.000
   779.000   1016.000    2.5562    2.5562    2.5562    2.5562   1.000
   819.000   1016.000    2.8968    2.8968    2.8968    2.8968   1.000
   781.000   1017.000    2.9660    2.9660    2.9660    2.9660   1.000
   801.000   1017.000    4.2700    4.2700    4.2700    4.2700   1.000
   814.000   1017.000    3.0949    3.0949    3.0949    3.0949   1.000
   816.000   1017.000    2.8202    2.8202    2.8202    2.8202   1.000
   772.000   1018.000    0.8725    0.8725    0.8725    0.8725   1.000
   774.000   1018.000    2.3296    2.3296    2.3296    2.3296   1.000
   779.000   1018.000    3.7677    3.7677    3.7677    3.7677   1.000
   810.000   1018.000    3.0216    3.0216    3.0216    3.0216   1.000
   823.000   1018.000    1.2796    1.2796    1.2796    1.2796   1.000
   782.000   1019.000    4.3483    4.3483    4.3483    4.3483   1.000
   794.000   1019.000    3.6286    3.6286    3.6286    3.6286   1.000
   816.000   1019.000    3.4722    3.4722    3.4722    3.4722   1.000
   818.000   1019.000    3.4693    3.4693    3.4693    3.4693   1.000
   873.000    964.000    2.1085    2.1085    2.1085    2.1085   1.000
   851.000    965.000    3.4845    3.4845    3.4845    3.4845   1.000
   859.000    965.000    2.4003    2.4003    2.4003    2.4003   1.000
   845.000    966.000    3.4804    3.4804    3.4804    3.4804   1.000
   857.000    966.000    1.7990    1.7990    1.7990    1.7990   1.000
   865.000    966.000    3.4041    3.4041    3.4041    3.4041   1.000
   886.000    966.000    3.2745    3.2745    3.2745    3.2745   1.000
   861.000    967.000    1.9993    1.9993    1.9993    1.9993   1.000
   863.000    967.000    2.0693    2.0693    2.0693    2.0693   1.000
   869.000    967.000    3.3066    3.3066    3.3066    3.3066   1.000
   888.000    967.000    2.8754    2.8754    2.8754    2.8754   1.000
   837.000    968.000    4.5601    4.5601    4.5601    4.5601   1.000
   842.000    968.000    3.9103    3.9103    3.9103    3.9103   1.000
   846.000    968.000    3.6425    3.6425    3.6425    3.6425   1.000
   865.000    968.000    2.8202    2.8202    2.8202    2.8202   1.000
   878.000    968.000    3.2684    3.2684    3.2684    3.2684   1.000
   883.000    968.000    4.0298    4.0298    4.0298    4.0298   1.000
   839.000    969.000    3.7040    3.7040    3.7040    3.7040   1.000
   857.000    969.000    2.3400    2.3400    2.3400    2.3400   1.000
   860.000    969.000    2.0844    2.0844    2.0844    2.0844   1.000
   869.000    969.000    3.6178    3.6178    3.6178    3.6178   1.000
   887.000    969.000    3.9908    3.9908    3.9908    3.9908   1.000
   891.000    969.000    3.3121    3.3121    3.3121    3.3121   1.000
   842.000    970.000    3.8512    3.8512    3.8512    3.8512   1.000
   846.000    970.000    2.8334    2.8334    2.8334    2.8334   1.000
   885.000    970.000    3.5558    3.5558    3.5558    3.5558   1.000
   854.000    971.000    2.4904    2.4904    2.4904    2.4904   1.000
   858.000    971.000    3.3049    3.3049    3.3049    3.3049   1.000
   871.000    971.000    4.5437    4.5437    4.5437    4.5437   1.000
   836.000    972.000    2.5699    2.5699    2.5699    2.5699   1.000
   862.000    972.000   -0.2603   -0.2603   -0.2603   -0.2603   1.000
   866.000    972.000    3.5449    3.5449    3.5449    3.5449   1.000
   869.000    972.000    4.2345    4.2345    4.2345    4.2345   1.000
   876.000    972.000    3.6778    3.6778    3.6778    3.6778   1.000
   888.000    972.000    3.2516    3.2516    3.2516    3.2516   1.000
   853.000    973.000    3.0049    3.0049    3.0049    3.0049   1.000
   860.000    973.000    3.2370    3.2370    3.2370    3.2370   1.000
   882.000    973.000    3.9840    3.9840    3.9840    3.9840   1.000
   844.000    974.000    4.0971    4.0971    4.0971    4.0971   1.000
   851.000    974.000    3.1634    3.1634    3.1634    3.1634   1.000
   857.000    974.000   -0.6719   -0.6719   -0.6719   -0.6719   1.000
   884.000    974.000    3.2511    3.2511    3.2511    3.2511   1.000
   839.000    975.000    5.0322    5.0322    5.0322    5.0322   1.000
   842.000    975.000    3.5023    3.5023    3.5023    3.5023   1.000
   853.000    975.000    3.0622    3.0622    3.0622    3.0622   1.000
   864.000    975.000    3.3886    3.3886    3.3886    3.3886   1.000
   836.000    976.000    3.5248    3.5248    3.5248    3.5248   1.000
   860.000    976.000    3.0559    3.0559    3.0559    3.0559   1.000
   874.000    976.000    3.7600    3.7600    3.7600    3.7600   1.000
   877.000    976.000    3.8084    3.8084    3.8084    3.8084   1.000
   879.000    976.000    4.7839    4.7839    4.7839    4.7839   1.000
   889.000    976.000    4.6577    4.6577    4.6577    4.6577   1.000
   839.000    977.000    3.6345    3.6345    3.6345    3.6345   1.000
   853.000    977.000    4.9461    4.9461    4.9461    4.9461   1.000
   855.000    977.000    3.1777    3.1777    3.1777    3.1777   1.000
   883.000    977.000    4.7217    4.7217    4.7217    4.7217   1.000
   885.000    977.000    5.2066    5.2066    5.2066    5.2066   1.000
   887.000    977.000    3.7638    3.7638    3.7638    3.7638   1.000
   858.000    978.000    2.8475    2.8475    2.8475    2.8475   1.000
   860.000    978.000    3.0160    3.0160    3.0160    3.0160   1.000
   863.000    978.000    2.7244    2.7244    2.7244    2.7244   1.000
   874.000    978.000    4.0001    4.0001    4.0001    4.0001   1.000
   881.000    978.000    3.7839    3.7839    3.7839    3.7839   1.000
   840.000    979.000    4.2813    4.2813    4.2813    4.2813   1.000
   853.000    979.000    3.7099    3.7099    3.7099    3.7099   1.000
   855.000    979.000    3.0372    3.0372    3.0372    3.0372   1.000
   890.000    979.000    4.5837    4.5837    4.5837    4.5837   1.000
   842.000    980.000    4.1510    4.1510    4.1510    4.1510   1.000
   844.000    980.000    3.5683    3.5683    3.5683    3.5683   1.000
   863.000    980.000    4.9872    4.9872    4.9872    4.9872   1.000
   878.000    980.000    4.2998    4.2998    4.2998    4.2998   1.000
   836.000    981.000    3.7501    3.7501    3.7501    3.7501   1.000
   846.000    981.000    2.4307    2.4307    2.4307    2.4307   1.000
   856.000    981.000    2.9517    2.9517    2.9517    2.9517   1.000
   861.000    981.000    3.3772    3.3772    3.3772    3.3772   1.000
   876.000    981.000    0.6942    0.6942    0.6942    0.6942   1.000
   838.000    982.000    3.4408    3.4408    3.4408    3.4408   1.000
   851.000    982.000    4.1708    4.1708    4.1708    4.1708   1.000
   889.000    982.000    3.5599    3.5599    3.5599    3.5599   1.000
   836.000    983.000    3.4701    3.4701    3.4701    3.4701   1.000
   847.000    983.000    3.3413    3.3413    3.3413    3.3413   1.000
   856.000    983.000    4.3643    4.3643    4.3643    4.3643   1.000
   860.000    983.000    4.3184    4.3184    4.3184    4.3184   1.000
   868.000    983.000    3.9248    3.9248    3.9248    3.9248   1.000
   873.000    983.000    2.2439    2.2439    2.2439    2.2439   1.000
   885.000    983.000    2.7439    2.7439    2.7439    2.7439   1.000
   840.000    984.000    4.4296    4.4296    4.4296    4.4296   1.000
   842.000    984.000    2.8566    2.8566    2.8566    2.8566   1.000
   880.000    984.000    4.0838    4.0838    4.0838    4.0838   1.000
   887.000    984.000    4.2141    4.2141    4.2141    4.2141   1.000
   837.000    985.000    2.1093    2.1093    2.1093    2.1093   1.000
   871.000    985.000    4.0826    4.0826    4.0826    4.0826   1.000
   878.000    985.000    2.9832    2.9832    2.9832    2.9832   1.000
   842.000    986.000    3.3255    3.3255    3.3255    3.3255   1.000
   849.000    986.000    3.3597    3.3597    3.3597    3.3597   1.000
   863.000    986.000    3.4553    3.4553    3.4553    3.4553   1.000
   876.000    986.000    2.8932    2.8932    2.8932    2.8932   1.000
   888.000    986.000    3.3516    3.3516    3.3516    3.3516   1.000
   837.000    987.000    3.5001    3.5001    3.5001    3.5001   1.000
   846.000    987.000    3.3284    3.3284    3.3284    3.3284   1.000
   867.000    987.000    3.3243    3.3243    3.3243    3.3243   1.000
   872.000    987.000    3.2648    3.2648    3.2648    3.2648   1.000
   874.000    987.000    3.8435    3.8435    3.8435    3.8435   1.000
   844.000    988.000    2.3143    2.3143    2.3143    2.3143   1.000
   857.000    988.000    3.4085    3.4085    3.4085    3.4085   1.000
   883.000    988.000    3.5974    3.5974    3.5974    3.5974   1.000
   842.000    989.000    2.2602    2.2602    2.2602    2.2602   1.000
   846.000    990.000    4.1492    4.1492    4.1492    4.1492   1.000
   865.000    990.000    3.7074    3.7074    3.7074    3.7074   1.000
   868.000    990.000    3.3366    3.3366    3.3366    3.3366   1.000
   877.000    990.000    3.0847    3.0847    3.0847    3.0847   1.000
   888.000    990.000    3.4475    3.4475    3.4475    3.4475   1.000
   890.000    990.000    2.8405    2.8405    2.8405    2.8405   1.000
   839.000    991.000    4.2209    4.2209    4.2209    4.2209   1.000
   844.000    991.000    4.1053    4.1053    4.1053    4.1053   1.000
   851.000    991.000    4.0865    4.0865    4.0865    4.0865   1.000
   855.000    991.000    3.9953    3.9953    3.9953    3.9953   1.000
   880.000    991.000    4.3302    4.3302    4.3302    4.3302   1.000
   848.000    992.000    3.7098    3.7098    3.7098    3.7098   1.000
   859.000    993.000    4.2679    4.2679    4.2679    4.2679   1.000
   873.000    993.000    3.2231    3.2231    3.2231    3.2231   1.000
   889.000    993.000    3.3520    3.3520    3.3520    3.3520   1.000
   891.000    993.000    2.8679    2.8679    2.8679    2.8679   1.000
   845.000    994.000    3.1727    3.1727    3.1727    3.1727   1.000
   849.000    994.000    3.2858    3.2858    3.2858    3.2858   1.000
   862.000    994.000    4.8056    4.8056    4.8056    4.8056   1.000
   864.000    994.000    4.6775    4.6775    4.6775    4.6775   1.000
   886.000    994.000    2.1361    2.1361    2.1361    2.1361   1.000
   856.000    995.000    4.7941    4.7941    4.7941    4.7941   1.000
   858.000    995.000    4.6693    4.6693    4.6693    4.6693   1.000
   872.000    995.000    3.8751    3.8751    3.8751    3.8751   1.000
   890.000    995.000    2.2356    2.2356    2.2356    2.2356   1.000
   836.000    996.000    3.9145    3.9145    3.9145    3.9145   1.000
   840.000    996.000    4.3405    4.3405    4.3405    4.3405   1.000
   863.000    996.000    3.8692    3.8692    3.8692    3.8692   1.000
   882.000    996.000    3.5743    3.5743    3.5743    3.5743   1.000
   849.000    997.000    1.7452    1.7452    1.7452    1.7452   1.000
   854.000    997.000    4.0998    4.0998    4.0998    4.0998   1.000
   861.000    997.000    4.2784    4.2784    4.2784    4.2784   1.000
   871.000    997.000    4.0934    4.0934    4.0934    4.0934   1.000
   840.000    998.000    4.2619    4.2619    4.2619    4.2619   1.000
   845.000    998.000    2.2169    2.2169    2.2169    2.2169   1.000
   847.000    998.000    4.3928    4.3928    4.3928    4.3928   1.000
   874.000    998.000    4.2718    4.2718    4.2718    4.2718   1.000
   887.000    998.000    3.1381    3.1381    3.1381    3.1381   1.000
   889.000    998.000    4.2877    4.2877    4.2877    4.2877   1.000
   860.000    999.000    4.2543    4.2543    4.2543    4.2543   1.000
   879.000    999.000    4.9999    4.9999    4.9999    4.9999   1.000
   836.000   1000.000    4.2561    4.2561    4.2561    4.2561   1.000
   839.000   1000.000    4.4495    4.4495    4.4495    4.4495   1.000
   843.000   1000.000    3.6027    3.6027    3.6027    3.6027   1.000
   858.000   1000.000    3.6457    3.6457    3.6457    3.6457   1.000
   871.000   1000.000    2.9805    2.9805    2.9805    2.9805   1.000
   873.000   1000.000    3.5821    3.5821    3.5821    3.5821   1.000
   889.000   1000.000    3.4726    3.4726    3.4726    3.4726   1.000
   845.000   1001.000    3.1738    3.1738    3.1738    3.1738   1.000
   847.000   1001.000    3.4477    3.4477    3.4477    3.4477   1.000
   865.000   1001.000    4.3136    4.3136    4.3136    4.3136   1.000
   878.000   1001.000    3.8330    3.8330    3.8330    3.8330   1.000
   861.000   1002.000    2.3708    2.3708    2.3708    2.3708   1.000
   868.000   1002.000    4.2035    4.2035    4.2035    4.2035   1.000
   870.000   1002.000    2.8299    2.8299    2.8299    2.8299   1.000
   888.000   1002.000    2.6596    2.6596    2.6596    2.6596   1.000
   839.000   1003.000    3.9732    3.9732    3.9732    3.9732   1.000
   848.000   1003.000    3.6831    3.6831    3.6831    3.6831   1.000
   844.000   1004.000    3.6843    3.6843    3.6843    3.6843   1.000
   857.000   1004.000    2.0254    2.0254    2.0254    2.0254   1.000
   869.000   1004.000    3.9008    3.9008    3.9008    3.9008   1.000
   876.000   1004.000    4.0994    4.0994    4.0994    4.0994   1.000
   886.000   1004.000    3.6631    3.6631    3.6631    3.6631   1.000
   839.000   1005.000    3.8247    3.8247    3.8247    3.8247   1.000
   860.000   1005.000    1.0794    1.0794    1.0794    1.0794   1.000
   864.000   1005.000    4.3495    4.3495    4.3495    4.3495   1.000
   873.000   1006.000    4.0380    4.0380    4.0380    4.0380   1.000
   875.000   1006.000    2.6269    2.6269    2.6269    2.6269   1.000
   837.000   1007.000    2.6846    2.6846    2.6846    2.6846   1.000
   839.000   1007.000    2.8679    2.8679    2.8679    2.8679   1.000
   869.000   1007.000    4.4515    4.4515    4.4515    4.4515   1.000
   880.000   1007.000    3.3518    3.3518    3.3518    3.3518   1.000
   871.000   1008.000    1.8133    1.8133    1.8133    1.8133   1.000
   874.000   1008.000    3.1971    3.1971    3.1971    3.1971   1.000
   876.000   1008.000    2.4766    2.4766    2.4766    2.4766   1.000
   850.000   1009.000    3.3981    3.3981    3.3981    3.3981   1.000
   883.000   1009.000    2.4746    2.4746    2.4746    2.4746   1.000
   887.000   1009.000    0.4219    0.4219    0.4219    0.4219   1.000
   839.000   1010.000    2.1965    2.1965    2.1965    2.1965   1.000
   857.000   1010.000    2.8222    2.8222    2.8222    2.8222   1.000
   860.000   1010.000    3.8205    3.8205    3.8205    3.8205   1.000
   881.000   1010.000    3.0335    3.0335    3.0335    3.0335   1.000
   891.000   1010.000    3.2577    3.2577    3.2577    3.2577   1.000
   848.000   1011.000    2.5314    2.5314    2.5314    2.5314   1.000
   873.000   1011.000    3.3337    3.3337    3.3337    3.3337   1.000
   875.000   1011.000    4.4764    4.4764    4.4764    4.4764   1.000
   837.000   1012.000    4.4660    4.4660    4.4660    4.4660   1.000
   850.000   1012.000    2.6851    2.6851    2.6851    2.6851   1.000
   860.000   1012.000    3.4979    3.4979    3.4979    3.4979   1.000
   864.000   1012.000    4.4497    4.4497    4.4497    4.4497   1.000
   866.000   1012.000    4.1081    4.1081    4.1081    4.1081   1.000
   880.000   1012.000    3.9776    3.9776    3.9776    3.9776   1.000
   887.000   1012.000    3.0878    3.0878    3.0878    3.0878   1.000
   845.000   1013.000    2.8504    2.8504    2.8504    2.8504   1.000
   847.000   1013.000    3.4847    3.4847    3.4847    3.4847   1.000
   854.000   1013.000    3.3115    3.3115    3.3115    3.3115   1.000
   869.000   1013.000    4.1023    4.1023    4.1023    4.1023   1.000
   856.000   1014.000    2.5784    2.5784    2.5784    2.5784   1.000
   860.000   1014.000    4.3812    4.3812    4.3812    4.3812   1.000
   885.000   1014.000    4.2326    4.2326    4.2326    4.2326   1.000
   877.000   1015.000    2.3302    2.3302    2.3302    2.3302   1.000
   842.000   1016.000    3.4588    3.4588    3.4588    3.4588   1.000
   849.000   1016.000    4.1561    4.1561    4.1561    4.1561   1.000
   857.000   1016.000    3.4778    3.4778    3.4778    3.4778   1.000
   860.000   1016.000    2.1160    2.1160    2.1160    2.1160   1.000
   864.000   1016.000    3.2580    3.2580    3.2580    3.2580   1.000
   868.000   1016.000    4.0115    4.0115    4.0115    4.0115   1.000
   876.000   1017.000    2.7884    2.7884    2.7884    2.7884   1.000
   882.000   1017.000    3.6752    3.6752    3.6752    3.6752   1.000
   843.000   1018.000    0.7918    0.7918    0.7918    0.7918   1.000
   856.000   1018.000    2.8109    2.8109    2.8109    2.8109   1.000
   862.000   1018.000    2.0504    2.0504    2.0504    2.0504   1.000
   872.000   1018.000    5.4596    5.4596    5.4596    5.4596   1.000
   878.000   1018.000    2.7376    2.7376    2.7376    2.7376   1.000
   890.000   1018.000    3.8911    3.8911    3.8911    3.8911   1.000
   848.000   1019.000    4.2470    4.2470    4.2470    4.2470   1.000
   864.000   1019.000    4.0965    4.0965    4.0965    4.0965   1.000
   875.000   1019.000    4.1560    4.1560    4.1560    4.1560   1.000
   886.000   1019.000    4.1135    4.1135    4.1135    4.1135   1.000
   888.000   1019.000    2.1424    2.1424    2.1424    2.1424   1.000
   906.000    964.000   -0.8581   -0.8581   -0.8581   -0.8581   1.000
   923.000    964.000    3.6294    3.6294    3.6294    3.6294   1.000
   901.000    965.000    2.2661    2.2661    2.2661    2.2661   1.000
   908.000    965.000    4.4813    4.4813    4.4813    4.4813   1.000
   916.000    965.000    2.5730    2.5730    2.5730    2.5730   1.000
   930.000    965.000    3.0887    3.0887    3.0887    3.0887   1.000
   937.000    965.000    3.4154    3.4154    3.4154    3.4154   1.000
   954.000    965.000    3.7361    3.7361    3.7361    3.7361   1.000
   910.000    966.000    3.7828    3.7828    3.7828    3.7828   1.000
   922.000    966.000    4.9432    4.9432    4.9432    4.9432   1.000
   935.000    966.000    3.3518    3.3518    3.3518    3.3518   1.000
   943.000    966.000    3.5031    3.5031    3.5031    3.5031   1.000
   904.000    967.000    3.6351    3.6351    3.6351    3.6351   1.000
   906.000    967.000    1.6871    1.6871    1.6871    1.6871   1.000
   926.000    967.000    3.1053    3.1053    3.1053    3.1053   1.000
   939.000    967.000    3.0098    3.0098    3.0098    3.0098   1.000
   948.000    967.000    1.0893    1.0893    1.0893    1.0893   1.000
   902.000    968.000    4.9548    4.9548    4.9548    4.9548   1.000
   908.000    968.000    1.9517    1.9517    1.9517    1.9517   1.000
   911.000    968.000    2.6840    2.6840    2.6840    2.6840   1.000
   918.000    968.000    2.1112    2.1112    2.1112    2.1112   1.000
   931.000    968.000    3.5698    3.5698    3.5698    3.5698   1.000
   934.000    968.000    3.9770    3.9770    3.9770    3.9770   1.000
   945.000    968.000    2.5515    2.5515    2.5515    2.5515   1.000
   951.000    968.000    1.3525    1.3525    1.3525    1.3525   1.000
   925.000    969.000    4.6783    4.6783    4.6783    4.6783   1.000
   944.000    970.000    2.5881    2.5881    2.5881    2.5881   1.000
   947.000    970.000    1.8825    1.8825    1.8825    1.8825   1.000
   952.000    970.000    2.0712    2.0712    2.0712    2.0712   1.000
   905.000    971.000    3.6081    3.6081    3.6081    3.6081   1.000
   942.000    971.000    4.4564    4.4564    4.4564    4.4564   1.000
   949.000    971.000    2.0131    2.0131    2.0131    2.0131   1.000
   917.000    972.000    0.5113    0.5113    0.5113    0.5113   1.000
   924.000    972.000    3.9182    3.9182    3.9182    3.9182   1.000
   935.000    972.000    4.2481    4.2481    4.2481    4.2481   1.000
   952.000    972.000    2.9930    2.9930    2.9930    2.9930   1.000
   900.000    973.000    3.9874    3.9874    3.9874    3.9874   1.000
   933.000    973.000    2.4278    2.4278    2.4278    2.4278   1.000
   945.000    973.000    2.5537    2.5537    2.5537    2.5537   1.000
   902.000    974.000    2.7569    2.7569    2.7569    2.7569   1.000
   947.000    974.000    2.6237    2.6237    2.6237    2.6237   1.000
   911.000    975.000    3.4658    3.4658    3.4658    3.4658   1.000
   928.000    975.000    4.2168    4.2168    4.2168    4.2168   1.000
   943.000    975.000   -0.1252   -0.1252   -0.1252   -0.1252   1.000
   954.000    975.000    5.1144    5.1144    5.1144    5.1144   1.000
   902.000    976.000    3.3350    3.3350    3.3350    3.3350   1.000
   914.000    976.000    4.1018    4.1018    4.1018    4.1018   1.000
   918.000    976.000    3.2990    3.2990    3.2990    3.2990   1.000
   924.000    976.000    2.8978    2.8978    2.8978    2.8978   1.000
   907.000    977.000    2.2275    2.2275    2.2275    2.2275   1.000
   946.000    977.000    2.2661    2.2661    2.2661    2.2661   1.000
   912.000    978.000    3.0203    3.0203    3.0203    3.0203   1.000
   924.000    978.000    3.5044    3.5044    3.5044    3.5044   1.000
   939.000    978.000    3.1800    3.1800    3.1800    3.1800   1.000
   904.000    979.000    4.5259    4.5259    4.5259    4.5259   1.000
   926.000    979.000    2.1287    2.1287    2.1287    2.1287   1.000
   946.000    979.000    3.5263    3.5263    3.5263    3.5263   1.000
   921.000    980.000    3.5328    3.5328    3.5328    3.5328   1.000
   928.000    980.000    3.2266    3.2266    3.2266    3.2266   1.000
   931.000    980.000    3.3823    3.3823    3.3823    3.3823   1.000
   944.000    980.000    3.3860    3.3860    3.3860    3.3860   1.000
   907.000    981.000    4.0678    4.0678    4.0678    4.0678   1.000
   916.000    981.000    2.7823    2.7823    2.7823    2.7823   1.000
   935.000    981.000    2.5925    2.5925    2.5925    2.5925   1.000
   942.000    981.000    4.8051    4.8051    4.8051    4.8051   1.000
   955.000    981.000    4.7527    4.7527    4.7527    4.7527   1.000
   911.000    982.000    3.2170    3.2170    3.2170    3.2170   1.000
   916.000    983.000    2.9922    2.9922    2.9922    2.9922   1.000
   918.000    983.000    3.7789    3.7789    3.7789    3.7789   1.000
   936.000    983.000    2.4512    2.4512    2.4512    2.4512   1.000
   940.000    983.000    3.4774    3.4774    3.4774    3.4774   1.000
   945.000    984.000    4.2655    4.2655    4.2655    4.2655   1.000
   947.000    984.000    4.9858    4.9858    4.9858    4.9858   1.000
   955.000    984.000    3.8403    3.8403    3.8403    3.8403   1.000
   909.000    985.000    3.9349    3.9349    3.9349    3.9349   1.000
   930.000    985.000    3.1856    3.1856    3.1856    3.1856   1.000
   935.000    985.000    2.5384    2.5384    2.5384    2.5384   1.000
   937.000    985.000    1.8907    1.8907    1.8907    1.8907   1.000
   903.000    986.000    4.1251    4.1251    4.1251    4.1251   1.000
   907.000    986.000    3.3714    3.3714    3.3714    3.3714   1.000
   915.000    986.000    3.8780    3.8780    3.8780    3.8780   1.000
   947.000    986.000    3.8190    3.8190    3.8190    3.8190   1.000
   909.000    987.000    4.2124    4.2124    4.2124    4.2124   1.000
   926.000    987.000    3.5270    3.5270    3.5270    3.5270   1.000
   939.000    987.000    2.9906    2.9906    2.9906    2.9906   1.000
   955.000    987.000    4.8070    4.8070    4.8070    4.8070   1.000
   906.000    988.000    4.2717    4.2717    4.2717    4.2717   1.000
   928.000    988.000    3.6365    3.6365    3.6365    3.6365   1.000
   930.000    988.000    2.8134    2.8134    2.8134    2.8134   1.000
   949.000    988.000    2.7608    2.7608    2.7608    2.7608   1.000
   951.000    988.000    3.4205    3.4205    3.4205    3.4205   1.000
   904.000    989.000    5.0025    5.0025    5.0025    5.0025   1.000
   926.000    989.000    3.3376    3.3376    3.3376    3.3376   1.000
   938.000    989.000    3.0350    3.0350    3.0350    3.0350   1.000
   942.000    989.000    1.3676    1.3676    1.3676    1.3676   1.000
   902.000    990.000    4.2497    4.2497    4.2497    4.2497   1.000
   929.000    990.000    3.8698    3.8698    3.8698    3.8698   1.000
   932.000    990.000    3.9514    3.9514    3.9514    3.9514   1.000
   944.000    990.000    1.8600    1.8600    1.8600    1.8600   1.000
   905.000    991.000    2.7342    2.7342    2.7342    2.7342   1.000
   909.000    991.000    2.8497    2.8497    2.8497    2.8497   1.000
   917.000    991.000    3.9993    3.9993    3.9993    3.9993   1.000
   919.000    991.000    4.2343    4.2343    4.2343    4.2343   1.000
   921.000    991.000    2.7689    2.7689    2.7689    2.7689   1.000
   923.000    991.000    2.9585    2.9585    2.9585    2.9585   1.000
   941.000    991.000    3.6215    3.6215    3.6215    3.6215   1.000
   951.000    991.000    2.9407    2.9407    2.9407    2.9407   1.000
   901.000    992.000    3.9003    3.9003    3.9003    3.9003   1.000
   914.000    992.000    4.0313    4.0313    4.0313    4.0313   1.000
   937.000    992.000    0.4907    0.4907    0.4907    0.4907   1.000
   945.000    992.000    1.3517    1.3517    1.3517    1.3517   1.000
   947.000    992.000    0.0355    0.0355    0.0355    0.0355   1.000
   927.000    993.000    2.8545    2.8545    2.8545    2.8545   1.000
   950.000    993.000    1.6985    1.6985    1.6985    1.6985   1.000
   906.000    994.000    4.3721    4.3721    4.3721    4.3721   1.000
   908.000    994.000    3.5174    3.5174    3.5174    3.5174   1.000
   918.000    994.000    3.8625    3.8625    3.8625    3.8625   1.000
   920.000    994.000    3.5095    3.5095    3.5095    3.5095   1.000
   938.000    994.000    1.4756    1.4756    1.4756    1.4756   1.000
   944.000    994.000    2.6716    2.6716    2.6716    2.6716   1.000
   953.000    994.000    3.3149    3.3149    3.3149    3.3149   1.000
   923.000    995.000    3.6552    3.6552    3.6552    3.6552   1.000
   926.000    995.000    5.4144    5.4144    5.4144    5.4144   1.000
   930.000    995.000    3.9195    3.9195    3.9195    3.9195   1.000
   932.000    995.000    3.1922    3.1922    3.1922    3.1922   1.000
   936.000    995.000    4.0017    4.0017    4.0017    4.0017   1.000
   946.000    995.000    2.6731    2.6731    2.6731    2.6731   1.000
   904.000    996.000    2.9413    2.9413    2.9413    2.9413   1.000
   912.000    996.000    3.8463    3.8463    3.8463    3.8463   1.000
   934.000    996.000    3.2717    3.2717    3.2717    3.2717   1.000
   941.000    996.000    3.0388    3.0388    3.0388    3.0388   1.000
   954.000    996.000    3.3789    3.3789    3.3789    3.3789   1.000
   902.000    997.000    4.1576    4.1576    4.1576    4.1576   1.000
   915.000    997.000    3.0892    3.0892    3.0892    3.0892   1.000
   919.000    997.000    3.3213    3.3213    3.3213    3.3213   1.000
   930.000    997.000    3.3596    3.3596    3.3596    3.3596   1.000
   952.000    997.000    3.2206    3.2206    3.2206    3.2206   1.000
   928.000    998.000    3.7024    3.7024    3.7024    3.7024   1.000
   910.000    999.000    3.6152    3.6152    3.6152    3.6152   1.000
   924.000    999.000    3.3251    3.3251    3.3251    3.3251   1.000
   937.000    999.000    3.8316    3.8316    3.8316    3.8316   1.000
   940.000    999.000    3.3365    3.3365    3.3365    3.3365   1.000
   954.000    999.000    3.1231    3.1231    3.1231    3.1231   1.000
   905.000   1001.000    4.6761    4.6761    4.6761    4.6761   1.000
   917.000   1001.000    4.4298    4.4298    4.4298    4.4298   1.000
   925.000   1001.000    2.6721    2.6721    2.6721    2.6721   1.000
   933.000   1001.000    3.6305    3.6305    3.6305    3.6305   1.000
   954.000   1001.000    3.1179    3.1179    3.1179    3.1179   1.000
   915.000   1002.000    4.0807    4.0807    4.0807    4.0807   1.000
   921.000   1002.000    2.6725    2.6725    2.6725    2.6725   1.000
   935.000   1002.000    4.1887    4.1887    4.1887    4.1887   1.000
   937.000   1002.000    4.1319    4.1319    4.1319    4.1319   1.000
   942.000   1002.000    4.1546    4.1546    4.1546    4.1546   1.000
   944.000   1002.000    3.9910    3.9910    3.9910    3.9910   1.000
   909.000   1003.000    4.1232    4.1232    4.1232    4.1232   1.000
   923.000   1003.000    4.1159    4.1159    4.1159    4.1159   1.000
   928.000   1004.000    3.7486    3.7486    3.7486    3.7486   1.000
   932.000   1004.000    4.1197    4.1197    4.1197    4.1197   1.000
   946.000   1004.000    3.5654    3.5654    3.5654    3.5654   1.000
   951.000   1004.000    3.7295    3.7295    3.7295    3.7295   1.000
   924.000   1005.000    3.4022    3.4022    3.4022    3.4022   1.000
   935.000   1005.000    3.0602    3.0602    3.0602    3.0602   1.000
   907.000   1006.000    3.9804    3.9804    3.9804    3.9804   1.000
   922.000   1006.000    2.7065    2.7065    2.7065    2.7065   1.000
   940.000   1006.000    4.3737    4.3737    4.3737    4.3737   1.000
   910.000   1007.000    3.3131    3.3131    3.3131    3.3131   1.000
   916.000   1007.000    5.1241    5.1241    5.1241    5.1241   1.000
   926.000   1007.000    1.9725    1.9725    1.9725    1.9725   1.000
   928.000   1007.000    3.6072    3.6072    3.6072    3.6072   1.000
   933.000   1007.000    5.2377    5.2377    5.2377    5.2377   1.000
   900.000   1008.000    4.0681    4.0681    4.0681    4.0681   1.000
   921.000   1008.000    0.7074    0.7074    0.7074    0.7074   1.000
   951.000   1008.000    3.5760    3.5760    3.5760    3.5760   1.000
   908.000   1009.000    3.5753    3.5753    3.5753    3.5753   1.000
   916.000   1009.000    3.2946    3.2946    3.2946    3.2946   1.000
   923.000   1009.000    1.8306    1.8306    1.8306    1.8306   1.000
   928.000   1009.000    2.6140    2.6140    2.6140    2.6140   1.000
   931.000   1009.000    4.2216    4.2216    4.2216    4.2216   1.000
   943.000   1009.000    3.3463    3.3463    3.3463    3.3463   1.000
   946.000   1009.000    3.4887    3.4887    3.4887    3.4887   1.000
   919.000   1010.000    2.8325    2.8325    2.8325    2.8325   1.000
   948.000   1011.000    3.9537    3.9537    3.9537    3.9537   1.000
   910.000   1012.000    4.1571    4.1571    4.1571    4.1571   1.000
   919.000   1012.000    2.5264    2.5264    2.5264    2.5264   1.000
   943.000   1012.000    4.9527    4.9527    4.9527    4.9527   1.000
   953.000   1012.000    2.6906    2.6906    2.6906    2.6906   1.000
   901.000   1013.000    3.5414    3.5414    3.5414    3.5414   1.000
   906.000   1013.000    4.3869    4.3869    4.3869    4.3869   1.000
   917.000   1013.000    2.7837    2.7837    2.7837    2.7837   1.000
   925.000   1013.000    3.0796    3.0796    3.0796    3.0796   1.000
   947.000   1013.000    4.4300    4.4300    4.4300    4.4300   1.000
   915.000   1014.000    3.5304    3.5304    3.5304    3.5304   1.000
   920.000   1014.000    3.9059    3.9059    3.9059    3.9059   1.000
   933.000   1014.000    2.9759    2.9759    2.9759    2.9759   1.000
   935.000   1014.000    3.1040    3.1040    3.1040    3.1040   1.000
   945.000   1014.000    4.1670    4.1670    4.1670    4.1670   1.000
   911.000   1015.000    3.8230    3.8230    3.8230    3.8230   1.000
   918.000   1015.000    3.7185    3.7185    3.7185    3.7185   1.000
   930.000   1015.000    3.2970    3.2970    3.2970    3.2970   1.000
   949.000   1015.000    4.1142    4.1142    4.1142    4.1142   1.000
   951.000   1015.000    2.9987    2.9987    2.9987    2.9987   1.000
   954.000   1015.000    2.5603    2.5603    2.5603    2.5603   1.000
   902.000   1016.000    4.6815    4.6815    4.6815    4.6815   1.000
   928.000   1016.000    4.5233    4.5233    4.5233    4.5233   1.000
   935.000   1016.000    4.7601    4.7601    4.7601    4.7601   1.000
   938.000   1016.000    4.2757    4.2757    4.2757    4.2757   1.000
   904.000   1017.000    2.9982    2.9982    2.9982    2.9982   1.000
   919.000   1017.000    4.1889    4.1889    4.1889    4.1889   1.000
   927.000   1018.000    4.4277    4.4277    4.4277    4.4277   1.000
   931.000   1018.000    4.2554    4.2554    4.2554    4.2554   1.000
   933.000   1018.000    3.8090    3.8090    3.8090    3.8090   1.000
   938.000   1018.000    3.7899    3.7899    3.7899    3.7899   1.000
   945.000   1018.000    4.0935    4.0935    4.0935    4.0935   1.000
   951.000   1018.000    3.6209    3.6209    3.6209    3.6209   1.000
   953.000   1018.000    4.4170    4.4170    4.4170    4.4170   1.000
   905.000   1019.000    3.2202    3.2202    3.2202    3.2202   1.000
   940.000   1019.000    3.7736    3.7736    3.7736    3.7736   1.000
   990.000    964.000    3.7798    3.7798    3.7798    3.7798   1.000
   994.000    964.000    3.7863    3.7863    3.7863    3.7863   1.000
  1003.000    964.000    3.9989    3.9989    3.9989    3.9989   1.000
  1005.000    964.000    2.9231    2.9231    2.9231    2.9231   1.000
  1015.000    964.000    2.5748    2.5748    2.5748    2.5748   1.000
   977.000    965.000    3.2330    3.2330    3.2330    3.2330   1.000
  1011.000    965.000    2.7852    2.7852    2.7852    2.7852   1.000
  1017.000    965.000    1.3778    1.3778    1.3778    1.3778   1.000
   965.000    966.000    3.6369    3.6369    3.6369    3.6369   1.000
  1015.000    966.000    2.9003    2.9003    2.9003    2.9003   1.000
   969.000    967.000    3.9442    3.9442    3.9442    3.9442   1.000
   974.000    967.000    3.6439    3.6439    3.6439    3.6439   1.000
   986.000    967.000    4.1472    4.1472    4.1472    4.1472   1.000
   988.000    967.000    3.3102    3.3102    3.3102    3.3102   1.000
   997.000    967.000    3.7068    3.7068    3.7068    3.7068   1.000
   974.000    969.000    2.4469    2.4469    2.4469    2.4469   1.000
   976.000    969.000    2.9869    2.9869    2.9869    2.9869   1.000
   995.000    969.000    2.9420    2.9420    2.9420    2.9420   1.000
  1000.000    969.000    0.1999    0.1999    0.1999    0.1999   1.000
  1019.000    969.000    3.0438    3.0438    3.0438    3.0438   1.000
   990.000    970.000    4.2551    4.2551    4.2551    4.2551   1.000
  1007.000    970.000    3.6779    3.6779    3.6779    3.6779   1.000
   964.000    971.000    4.1722    4.1722    4.1722    4.1722   1.000
   976.000    971.000    4.2245    4.2245    4.2245    4.2245   1.000
   983.000    971.000    4.0813    4.0813    4.0813    4.0813   1.000
   971.000    972.000    4.7985    4.7985    4.7985    4.7985   1.000
   974.000    972.000    3.8696    3.8696    3.8696    3.8696   1.000
   986.000    972.000    3.3309    3.3309    3.3309    3.3309   1.000
   988.000    972.000    3.9376    3.9376    3.9376    3.9376   1.000
  1002.000    972.000    3.3790    3.3790    3.3790    3.3790   1.000
  1010.000    972.000    2.4227    2.4227    2.4227    2.4227   1.000
   977.000    973.000    4.4718    4.4718    4.4718    4.4718   1.000
   981.000    973.000    3.6602    3.6602    3.6602    3.6602   1.000
   983.000    973.000    3.6840    3.6840    3.6840    3.6840   1.000
  1012.000    973.000    3.2978    3.2978    3.2978    3.2978   1.000
   965.000    974.000    3.2560    3.2560    3.2560    3.2560   1.000
   999.000    974.000    2.8243    2.8243    2.8243    2.8243   1.000
   969.000    975.000    3.6209    3.6209    3.6209    3.6209   1.000
   985.000    975.000    3.6021    3.6021    3.6021    3.6021   1.000
  1005.000    975.000    2.8912    2.8912    2.8912    2.8912   1.000
  1010.000    975.000    3.7997    3.7997    3.7997    3.7997   1.000
   974.000    976.000    3.5667    3.5667    3.5667    3.5667   1.000
   976.000    976.000    3.4439    3.4439    3.4439    3.4439   1.000
  1000.000    976.000    3.2604    3.2604    3.2604    3.2604   1.000
  1013.000    976.000    4.3161    4.3161    4.3161    4.3161   1.000
   997.000    977.000    1.8115    1.8115    1.8115    1.8115   1.000
   971.000    978.000    3.9293    3.9293    3.9293    3.9293   1.000
   981.000    978.000    3.0501    3.0501    3.0501    3.0501   1.000
  1004.000    978.000    3.5973    3.5973    3.5973    3.5973   1.000
  1015.000    978.000    2.7629    2.7629    2.7629    2.7629   1.000
   984.000    979.000    3.9136    3.9136    3.9136    3.9136   1.000
   991.000    979.000    3.0956    3.0956    3.0956    3.0956   1.000
   994.000    979.000    3.3900    3.3900    3.3900    3.3900   1.000
   998.000    979.000    3.0054    3.0054    3.0054    3.0054   1.000
  1006.000    979.000    2.4128    2.4128    2.4128    2.4128   1.000
  1011.000    979.000    2.1381    2.1381    2.1381    2.1381   1.000
  1017.000    979.000    1.6510    1.6510    1.6510    1.6510   1.000
   970.000    980.000    3.9175    3.9175    3.9175    3.9175   1.000
  1015.000    980.000    3.5495    3.5495    3.5495    3.5495   1.000
   967.000    981.000    3.0950    3.0950    3.0950    3.0950   1.000
   979.000    981.000    3.9940    3.9940    3.9940    3.9940   1.000
  1018.000    981.000    2.8605    2.8605    2.8605    2.8605   1.000
   983.000    982.000    2.1808    2.1808    2.1808    2.1808   1.000
   987.000    982.000    2.7270    2.7270    2.7270    2.7270   1.000
   996.000    982.000    2.4916    2.4916    2.4916    2.4916   1.000
  1003.000    982.000    2.9544    2.9544    2.9544    2.9544   1.000
  1013.000    982.000    4.1503    4.1503    4.1503    4.1503   1.000
   964.000    983.000    4.4789    4.4789    4.4789    4.4789   1.000
   972.000    983.000    2.5853    2.5853    2.5853    2.5853   1.000
   983.000    984.000    2.5360    2.5360    2.5360    2.5360   1.000
   986.000    984.000    3.4242    3.4242    3.4242    3.4242   1.000
   994.000    984.000    3.6160    3.6160    3.6160    3.6160   1.000
  1015.000    984.000    1.8189    1.8189    1.8189    1.8189   1.000
   966.000    985.000    3.2441    3.2441    3.2441    3.2441   1.000
   973.000    985.000    2.7394    2.7394    2.7394    2.7394   1.000
   981.000    985.000    3.5398    3.5398    3.5398    3.5398   1.000
   978.000    986.000    3.9683    3.9683    3.9683    3.9683   1.000
   993.000    986.000    3.2147    3.2147    3.2147    3.2147   1.000
  1016.000    986.000    1.2228    1.2228    1.2228    1.2228   1.000
   964.000    987.000    3.3401    3.3401    3.3401    3.3401   1.000
   969.000    987.000    2.2814    2.2814    2.2814    2.2814   1.000
   991.000    987.000    2.5601    2.5601    2.5601    2.5601   1.000
   976.000    988.000    4.2697    4.2697    4.2697    4.2697   1.000
   993.000    988.000    2.7644    2.7644    2.7644    2.7644   1.000
  1014.000    988.000    4.0766    4.0766    4.0766    4.0766   1.000
   968.000    989.000    2.9279    2.9279    2.9279    2.9279   1.000
   983.000    989.000    3.0324    3.0324    3.0324    3.0324   1.000
   989.000    989.000    4.3475    4.3475    4.3475    4.3475   1.000
   997.000    989.000    4.3393    4.3393    4.3393    4.3393   1.000
   999.000    989.000    3.9462    3.9462    3.9462    3.9462   1.000
   975.000    990.000    3.4121    3.4121    3.4121    3.4121   1.000
   991.000    990.000    2.7930    2.7930    2.7930    2.7930   1.000
   979.000    991.000    3.9545    3.9545    3.9545    3.9545   1.000
  1015.000    991.000    3.8028    3.8028    3.8028    3.8028   1.000
   972.000    992.000    3.5145    3.5145    3.5145    3.5145   1.000
   981.000    992.000    3.3694    3.3694    3.3694    3.3694   1.000
  1013.000    992.000    3.6781    3.6781    3.6781    3.6781   1.000
   976.000    993.000    3.1188    3.1188    3.1188    3.1188   1.000
   979.000    993.000    3.1673    3.1673    3.1673    3.1673   1.000
  1007.000    993.000    2.9575    2.9575    2.9575    2.9575   1.000
  1016.000    993.000    3.4441    3.4441    3.4441    3.4441   1.000
   974.000    994.000    2.9229    2.9229    2.9229    2.9229   1.000
  1009.000    994.000    2.6375    2.6375    2.6375    2.6375   1.000
  1003.000    995.000    2.2788    2.2788    2.2788    2.2788   1.000
   975.000    996.000    3.3597    3.3597    3.3597    3.3597   1.000
   973.000    997.000    3.4644    3.4644    3.4644    3.4644   1.000
   977.000    997.000    4.0967    4.0967    4.0967    4.0967   1.000
   981.000    997.000    3.9833    3.9833    3.9833    3.9833   1.000
   990.000    998.000    3.5751    3.5751    3.5751    3.5751   1.000
  1004.000    999.000    4.4437    4.4437    4.4437    4.4437   1.000
   964.000   1000.000    3.2414    3.2414    3.2414    3.2414   1.000
   978.000   1000.000    3.4515    3.4515    3.4515    3.4515   1.000
   991.000   1000.000    3.4199    3.4199    3.4199    3.4199   1.000
   998.000   1000.000    3.3368    3.3368    3.3368    3.3368   1.000
  1010.000   1000.000    3.1643    3.1643    3.1643    3.1643   1.000
   971.000   1001.000    2.5308    2.5308    2.5308    2.5308   1.000
   987.000   1001.000    3.4939    3.4939    3.4939    3.4939   1.000
   996.000   1001.000    2.4676    2.4676    2.4676    2.4676   1.000
   964.000   1002.000    2.4857    2.4857    2.4857    2.4857   1.000
   976.000   1002.000    3.3444    3.3444    3.3444    3.3444   1.000
   991.000   1002.000    2.7370    2.7370    2.7370    2.7370   1.000
  1012.000   1002.000    3.7491    3.7491    3.7491    3.7491   1.000
  1015.000   1002.000    3.0950    3.0950    3.0950    3.0950   1.000
   974.000   1003.000    3.6352    3.6352    3.6352    3.6352   1.000
   981.000   1003.000    3.1023    3.1023    3.1023    3.1023   1.000
   978.000   1004.000    4.0032    4.0032    4.0032    4.0032   1.000
   995.000   1004.000    2.6030    2.6030    2.6030    2.6030   1.000
  1006.000   1004.000    4.5444    4.5444    4.5444    4.5444   1.000
  1011.000   1004.000    3.2817    3.2817    3.2817    3.2817   1.000
   997.000   1005.000    0.6439    0.6439    0.6439    0.6439   1.000
  1009.000   1005.000    2.6916    2.6916    2.6916    2.6916   1.000
  1015.000   1005.000    3.1878    3.1878    3.1878    3.1878   1.000
   968.000   1006.000    3.2630    3.2630    3.2630    3.2630   1.000
  1000.000   1006.000    2.2029    2.2029    2.2029    2.2029   1.000
  1018.000   1006.000    3.2748    3.2748    3.2748    3.2748   1.000
   975.000   1007.000    3.7483    3.7483    3.7483    3.7483   1.000
   987.000   1007.000    3.7957    3.7957    3.7957    3.7957   1.000
  1002.000   1007.000    4.0900    4.0900    4.0900    4.0900   1.000
  1009.000   1007.000    3.4374    3.4374    3.4374    3.4374   1.000
   982.000   1008.000    3.6962    3.6962    3.6962    3.6962   1.000
   977.000   1009.000    4.0068    4.0068    4.0068    4.0068   1.000
   995.000   1009.000    2.6451    2.6451    2.6451    2.6451   1.000
   999.000   1009.000    4.1891    4.1891    4.1891    4.1891   1.000
  1008.000   1009.000    4.1080    4.1080    4.1080    4.1080   1.000
  1014.000   1009.000    3.2847    3.2847    3.2847    3.2847   1.000
   974.000   1010.000    3.4636    3.4636    3.4636    3.4636   1.000
  1018.000   1010.000    3.9748    3.9748    3.9748    3.9748   1.000
   965.000   1011.000    4.1417    4.1417    4.1417    4.1417   1.000
   977.000   1011.000    3.7926    3.7926    3.7926    3.7926   1.000
   981.000   1011.000    4.8755    4.8755    4.8755    4.8755   1.000
   988.000   1011.000    3.1973    3.1973    3.1973    3.1973   1.000
   967.000   1012.000    3.8653    3.8653    3.8653    3.8653   1.000
   994.000   1012.000    4.0803    4.0803    4.0803    4.0803   1.000
  1002.000   1012.000    3.2961    3.2961    3.2961    3.2961   1.000
  1005.000   1012.000    2.6655    2.6655    2.6655    2.6655   1.000
  1015.000   1012.000    4.0196    4.0196    4.0196    4.0196   1.000
   971.000   1013.000    3.0650    3.0650    3.0650    3.0650   1.000
   982.000   1013.000    4.2623    4.2623    4.2623    4.2623   1.000
   991.000   1014.000    3.9579    3.9579    3.9579    3.9579   1.000
  1015.000   1014.000    3.9866    3.9866    3.9866    3.9866   1.000
   970.000   1015.000    4.0852    4.0852    4.0852    4.0852   1.000
   975.000   1015.000    3.3716    3.3716    3.3716    3.3716   1.000
   987.000   1015.000    3.6699    3.6699    3.6699    3.6699   1.000
  1008.000   1015.000    3.8458    3.8458    3.8458    3.8458   1.000
  1012.000   1015.000    4.1843    4.1843    4.1843    4.1843   1.000
   967.000   1016.000    3.3296    3.3296    3.3296    3.3296   1.000
   979.000   1016.000    3.3613    3.3613    3.3613    3.3613   1.000
   994.000   1016.000    3.9421    3.9421    3.9421    3.9421   1.000
  1001.000   1016.000    2.7693    2.7693    2.7693    2.7693   1.000
  1005.000   1016.000    3.9030    3.9030    3.9030    3.9030   1.000
   969.000   1018.000    2.1282    2.1282    2.1282    2.1282   1.000
   979.000   1018.000    3.3284    3.3284    3.3284    3.3284   1.000
   981.000   1018.000    2.2404    2.2404    2.2404    2.2404   1.000
   989.000   1018.000    3.5582    3.5582    3.5582    3.5582   1.000
  1001.000   1018.000    1.9194    1.9194    1.9194    1.9194   1.000
  1013.000   1019.000    3.7322    3.7322    3.7322    3.7322   1.000
  1045.000    964.000    3.9664    3.9664    3.9664    3.9664   1.000
  1067.000    964.000    4.5133    4.5133    4.5133    4.5133   1.000
  1079.000    964.000    3.5293    3.5293    3.5293    3.5293   1.000
  1039.000    965.000    4.8882    4.8882    4.8882    4.8882   1.000
  1043.000    965.000    3.4760    3.4760    3.4760    3.4760   1.000
  1082.000    965.000    3.5013    3.5013    3.5013    3.5013   1.000
  1051.000    966.000    3.9470    3.9470    3.9470    3.9470   1.000
  1053.000    966.000    4.0071    4.0071    4.0071    4.0071   1.000
  1072.000    966.000    4.1370    4.1370    4.1370    4.1370   1.000
  1035.000    967.000    2.3732    2.3732    2.3732    2.3732   1.000
  1059.000    967.000    3.3648    3.3648    3.3648    3.3648   1.000
  1063.000    967.000    4.7099    4.7099    4.7099    4.7099   1.000
  1078.000    967.000    3.8948    3.8948    3.8948    3.8948   1.000
  1030.000    968.000    2.9992    2.9992    2.9992    2.9992   1.000
  1040.000    968.000    4.1204    4.1204    4.1204    4.1204   1.000
  1065.000    968.000    3.7535    3.7535    3.7535    3.7535   1.000
  1071.000    968.000    4.3334    4.3334    4.3334    4.3334   1.000
  1083.000    968.000    2.9325    2.9325    2.9325    2.9325   1.000
  1028.000    969.000    3.2994    3.2994    3.2994    3.2994   1.000
  1033.000    969.000    3.4560    3.4560    3.4560    3.4560   1.000
  1054.000    969.000    3.3355    3.3355    3.3355    3.3355   1.000
  1056.000    969.000    3.4261    3.4261    3.4261    3.4261   1.000
  1074.000    969.000    3.7545    3.7545    3.7545    3.7545   1.000
  1030.000    970.000    3.8359    3.8359    3.8359    3.8359   1.000
  1042.000    970.000    4.1478    4.1478    4.1478    4.1478   1.000
  1069.000    970.000    3.4654    3.4654    3.4654    3.4654   1.000
  1078.000    971.000    2.0942    2.0942    2.0942    2.0942   1.000
  1082.000    971.000    2.8645    2.8645    2.8645    2.8645   1.000
  1028.000    972.000    3.8989    3.8989    3.8989    3.8989   1.000
  1035.000    972.000    4.0181    4.0181    4.0181    4.0181   1.000
  1040.000    972.000    4.0219    4.0219    4.0219    4.0219   1.000
  1047.000    973.000    3.6954    3.6954    3.6954    3.6954   1.000
  1038.000    974.000    2.6502    2.6502    2.6502    2.6502   1.000
  1043.000    974.000    3.5637    3.5637    3.5637    3.5637   1.000
  1071.000    974.000    2.6418    2.6418    2.6418    2.6418   1.000
  1059.000    975.000    4.2586    4.2586    4.2586    4.2586   1.000
  1073.000    975.000    3.8216    3.8216    3.8216    3.8216   1.000
  1075.000    975.000    3.2559    3.2559    3.2559    3.2559   1.000
  1080.000    975.000    0.8365    0.8365    0.8365    0.8365   1.000
  1053.000    976.000    2.6739    2.6739    2.6739    2.6739   1.000
  1037.000    977.000    3.4452    3.4452    3.4452    3.4452   1.000
  1045.000    977.000    3.2766    3.2766    3.2766    3.2766   1.000
  1047.000    977.000    4.2989    4.2989    4.2989    4.2989   1.000
  1055.000    977.000    2.8060    2.8060    2.8060    2.8060   1.000
  1057.000    977.000    4.6494    4.6494    4.6494    4.6494   1.000
  1064.000    977.000    3.5124    3.5124    3.5124    3.5124   1.000
  1075.000    977.000    1.7944    1.7944    1.7944    1.7944   1.000
  1083.000    977.000    3.9923    3.9923    3.9923    3.9923   1.000
  1032.000    978.000    3.5333    3.5333    3.5333    3.5333   1.000
  1040.000    978.000    3.0643    3.0643    3.0643    3.0643   1.000
  1049.000    978.000    3.3472    3.3472    3.3472    3.3472   1.000
  1078.000    978.000    2.0243    2.0243    2.0243    2.0243   1.000
  1058.000    979.000    1.1940    1.1940    1.1940    1.1940   1.000
  1070.000    979.000    3.0681    3.0681    3.0681    3.0681   1.000
  1075.000    979.000    0.6928    0.6928    0.6928    0.6928   1.000
  1038.000    980.000    3.5093    3.5093    3.5093    3.5093   1.000
  1060.000    980.000    1.7701    1.7701    1.7701    1.7701   1.000
  1078.000    980.000    4.6717    4.6717    4.6717    4.6717   1.000
  1041.000    981.000    3.2782    3.2782    3.2782    3.2782   1.000
  1044.000    981.000    3.5592    3.5592    3.5592    3.5592   1.000
  1054.000    981.000    2.2110    2.2110    2.2110    2.2110   1.000
  1072.000    981.000    4.8371    4.8371    4.8371    4.8371   1.000
  1074.000    981.000    3.0159    3.0159    3.0159    3.0159   1.000
  1036.000    982.000    3.2058    3.2058    3.2058    3.2058   1.000
  1058.000    982.000    2.2401    2.2401    2.2401    2.2401   1.000
  1062.000    982.000    3.7137    3.7137    3.7137    3.7137   1.000
  1065.000    982.000    2.6098    2.6098    2.6098    2.6098   1.000
  1040.000    983.000    2.3656    2.3656    2.3656    2.3656   1.000
  1072.000    983.000    4.2157    4.2157    4.2157    4.2157   1.000
  1051.000    985.000    2.9595    2.9595    2.9595    2.9595   1.000
  1053.000    985.000    2.4827    2.4827    2.4827    2.4827   1.000
  1082.000    985.000    3.8055    3.8055    3.8055    3.8055   1.000
  1028.000    986.000    3.6253    3.6253    3.6253    3.6253   1.000
  1037.000    986.000    1.8569    1.8569    1.8569    1.8569   1.000
  1066.000    986.000    2.4355    2.4355    2.4355    2.4355   1.000
  1035.000    987.000    2.3963    2.3963    2.3963    2.3963   1.000
  1060.000    987.000    3.5966    3.5966    3.5966    3.5966   1.000
  1048.000    988.000    3.7733    3.7733    3.7733    3.7733   1.000
  1053.000    988.000    2.8053    2.8053    2.8053    2.8053   1.000
  1056.000    988.000    3.6399    3.6399    3.6399    3.6399   1.000
  1066.000    988.000    2.4237    2.4237    2.4237    2.4237   1.000
  1082.000    988.000    3.3424    3.3424    3.3424    3.3424   1.000
  1028.000    989.000    2.0751    2.0751    2.0751    2.0751   1.000
  1039.000    989.000    3.2549    3.2549    3.2549    3.2549   1.000
  1074.000    989.000    4.6170    4.6170    4.6170    4.6170   1.000
  1059.000    990.000    3.8156    3.8156    3.8156    3.8156   1.000
  1034.000    991.000    3.9389    3.9389    3.9389    3.9389   1.000
  1051.000    991.000    1.3360    1.3360    1.3360    1.3360   1.000
  1073.000    991.000    3.0608    3.0608    3.0608    3.0608   1.000
  1080.000    991.000    2.9625    2.9625    2.9625    2.9625   1.000
  1036.000    992.000    3.3100    3.3100    3.3100    3.3100   1.000
  1046.000    992.000    3.9163    3.9163    3.9163    3.9163   1.000
  1039.000    993.000    3.9147    3.9147    3.9147    3.9147   1.000
  1029.000    994.000    3.3799    3.3799    3.3799    3.3799   1.000
  1034.000    994.000    4.1471    4.1471    4.1471    4.1471   1.000
  1072.000    994.000    3.0554    3.0554    3.0554    3.0554   1.000
  1039.000    995.000    3.1996    3.1996    3.1996    3.1996   1.000
  1053.000    995.000    4.1956    4.1956    4.1956    4.1956   1.000
  1081.000    995.000    3.0030    3.0030    3.0030    3.0030   1.000
  1029.000    996.000    3.6680    3.6680    3.6680    3.6680   1.000
  1055.000    996.000    3.4528    3.4528    3.4528    3.4528   1.000
  1061.000    996.000    2.7253    2.7253    2.7253    2.7253   1.000
  1063.000    996.000    3.6997    3.6997    3.6997    3.6997   1.000
  1068.000    996.000    1.9149    1.9149    1.9149    1.9149   1.000
  1079.000    996.000    3.3387    3.3387    3.3387    3.3387   1.000
  1047.000    997.000    3.5614    3.5614    3.5614    3.5614   1.000
  1075.000    997.000    3.8250    3.8250    3.8250    3.8250   1.000
  1037.000    998.000    2.5286    2.5286    2.5286    2.5286   1.000
  1045.000    998.000    2.9167    2.9167    2.9167    2.9167   1.000
  1054.000    998.000    3.0404    3.0404    3.0404    3.0404   1.000
  1056.000    998.000    3.2309    3.2309    3.2309    3.2309   1.000
  1064.000    998.000    4.0891    4.0891    4.0891    4.0891   1.000
  1068.000    998.000    2.4488    2.4488    2.4488    2.4488   1.000
  1079.000    998.000    3.5226    3.5226    3.5226    3.5226   1.000
  1032.000    999.000    3.1513    3.1513    3.1513    3.1513   1.000
  1051.000    999.000    3.5917    3.5917    3.5917    3.5917   1.000
  1044.000   1000.000    3.5277    3.5277    3.5277    3.5277   1.000
  1048.000   1000.000    5.3538    5.3538    5.3538    5.3538   1.000
  1060.000   1000.000    3.1079    3.1079    3.1079    3.1079   1.000
  1063.000   1000.000    3.0292    3.0292    3.0292    3.0292   1.000
  1036.000   1001.000    1.5318    1.5318    1.5318    1.5318   1.000
  1039.000   1001.000    2.5961    2.5961    2.5961    2.5961   1.000
  1058.000   1001.000    3.7927    3.7927    3.7927    3.7927   1.000
  1083.000   1001.000    2.9259    2.9259    2.9259    2.9259   1.000
  1047.000   1002.000    3.8386    3.8386    3.8386    3.8386   1.000
  1050.000   1002.000    2.8295    2.8295    2.8295    2.8295   1.000
  1052.000   1002.000    3.7677    3.7677    3.7677    3.7677   1.000
  1054.000   1002.000    3.5642    3.5642    3.5642    3.5642   1.000
  1056.000   1002.000    4.1111    4.1111    4.1111    4.1111   1.000
  1063.000   1002.000    3.6296    3.6296    3.6296    3.6296   1.000
  1065.000   1002.000    3.9823    3.9823    3.9823    3.9823   1.000
  1080.000   1002.000    3.0346    3.0346    3.0346    3.0346   1.000
  1033.000   1004.000    3.5849    3.5849    3.5849    3.5849   1.000
  1038.000   1004.000    1.8596    1.8596    1.8596    1.8596   1.000
  1042.000   1004.000    3.2961    3.2961    3.2961    3.2961   1.000
  1046.000   1004.000    3.6883    3.6883    3.6883    3.6883   1.000
  1049.000   1004.000    3.1393    3.1393    3.1393    3.1393   1.000
  1075.000   1004.000    4.4744    4.4744    4.4744    4.4744   1.000
  1082.000   1004.000    3.6049    3.6049    3.6049    3.6049   1.000
  1057.000   1005.000    2.7253    2.7253    2.7253    2.7253   1.000
  1065.000   1005.000    2.9569    2.9569    2.9569    2.9569   1.000
  1072.000   1005.000    3.7006    3.7006    3.7006    3.7006   1.000
  1055.000   1006.000    3.6603    3.6603    3.6603    3.6603   1.000
  1069.000   1006.000    3.7780    3.7780    3.7780    3.7780   1.000
  1029.000   1008.000    4.3341    4.3341    4.3341    4.3341   1.000
  1041.000   1008.000    4.1855    4.1855    4.1855    4.1855   1.000
  1062.000   1008.000    3.3888    3.3888    3.3888    3.3888   1.000
  1075.000   1008.000    3.1833    3.1833    3.1833    3.1833   1.000
  1045.000   1009.000    4.2280    4.2280    4.2280    4.2280   1.000
  1058.000   1009.000    4.1493    4.1493    4.1493    4.1493   1.000
  1072.000   1009.000    3.6275    3.6275    3.6275    3.6275   1.000
  1028.000   1010.000    3.3786    3.3786    3.3786    3.3786   1.000
  1037.000   1010.000    3.9987    3.9987    3.9987    3.9987   1.000
  1066.000   1010.000    3.5541    3.5541    3.5541    3.5541   1.000
  1083.000   1010.000    3.5330    3.5330    3.5330    3.5330   1.000
  1045.000   1011.000    4.1717    4.1717    4.1717    4.1717   1.000
  1058.000   1011.000    3.6332    3.6332    3.6332    3.6332   1.000
  1078.000   1011.000    3.7664    3.7664    3.7664    3.7664   1.000
  1034.000   1012.000    4.7899    4.7899    4.7899    4.7899   1.000
  1048.000   1012.000    2.9786    2.9786    2.9786    2.9786   1.000
  1051.000   1012.000    3.9330    3.9330    3.9330    3.9330   1.000
  1067.000   1012.000    3.9440    3.9440    3.9440    3.9440   1.000
  1042.000   1013.000    2.5354    2.5354    2.5354    2.5354   1.000
  1056.000   1013.000    2.7959    2.7959    2.7959    2.7959   1.000
  1062.000   1013.000    0.1524    0.1524    0.1524    0.1524   1.000
  1080.000   1013.000    3.8823    3.8823    3.8823    3.8823   1.000
  1029.000   1014.000    3.4665    3.4665    3.4665    3.4665   1.000
  1037.000   1014.000    4.3212    4.3212    4.3212    4.3212   1.000
  1039.000   1014.000    3.5452    3.5452    3.5452    3.5452   1.000
  1044.000   1014.000    3.5196    3.5196    3.5196    3.5196   1.000
  1046.000   1014.000    3.8507    3.8507    3.8507    3.8507   1.000
  1059.000   1014.000    2.0818    2.0818    2.0818    2.0818   1.000
  1074.000   1014.000    3.6948    3.6948    3.6948    3.6948   1.000
  1077.000   1014.000    3.7860    3.7860    3.7860    3.7860   1.000
  1070.000   1015.000    3.5667    3.5667    3.5667    3.5667   1.000
  1035.000   1016.000    4.6972    4.6972    4.6972    4.6972   1.000
  1045.000   1016.000    3.2657    3.2657    3.2657    3.2657   1.000
  1054.000   1016.000    3.5762    3.5762    3.5762    3.5762   1.000
  1058.000   1016.000    4.2064    4.2064    4.2064    4.2064   1.000
  1060.000   1016.000    3.2082    3.2082    3.2082    3.2082   1.000
  1074.000   1016.000    4.1989    4.1989    4.1989    4.1989   1.000
  1080.000   1016.000    4.0441    4.0441    4.0441    4.0441   1.000
  1037.000   1018.000    4.5558    4.5558    4.5558    4.5558   1.000
  1046.000   1018.000    3.9686    3.9686    3.9686    3.9686   1.000
  1063.000   1018.000    3.1982    3.1982    3.1982    3.1982   1.000
  1083.000   1018.000    2.8542    2.8542    2.8542    2.8542   1.000
  1041.000   1019.000    0.7605    0.7605    0.7605    0.7605   1.000
  1055.000   1019.000    1.6194    1.6194    1.6194    1.6194   1.000
  1074.000   1019.000    2.3664    2.3664    2.3664    2.3664   1.000
  1076.000   1019.000    3.8651    3.8651    3.8651    3.8651   1.000
  1131.000    964.000    3.4166    3.4166    3.4166    3.4166   1.000
  1139.000    964.000    3.4772    3.4772    3.4772    3.4772   1.000
  1143.000    964.000    3.8753    3.8753    3.8753    3.8753   1.000
  1145.000    964.000    3.8943    3.8943    3.8943    3.8943   1.000
  1093.000    965.000    3.6840    3.6840    3.6840    3.6840   1.000
  1126.000    966.000    4.1447    4.1447    4.1447    4.1447   1.000
  1137.000    966.000    2.9062    2.9062    2.9062    2.9062   1.000
  1144.000    966.000    2.3953    2.3953    2.3953    2.3953   1.000
  1093.000    967.000    4.5610    4.5610    4.5610    4.5610   1.000
  1104.000    967.000    2.9120    2.9120    2.9120    2.9120   1.000
  1113.000    967.000    4.1217    4.1217    4.1217    4.1217   1.000
  1132.000    967.000    4.1086    4.1086    4.1086    4.1086   1.000
  1107.000    968.000    1.1971    1.1971    1.1971    1.1971   1.000
  1109.000    968.000    3.1863    3.1863    3.1863    3.1863   1.000
  1123.000    968.000    5.0234    5.0234    5.0234    5.0234   1.000
  1134.000    968.000    4.0075    4.0075    4.0075    4.0075   1.000
  1137.000    968.000    4.7804    4.7804    4.7804    4.7804   1.000
  1143.000    968.000    2.2410    2.2410    2.2410    2.2410   1.000
  1104.000    969.000    2.3832    2.3832    2.3832    2.3832   1.000
  1112.000    969.000    4.6521    4.6521    4.6521    4.6521   1.000
  1120.000    969.000    2.0331    2.0331    2.0331    2.0331   1.000
  1139.000    969.000    4.0200    4.0200    4.0200    4.0200   1.000
  1095.000    970.000    1.9583    1.9583    1.9583    1.9583   1.000
  1108.000    970.000    1.5273    1.5273    1.5273    1.5273   1.000
  1116.000    970.000    4.3420    4.3420    4.3420    4.3420   1.000
  1134.000    970.000    3.9248    3.9248    3.9248    3.9248   1.000
  1105.000    971.000    3.0656    3.0656    3.0656    3.0656   1.000
  1120.000    971.000    2.2989    2.2989    2.2989    2.2989   1.000
  1136.000    971.000    4.5773    4.5773    4.5773    4.5773   1.000
  1141.000    971.000    3.7054    3.7054    3.7054    3.7054   1.000
  1109.000    972.000    2.6899    2.6899    2.6899    2.6899   1.000
  1118.000    972.000    3.9890    3.9890    3.9890    3.9890   1.000
  1131.000    972.000    3.8261    3.8261    3.8261    3.8261   1.000
  1122.000    973.000    3.2019    3.2019    3.2019    3.2019   1.000
  1144.000    973.000    5.5109    5.5109    5.5109    5.5109   1.000
  1095.000    974.000    3.9996    3.9996    3.9996    3.9996   1.000
  1105.000    974.000    3.6109    3.6109    3.6109    3.6109   1.000
  1131.000    974.000    4.0470    4.0470    4.0470    4.0470   1.000
  1114.000    975.000    3.3065    3.3065    3.3065    3.3065   1.000
  1116.000    976.000    2.6975    2.6975    2.6975    2.6975   1.000
  1121.000    976.000    3.4271    3.4271    3.4271    3.4271   1.000
  1123.000    976.000    3.8059    3.8059    3.8059    3.8059   1.000
  1128.000    976.000    3.5051    3.5051    3.5051    3.5051   1.000
  1134.000    976.000    3.8160    3.8160    3.8160    3.8160   1.000
  1106.000    977.000    4.1534    4.1534    4.1534    4.1534   1.000
  1136.000    977.000    2.9747    2.9747    2.9747    2.9747   1.000
  1138.000    977.000    3.7273    3.7273    3.7273    3.7273   1.000
  1100.000    979.000    3.8058    3.8058    3.8058    3.8058   1.000
  1113.000    979.000    2.9805    2.9805    2.9805    2.9805   1.000
  1120.000    979.000    3.5964    3.5964    3.5964    3.5964   1.000
  1126.000    979.000    4.2381    4.2381    4.2381    4.2381   1.000
  1132.000    979.000    2.3953    2.3953    2.3953    2.3953   1.000
  1137.000    979.000    3.6647    3.6647    3.6647    3.6647   1.000
  1142.000    979.000    4.4524    4.4524    4.4524    4.4524   1.000
  1096.000    980.000    3.4361    3.4361    3.4361    3.4361   1.000
  1110.000    980.000    3.5297    3.5297    3.5297    3.5297   1.000
  1115.000    980.000    0.2875    0.2875    0.2875    0.2875   1.000
  1129.000    980.000    3.5084    3.5084    3.5084    3.5084   1.000
  1147.000    980.000    3.0408    3.0408    3.0408    3.0408   1.000
  1113.000    981.000    1.8125    1.8125    1.8125    1.8125   1.000
  1142.000    981.000    3.9406    3.9406    3.9406    3.9406   1.000
  1095.000    982.000    3.7884    3.7884    3.7884    3.7884   1.000
  1110.000    982.000    3.5999    3.5999    3.5999    3.5999   1.000
  1092.000    983.000    3.0806    3.0806    3.0806    3.0806   1.000
  1119.000    983.000    3.2940    3.2940    3.2940    3.2940   1.000
  1127.000    983.000    3.5799    3.5799    3.5799    3.5799   1.000
  1129.000    983.000    3.1172    3.1172    3.1172    3.1172   1.000
  1139.000    983.000    3.0870    3.0870    3.0870    3.0870   1.000
  1134.000    984.000    3.8605    3.8605    3.8605    3.8605   1.000
  1111.000    985.000    1.4118    1.4118    1.4118    1.4118   1.000
  1100.000    986.000    2.4271    2.4271    2.4271    2.4271   1.000
  1106.000    986.000    4.4073    4.4073    4.4073    4.4073   1.000
  1113.000    986.000    0.8314    0.8314    0.8314    0.8314   1.000
  1115.000    986.000    1.1361    1.1361    1.1361    1.1361   1.000
  1124.000    986.000    3.3286    3.3286    3.3286    3.3286   1.000
  1128.000    986.000    2.8922    2.8922    2.8922    2.8922   1.000
  1138.000    986.000    3.9788    3.9788    3.9788    3.9788   1.000
  1140.000    986.000    3.6847    3.6847    3.6847    3.6847   1.000
  1147.000    987.000    3.0182    3.0182    3.0182    3.0182   1.000
  1093.000    988.000    3.9745    3.9745    3.9745    3.9745   1.000
  1104.000    988.000    3.7823    3.7823    3.7823    3.7823   1.000
  1129.000    988.000    3.1110    3.1110    3.1110    3.1110   1.000
  1138.000    989.000    4.4892    4.4892    4.4892    4.4892   1.000
  1144.000    989.000    5.5916    5.5916    5.5916    5.5916   1.000
  1095.000    990.000    4.9689    4.9689    4.9689    4.9689   1.000
  1098.000    990.000    3.7361    3.7361    3.7361    3.7361   1.000
  1117.000    990.000    3.9284    3.9284    3.9284    3.9284   1.000
  1133.000    990.000    2.4975    2.4975    2.4975    2.4975   1.000
  1095.000    992.000    4.0524    4.0524    4.0524    4.0524   1.000
  1104.000    992.000    3.9439    3.9439    3.9439    3.9439   1.000
  1106.000    992.000    4.8566    4.8566    4.8566    4.8566   1.000
  1112.000    992.000    1.9739    1.9739    1.9739    1.9739   1.000
  1122.000    992.000    2.9542    2.9542    2.9542    2.9542   1.000
  1128.000    992.000    1.1632    1.1632    1.1632    1.1632   1.000
  1133.000    992.000    3.2968    3.2968    3.2968    3.2968   1.000
  1115.000    993.000    4.1227    4.1227    4.1227    4.1227   1.000
  1135.000    993.000    4.1205    4.1205    4.1205    4.1205   1.000
  1137.000    993.000    4.5037    4.5037    4.5037    4.5037   1.000
  1093.000    994.000    4.4858    4.4858    4.4858    4.4858   1.000
  1098.000    994.000    3.1361    3.1361    3.1361    3.1361   1.000
  1111.000    994.000    2.4327    2.4327    2.4327    2.4327   1.000
  1119.000    994.000    4.9086    4.9086    4.9086    4.9086   1.000
  1124.000    994.000    0.8741    0.8741    0.8741    0.8741   1.000
  1127.000    994.000    1.9334    1.9334    1.9334    1.9334   1.000
  1146.000    994.000    3.0192    3.0192    3.0192    3.0192   1.000
  1115.000    995.000    3.5095    3.5095    3.5095    3.5095   1.000
  1133.000    995.000    2.6799    2.6799    2.6799    2.6799   1.000
  1092.000    996.000    3.9415    3.9415    3.9415    3.9415   1.000
  1102.000    996.000    2.8841    2.8841    2.8841    2.8841   1.000
  1119.000    996.000    4.0609    4.0609    4.0609    4.0609   1.000
  1126.000    996.000    3.4984    3.4984    3.4984    3.4984   1.000
  1128.000    996.000    4.0463    4.0463    4.0463    4.0463   1.000
  1130.000    996.000    4.0971    4.0971    4.0971    4.0971   1.000
  1096.000    997.000    2.8600    2.8600    2.8600    2.8600   1.000
  1107.000    997.000    2.5227    2.5227    2.5227    2.5227   1.000
  1111.000    997.000    3.9306    3.9306    3.9306    3.9306   1.000
  1113.000    997.000    4.3983    4.3983    4.3983    4.3983   1.000
  1134.000    997.000    4.3560    4.3560    4.3560    4.3560   1.000
  1136.000    997.000    4.0603    4.0603    4.0603    4.0603   1.000
  1129.000    998.000    3.8157    3.8157    3.8157    3.8157   1.000
  1100.000    999.000    3.5505    3.5505    3.5505    3.5505   1.000
  1106.000    999.000    2.7680    2.7680    2.7680    2.7680   1.000
  1115.000    999.000    4.0993    4.0993    4.0993    4.0993   1.000
  1127.000    999.000    4.1401    4.1401    4.1401    4.1401   1.000
  1096.000   1000.000    3.8984    3.8984    3.8984    3.8984   1.000
  1102.000   1000.000    3.5499    3.5499    3.5499    3.5499   1.000
  1125.000   1000.000    2.2742    2.2742    2.2742    2.2742   1.000
  1130.000   1000.000   -0.2508   -0.2508   -0.2508   -0.2508   1.000
  1134.000   1000.000    1.7296    1.7296    1.7296    1.7296   1.000
  1142.000   1000.000    3.4602    3.4602    3.4602    3.4602   1.000
  1105.000   1001.000    3.7126    3.7126    3.7126    3.7126   1.000
  1120.000   1001.000    3.4774    3.4774    3.4774    3.4774   1.000
  1140.000   1001.000    3.3301    3.3301    3.3301    3.3301   1.000
  1101.000   1002.000    3.5054    3.5054    3.5054    3.5054   1.000
  1117.000   1002.000    2.4649    2.4649    2.4649    2.4649   1.000
  1105.000   1003.000    4.0049    4.0049    4.0049    4.0049   1.000
  1114.000   1003.000    3.2688    3.2688    3.2688    3.2688   1.000
  1133.000   1003.000    2.7483    2.7483    2.7483    2.7483   1.000
  1139.000   1003.000    3.2445    3.2445    3.2445    3.2445   1.000
  1101.000   1004.000    3.0568    3.0568    3.0568    3.0568   1.000
  1103.000   1004.000    4.1481    4.1481    4.1481    4.1481   1.000
  1125.000   1004.000    1.6703    1.6703    1.6703    1.6703   1.000
  1147.000   1004.000    4.8446    4.8446    4.8446    4.8446   1.000
  1106.000   1005.000    1.9338    1.9338    1.9338    1.9338   1.000
  1110.000   1005.000    3.0383    3.0383    3.0383    3.0383   1.000
  1134.000   1005.000    2.9952    2.9952    2.9952    2.9952   1.000
  1100.000   1006.000    3.5586    3.5586    3.5586    3.5586   1.000
  1120.000   1006.000    3.1772    3.1772    3.1772    3.1772   1.000
  1129.000   1006.000    3.2534    3.2534    3.2534    3.2534   1.000
  1136.000   1006.000    4.2007    4.2007    4.2007    4.2007   1.000
  1092.000   1007.000    3.3685    3.3685    3.3685    3.3685   1.000
  1105.000   1007.000    3.2230    3.2230    3.2230    3.2230   1.000
  1115.000   1007.000    3.5370    3.5370    3.5370    3.5370   1.000
  1122.000   1007.000    3.5438    3.5438    3.5438    3.5438   1.000
  1100.000   1008.000    3.1250    3.1250    3.1250    3.1250   1.000
  1107.000   1008.000    5.6146    5.6146    5.6146    5.6146   1.000
  1113.000   1008.000    3.8244    3.8244    3.8244    3.8244   1.000
  1129.000   1008.000    3.1595    3.1595    3.1595    3.1595   1.000
  1137.000   1008.000    3.7455    3.7455    3.7455    3.7455   1.000
  1139.000   1008.000    1.7091    1.7091    1.7091    1.7091   1.000
  1121.000   1009.000    2.2537    2.2537    2.2537    2.2537   1.000
  1142.000   1009.000    2.8156    2.8156    2.8156    2.8156   1.000
  1146.000   1009.000    4.0142    4.0142    4.0142    4.0142   1.000
  1104.000   1010.000    2.3909    2.3909    2.3909    2.3909   1.000
  1106.000   1010.000    2.5665    2.5665    2.5665    2.5665   1.000
  1110.000   1010.000    3.7322    3.7322    3.7322    3.7322   1.000
  1124.000   1010.000    3.1014    3.1014    3.1014    3.1014   1.000
  1135.000   1010.000    3.0084    3.0084    3.0084    3.0084   1.000
  1138.000   1010.000    2.3399    2.3399    2.3399    2.3399   1.000
  1140.000   1010.000    2.9477    2.9477    2.9477    2.9477   1.000
  1115.000   1011.000    2.6998    2.6998    2.6998    2.6998   1.000
  1094.000   1012.000    3.9963    3.9963    3.9963    3.9963   1.000
  1099.000   1012.000    0.3953    0.3953    0.3953    0.3953   1.000
  1119.000   1012.000    0.1698    0.1698    0.1698    0.1698   1.000
  1126.000   1012.000    3.5092    3.5092    3.5092    3.5092   1.000
  1128.000   1012.000    3.7105    3.7105    3.7105    3.7105   1.000
  1122.000   1013.000    2.0975    2.0975    2.0975    2.0975   1.000
  1139.000   1013.000    2.3040    2.3040    2.3040    2.3040   1.000
  1094.000   1014.000    2.7726    2.7726    2.7726    2.7726   1.000
  1102.000   1014.000    3.8929    3.8929    3.8929    3.8929   1.000
  1119.000   1014.000    0.6416    0.6416    0.6416    0.6416   1.000
  1130.000   1014.000    3.2986    3.2986    3.2986    3.2986   1.000
  1097.000   1015.000    3.2161    3.2161    3.2161    3.2161   1.000
  1109.000   1015.000    3.1545    3.1545    3.1545    3.1545   1.000
  1121.000   1015.000    3.3583    3.3583    3.3583    3.3583   1.000
  1136.000   1015.000    3.6788    3.6788    3.6788    3.6788   1.000
  1138.000   1015.000    3.0233    3.0233    3.0233    3.0233   1.000
  1147.000   1015.000    3.6948    3.6948    3.6948    3.6948   1.000
  1100.000   1016.000    5.2882    5.2882    5.2882    5.2882   1.000
  1106.000   1016.000    2.2422    2.2422    2.2422    2.2422   1.000
  1128.000   1016.000    1.5277    1.5277    1.5277    1.5277   1.000
  1096.000   1017.000    2.9097    2.9097    2.9097    2.9097   1.000
  1115.000   1017.000    4.4245    4.4245    4.4245    4.4245   1.000
  1139.000   1017.000    4.7473    4.7473    4.7473    4.7473   1.000
  1105.000   1018.000    4.5654    4.5654    4.5654    4.5654   1.000
  1107.000   1018.000    1.9957    1.9957    1.9957    1.9957   1.000
  1120.000   1018.000    3.1752    3.1752    3.1752    3.1752   1.000
  1141.000   1018.000    2.9302    2.9302    2.9302    2.9302   1.000
  1143.000   1018.000    3.3544    3.3544    3.3544    3.3544   1.000
  1096.000   1019.000    3.2142    3.2142    3.2142    3.2142   1.000
  1118.000   1019.000    4.1102    4.1102    4.1102    4.1102   1.000
  1131.000   1019.000    3.6351    3.6351    3.6351    3.6351   1.000
  1134.000   1019.000    3.8181    3.8181    3.8181    3.8181   1.000
  1190.000    964.000    4.1166    4.1166    4.1166    4.1166   1.000
  1202.000    964.000    2.2682    2.2682    2.2682    2.2682   1.000
  1160.000    965.000    1.9991    1.9991    1.9991    1.9991   1.000
  1162.000    965.000    3.5806    3.5806    3.5806    3.5806   1.000
  1170.000    965.000    3.9120    3.9120    3.9120    3.9120   1.000
  1177.000    965.000    3.0656    3.0656    3.0656    3.0656   1.000
  1186.000    965.000    3.7218    3.7218    3.7218    3.7218   1.000
  1211.000    965.000    3.4147    3.4147    3.4147    3.4147   1.000
  1172.000    966.000    3.9584    3.9584    3.9584    3.9584   1.000
  1190.000    966.000    4.1764    4.1764    4.1764    4.1764   1.000
  1193.000    966.000    3.8948    3.8948    3.8948    3.8948   1.000
  1199.000    966.000    3.1120    3.1120    3.1120    3.1120   1.000
  1208.000    966.000    0.3961    0.3961    0.3961    0.3961   1.000
  1160.000    967.000    2.4583    2.4583    2.4583    2.4583   1.000
  1163.000    967.000    5.1908    5.1908    5.1908    5.1908   1.000
  1165.000    967.000    3.3377    3.3377    3.3377    3.3377   1.000
  1168.000    967.000    3.0828    3.0828    3.0828    3.0828   1.000
  1175.000    967.000    3.3699    3.3699    3.3699    3.3699   1.000
  1211.000    967.000    3.8684    3.8684    3.8684    3.8684   1.000
  1158.000    968.000    3.1465    3.1465    3.1465    3.1465   1.000
  1181.000    968.000    3.4436    3.4436    3.4436    3.4436   1.000
  1186.000    968.000    3.1984    3.1984    3.1984    3.1984   1.000
  1183.000    969.000    3.4300    3.4300    3.4300    3.4300   1.000
  1202.000    969.000    4.2368    4.2368    4.2368    4.2368   1.000
  1206.000    969.000    3.1735    3.1735    3.1735    3.1735   1.000
  1157.000    970.000    2.6721    2.6721    2.6721    2.6721   1.000
  1163.000    970.000    4.1417    4.1417    4.1417    4.1417   1.000
  1168.000    970.000    4.1614    4.1614    4.1614    4.1614   1.000
  1175.000    970.000    4.1994    4.1994    4.1994    4.1994   1.000
  1180.000    970.000    1.4211    1.4211    1.4211    1.4211   1.000
  1187.000    970.000    4.3499    4.3499    4.3499    4.3499   1.000
  1200.000    970.000    4.0147    4.0147    4.0147    4.0147   1.000
  1182.000    971.000    3.0181    3.0181    3.0181    3.0181   1.000
  1197.000    971.000    0.5221    0.5221    0.5221    0.5221   1.000
  1209.000    971.000    3.3694    3.3694    3.3694    3.3694   1.000
  1171.000    972.000    1.9543    1.9543    1.9543    1.9543   1.000
  1180.000    972.000    1.5235    1.5235    1.5235    1.5235   1.000
  1194.000    972.000    2.9208    2.9208    2.9208    2.9208   1.000
  1156.000    973.000    3.9756    3.9756    3.9756    3.9756   1.000
  1199.000    973.000    1.8870    1.8870    1.8870    1.8870   1.000
  1161.000    974.000    3.5530    3.5530    3.5530    3.5530   1.000
  1168.000    974.000    4.1541    4.1541    4.1541    4.1541   1.000
  1185.000    974.000    3.4798    3.4798    3.4798    3.4798   1.000
  1206.000    974.000    3.4231    3.4231    3.4231    3.4231   1.000
  1196.000    975.000    1.7812    1.7812    1.7812    1.7812   1.000
  1200.000    975.000    3.7070    3.7070    3.7070    3.7070   1.000
  1210.000    975.000    2.1163    2.1163    2.1163    2.1163   1.000
  1180.000    976.000    3.1419    3.1419    3.1419    3.1419   1.000
  1198.000    976.000    4.2641    4.2641    4.2641    4.2641   1.000
  1158.000    977.000    3.8451    3.8451    3.8451    3.8451   1.000
  1179.000    978.000    2.4266    2.4266    2.4266    2.4266   1.000
  1186.000    978.000    3.6045    3.6045    3.6045    3.6045   1.000
  1191.000    978.000    2.0531    2.0531    2.0531    2.0531   1.000
  1209.000    978.000    2.8104    2.8104    2.8104    2.8104   1.000
  1195.000    979.000    3.9239    3.9239    3.9239    3.9239   1.000
  1197.000    979.000    3.0944    3.0944    3.0944    3.0944   1.000
  1207.000    979.000    3.6550    3.6550    3.6550    3.6550   1.000
  1211.000    979.000    2.7670    2.7670    2.7670    2.7670   1.000
  1178.000    980.000    2.9226    2.9226    2.9226    2.9226   1.000
  1186.000    980.000    3.3791    3.3791    3.3791    3.3791   1.000
  1190.000    980.000    3.4463    3.4463    3.4463    3.4463   1.000
  1162.000    981.000    1.4946    1.4946    1.4946    1.4946   1.000
  1164.000    981.000    3.7068    3.7068    3.7068    3.7068   1.000
  1170.000    981.000    1.5508    1.5508    1.5508    1.5508   1.000
  1188.000    981.000    2.6881    2.6881    2.6881    2.6881   1.000
  1202.000    981.000    3.1124    3.1124    3.1124    3.1124   1.000
  1173.000    982.000    3.5426    3.5426    3.5426    3.5426   1.000
  1183.000    983.000    2.6281    2.6281    2.6281    2.6281   1.000
  1185.000    983.000    2.9639    2.9639    2.9639    2.9639   1.000
  1195.000    983.000    3.3588    3.3588    3.3588    3.3588   1.000
  1161.000    984.000    3.2830    3.2830    3.2830    3.2830   1.000
  1205.000    984.000    2.6190    2.6190    2.6190    2.6190   1.000
  1184.000    985.000    2.5792    2.5792    2.5792    2.5792   1.000
  1199.000    985.000    3.2197    3.2197    3.2197    3.2197   1.000
  1203.000    985.000    3.2303    3.2303    3.2303    3.2303   1.000
  1192.000    986.000    4.4619    4.4619    4.4619    4.4619   1.000
  1195.000    986.000    2.5091    2.5091    2.5091    2.5091   1.000
  1205.000    986.000    4.2834    4.2834    4.2834    4.2834   1.000
  1156.000    987.000    3.6632    3.6632    3.6632    3.6632   1.000
  1159.000    987.000    2.4943    2.4943    2.4943    2.4943   1.000
  1177.000    987.000    3.6136    3.6136    3.6136    3.6136   1.000
  1181.000    987.000    3.5774    3.5774    3.5774    3.5774   1.000
  1190.000    987.000    4.2957    4.2957    4.2957    4.2957   1.000
  1200.000    987.000    3.4561    3.4561    3.4561    3.4561   1.000
  1202.000    987.000    3.5797    3.5797    3.5797    3.5797   1.000
  1161.000    988.000    4.8869    4.8869    4.8869    4.8869   1.000
  1164.000    988.000    3.6527    3.6527    3.6527    3.6527   1.000
  1167.000    988.000    3.5930    3.5930    3.5930    3.5930   1.000
  1169.000    988.000    3.7595    3.7595    3.7595    3.7595   1.000
  1206.000    988.000    3.8662    3.8662    3.8662    3.8662   1.000
  1208.000    988.000    4.6191    4.6191    4.6191    4.6191   1.000
  1210.000    988.000    2.6613    2.6613    2.6613    2.6613   1.000
  1173.000    989.000    3.1596    3.1596    3.1596    3.1596   1.000
  1180.000    989.000    3.2146    3.2146    3.2146    3.2146   1.000
  1202.000    989.000    3.9147    3.9147    3.9147    3.9147   1.000
  1163.000    990.000    3.0757    3.0757    3.0757    3.0757   1.000
  1176.000    990.000    4.4292    4.4292    4.4292    4.4292   1.000
  1157.000    991.000    4.6607    4.6607    4.6607    4.6607   1.000
  1160.000    991.000    3.2333    3.2333    3.2333    3.2333   1.000
  1187.000    991.000    3.6364    3.6364    3.6364    3.6364   1.000
  1202.000    991.000    2.0626    2.0626    2.0626    2.0626   1.000
  1167.000    992.000    2.8568    2.8568    2.8568    2.8568   1.000
  1189.000    992.000    3.4639    3.4639    3.4639    3.4639   1.000
  1192.000    992.000    4.2429    4.2429    4.2429    4.2429   1.000
  1199.000    992.000    3.0333    3.0333    3.0333    3.0333   1.000
  1202.000    993.000    0.8944    0.8944    0.8944    0.8944   1.000
  1211.000    993.000   -0.1983   -0.1983   -0.1983   -0.1983   1.000
  1174.000    994.000    3.1381    3.1381    3.1381    3.1381   1.000
  1195.000    994.000    3.8417    3.8417    3.8417    3.8417   1.000
  1206.000    994.000    2.7558    2.7558    2.7558    2.7558   1.000
  1209.000    994.000    1.4014    1.4014    1.4014    1.4014   1.000
  1169.000    995.000    3.3935    3.3935    3.3935    3.3935   1.000
  1178.000    996.000    3.6969    3.6969    3.6969    3.6969   1.000
  1194.000    996.000    3.7383    3.7383    3.7383    3.7383   1.000
  1210.000    996.000    3.3998    3.3998    3.3998    3.3998   1.000
  1203.000    997.000    4.3319    4.3319    4.3319    4.3319   1.000
  1156.000    998.000    3.5466    3.5466    3.5466    3.5466   1.000
  1165.000    998.000    3.6525    3.6525    3.6525    3.6525   1.000
  1198.000    998.000    3.7834    3.7834    3.7834    3.7834   1.000
  1180.000    999.000    3.7628    3.7628    3.7628    3.7628   1.000
  1182.000    999.000    3.4975    3.4975    3.4975    3.4975   1.000
  1194.000    999.000    3.8931    3.8931    3.8931    3.8931   1.000
  1168.000   1000.000    4.6762    4.6762    4.6762    4.6762   1.000
  1173.000   1000.000    4.0269    4.0269    4.0269    4.0269   1.000
  1176.000   1000.000    3.8182    3.8182    3.8182    3.8182   1.000
  1178.000   1000.000    3.1553    3.1553    3.1553    3.1553   1.000
  1186.000   1000.000    3.5763    3.5763    3.5763    3.5763   1.000
  1181.000   1001.000    3.6207    3.6207    3.6207    3.6207   1.000
  1199.000   1001.000    4.6653    4.6653    4.6653    4.6653   1.000
  1173.000   1002.000    3.4608    3.4608    3.4608    3.4608   1.000
  1178.000   1002.000    3.2169    3.2169    3.2169    3.2169   1.000
  1202.000   1002.000    4.3928    4.3928    4.3928    4.3928   1.000
  1157.000   1003.000    3.1298    3.1298    3.1298    3.1298   1.000
  1188.000   1003.000    2.4978    2.4978    2.4978    2.4978   1.000
  1195.000   1003.000    4.0025    4.0025    4.0025    4.0025   1.000
  1198.000   1003.000    3.7829    3.7829    3.7829    3.7829   1.000
  1200.000   1003.000    3.5366    3.5366    3.5366    3.5366   1.000
  1165.000   1004.000    4.0052    4.0052    4.0052    4.0052   1.000
  1170.000   1004.000    3.5085    3.5085    3.5085    3.5085   1.000
  1186.000   1004.000    1.2656    1.2656    1.2656    1.2656   1.000
  1191.000   1004.000    3.8649    3.8649    3.8649    3.8649   1.000
  1193.000   1004.000    3.6093    3.6093    3.6093    3.6093   1.000
  1202.000   1004.000    3.5052    3.5052    3.5052    3.5052   1.000
  1209.000   1004.000    2.6343    2.6343    2.6343    2.6343   1.000
  1160.000   1005.000    2.6714    2.6714    2.6714    2.6714   1.000
  1165.000   1006.000    3.1146    3.1146    3.1146    3.1146   1.000
  1182.000   1006.000    2.5330    2.5330    2.5330    2.5330   1.000
  1189.000   1006.000    1.8467    1.8467    1.8467    1.8467   1.000
  1158.000   1007.000    3.3043    3.3043    3.3043    3.3043   1.000
  1170.000   1007.000    3.8004    3.8004    3.8004    3.8004   1.000
  1187.000   1007.000    2.4583    2.4583    2.4583    2.4583   1.000
  1200.000   1007.000    2.3052    2.3052    2.3052    2.3052   1.000
  1181.000   1008.000    4.4396    4.4396    4.4396    4.4396   1.000
  1195.000   1008.000    2.5090    2.5090    2.5090    2.5090   1.000
  1197.000   1008.000    2.8493    2.8493    2.8493    2.8493   1.000
  1169.000   1009.000    3.7070    3.7070    3.7070    3.7070   1.000
  1173.000   1009.000    3.6571    3.6571    3.6571    3.6571   1.000
  1192.000   1009.000    2.8875    2.8875    2.8875    2.8875   1.000
  1199.000   1009.000    2.5680    2.5680    2.5680    2.5680   1.000
  1164.000   1010.000    3.1193    3.1193    3.1193    3.1193   1.000
  1188.000   1010.000    0.7228    0.7228    0.7228    0.7228   1.000
  1197.000   1010.000    1.5708    1.5708    1.5708    1.5708   1.000
  1206.000   1010.000    2.9296    2.9296    2.9296    2.9296   1.000
  1167.000   1011.000    3.6243    3.6243    3.6243    3.6243   1.000
  1169.000   1011.000    2.9154    2.9154    2.9154    2.9154   1.000
  1183.000   1011.000    2.1635    2.1635    2.1635    2.1635   1.000
  1199.000   1011.000    4.1278    4.1278    4.1278    4.1278   1.000
  1202.000   1011.000    4.4676    4.4676    4.4676    4.4676   1.000
  1156.000   1012.000    3.4873    3.4873    3.4873    3.4873   1.000
  1172.000   1012.000    4.4399    4.4399    4.4399    4.4399   1.000
  1177.000   1012.000    3.6607    3.6607    3.6607    3.6607   1.000
  1188.000   1012.000    1.4666    1.4666    1.4666    1.4666   1.000
  1195.000   1012.000    2.9998    2.9998    2.9998    2.9998   1.000
  1167.000   1013.000    3.1219    3.1219    3.1219    3.1219   1.000
  1182.000   1013.000    3.6513    3.6513    3.6513    3.6513   1.000
  1185.000   1013.000    0.4562    0.4562    0.4562    0.4562   1.000
  1207.000   1013.000    4.8383    4.8383    4.8383    4.8383   1.000
  1158.000   1014.000    2.4744    2.4744    2.4744    2.4744   1.000
  1162.000   1014.000    3.3055    3.3055    3.3055    3.3055   1.000
  1170.000   1014.000    2.7259    2.7259    2.7259    2.7259   1.000
  1177.000   1014.000    4.0826    4.0826    4.0826    4.0826   1.000
  1188.000   1014.000    2.7381    2.7381    2.7381    2.7381   1.000
  1195.000   1014.000    4.3328    4.3328    4.3328    4.3328   1.000
  1199.000   1014.000    2.5246    2.5246    2.5246    2.5246   1.000
  1203.000   1014.000    3.7075    3.7075    3.7075    3.7075   1.000
  1209.000   1014.000    2.6973    2.6973    2.6973    2.6973   1.000
  1182.000   1015.000    2.9763    2.9763    2.9763    2.9763   1.000
  1159.000   1016.000    3.3728    3.3728    3.3728    3.3728   1.000
  1157.000   1017.000    3.0308    3.0308    3.0308    3.0308   1.000
  1187.000   1017.000    2.8434    2.8434    2.8434    2.8434   1.000
  1189.000   1017.000    3.1618    3.1618    3.1618    3.1618   1.000
  1195.000   1017.000    2.5281    2.5281    2.5281    2.5281   1.000
  1164.000   1019.000    3.0804    3.0804    3.0804    3.0804   1.000
  1167.000   1019.000    3.2870    3.2870    3.2870    3.2870   1.000
  1171.000   1019.000    3.4524    3.4524    3.4524    3.4524   1.000
  1173.000   1019.000    2.7075    2.7075    2.7075    2.7075   1.000
  1195.000   1019.000    2.8106    2.8106    2.8106    2.8106   1.000
  1197.000   1019.000    3.5729    3.5729    3.5729    3.5729   1.000
  1225.000    964.000    0.9484    0.9484    0.9484    0.9484   1.000
  1232.000    964.000    4.1220    4.1220    4.1220    4.1220   1.000
  1242.000    964.000    4.0074    4.0074    4.0074    4.0074   1.000
  1259.000    965.000    1.7807    1.7807    1.7807    1.7807   1.000
  1271.000    965.000    5.0671    5.0671    5.0671    5.0671   1.000
  1234.000    966.000    4.6059    4.6059    4.6059    4.6059   1.000
  1241.000    966.000    3.6528    3.6528    3.6528    3.6528   1.000
  1247.000    966.000    3.0069    3.0069    3.0069    3.0069   1.000
  1266.000    966.000    2.6360    2.6360    2.6360    2.6360   1.000
  1268.000    966.000    3.5010    3.5010    3.5010    3.5010   1.000
  1226.000    967.000    4.0560    4.0560    4.0560    4.0560   1.000
  1245.000    967.000    2.9520    2.9520    2.9520    2.9520   1.000
  1261.000    967.000    3.9963    3.9963    3.9963    3.9963   1.000
  1263.000    967.000    2.5534    2.5534    2.5534    2.5534   1.000
  1224.000    968.000    2.4866    2.4866    2.4866    2.4866   1.000
  1240.000    968.000    3.7656    3.7656    3.7656    3.7656   1.000
  1266.000    968.000    3.5685    3.5685    3.5685    3.5685   1.000
  1275.000    968.000    3.8047    3.8047    3.8047    3.8047   1.000
  1238.000    969.000    3.5669    3.5669    3.5669    3.5669   1.000
  1269.000    969.000    3.7716    3.7716    3.7716    3.7716   1.000
  1223.000    970.000    3.9259    3.9259    3.9259    3.9259   1.000
  1240.000    970.000    4.0194    4.0194    4.0194    4.0194   1.000
  1260.000    970.000    3.8759    3.8759    3.8759    3.8759   1.000
  1266.000    970.000    2.9957    2.9957    2.9957    2.9957   1.000
  1244.000    971.000   -0.2168   -0.2168   -0.2168   -0.2168   1.000
  1247.000    971.000    2.2979    2.2979    2.2979    2.2979   1.000
  1251.000    971.000    3.8002    3.8002    3.8002    3.8002   1.000
  1253.000    971.000    4.0402    4.0402    4.0402    4.0402   1.000
  1225.000    972.000    4.3531    4.3531    4.3531    4.3531   1.000
  1227.000    972.000    4.0396    4.0396    4.0396    4.0396   1.000
  1239.000    972.000    3.1782    3.1782    3.1782    3.1782   1.000
  1258.000    972.000    3.0154    3.0154    3.0154    3.0154   1.000
  1266.000    972.000    3.9307    3.9307    3.9307    3.9307   1.000
  1234.000    973.000    1.3181    1.3181    1.3181    1.3181   1.000
  1237.000    973.000    3.1714    3.1714    3.1714    3.1714   1.000
  1255.000    973.000    3.3378    3.3378    3.3378    3.3378   1.000
  1263.000    973.000    3.5355    3.5355    3.5355    3.5355   1.000
  1245.000    974.000    4.6041    4.6041    4.6041    4.6041   1.000
  1247.000    974.000    1.3952    1.3952    1.3952    1.3952   1.000
  1260.000    974.000    2.1968    2.1968    2.1968    2.1968   1.000
  1271.000    974.000    2.6403    2.6403    2.6403    2.6403   1.000
  1275.000    974.000    3.9248    3.9248    3.9248    3.9248   1.000
  1249.000    975.000    2.8084    2.8084    2.8084    2.8084   1.000
  1267.000    975.000    3.8584    3.8584    3.8584    3.8584   1.000
  1269.000    975.000    3.2482    3.2482    3.2482    3.2482   1.000
  1231.000    976.000    3.0662    3.0662    3.0662    3.0662   1.000
  1243.000    976.000    3.3638    3.3638    3.3638    3.3638   1.000
  1252.000    976.000    3.3305    3.3305    3.3305    3.3305   1.000
  1258.000    976.000    3.0239    3.0239    3.0239    3.0239   1.000
  1265.000    976.000    3.5186    3.5186    3.5186    3.5186   1.000
  1275.000    976.000    1.9943    1.9943    1.9943    1.9943   1.000
  1233.000    977.000    2.3838    2.3838    2.3838    2.3838   1.000
  1246.000    977.000    0.1014    0.1014    0.1014    0.1014   1.000
  1256.000    977.000    3.5424    3.5424    3.5424    3.5424   1.000
  1261.000    977.000    3.3679    3.3679    3.3679    3.3679   1.000
  1272.000    977.000    2.2466    2.2466    2.2466    2.2466   1.000
  1230.000    978.000    3.4798    3.4798    3.4798    3.4798   1.000
  1259.000    978.000    3.7781    3.7781    3.7781    3.7781   1.000
  1266.000    978.000    4.9914    4.9914    4.9914    4.9914   1.000
  1268.000    978.000    2.8190    2.8190    2.8190    2.8190   1.000
  1223.000    979.000    3.1490    3.1490    3.1490    3.1490   1.000
  1228.000    979.000    3.6246    3.6246    3.6246    3.6246   1.000
  1257.000    979.000    2.9045    2.9045    2.9045    2.9045   1.000
  1259.000    980.000    3.8248    3.8248    3.8248    3.8248   1.000
  1263.000    980.000    2.8955    2.8955    2.8955    2.8955   1.000
  1273.000    980.000    3.6181    3.6181    3.6181    3.6181   1.000
  1232.000    981.000    2.9647    2.9647    2.9647    2.9647   1.000
  1236.000    981.000    3.7080    3.7080    3.7080    3.7080   1.000
  1221.000    982.000    4.5681    4.5681    4.5681    4.5681   1.000
  1223.000    982.000    4.2701    4.2701    4.2701    4.2701   1.000
  1226.000    982.000    1.4998    1.4998    1.4998    1.4998   1.000
  1244.000    982.000    2.5364    2.5364    2.5364    2.5364   1.000
  1271.000    982.000    3.7014    3.7014    3.7014    3.7014   1.000
  1260.000    983.000    2.6450    2.6450    2.6450    2.6450   1.000
  1262.000    983.000    3.3121    3.3121    3.3121    3.3121   1.000
  1274.000    984.000    3.9573    3.9573    3.9573    3.9573   1.000
  1225.000    985.000    2.4956    2.4956    2.4956    2.4956   1.000
  1229.000    985.000    1.8787    1.8787    1.8787    1.8787   1.000
  1270.000    985.000    2.9851    2.9851    2.9851    2.9851   1.000
  1249.000    986.000    3.2238    3.2238    3.2238    3.2238   1.000
  1259.000    986.000    3.4225    3.4225    3.4225    3.4225   1.000
  1238.000    987.000    2.7127    2.7127    2.7127    2.7127   1.000
  1246.000    987.000    0.1051    0.1051    0.1051    0.1051   1.000
  1265.000    987.000    3.7424    3.7424    3.7424    3.7424   1.000
  1231.000    988.000    2.8559    2.8559    2.8559    2.8559   1.000
  1254.000    988.000    4.0439    4.0439    4.0439    4.0439   1.000
  1259.000    988.000    3.4040    3.4040    3.4040    3.4040   1.000
  1273.000    988.000    3.4033    3.4033    3.4033    3.4033   1.000
  1220.000    989.000    3.5771    3.5771    3.5771    3.5771   1.000
  1241.000    989.000    3.0225    3.0225    3.0225    3.0225   1.000
  1271.000    989.000    3.3059    3.3059    3.3059    3.3059   1.000
  1238.000    990.000    4.6962    4.6962    4.6962    4.6962   1.000
  1249.000    990.000    2.0043    2.0043    2.0043    2.0043   1.000
  1274.000    990.000    3.9719    3.9719    3.9719    3.9719   1.000
  1221.000    991.000    3.6728    3.6728    3.6728    3.6728   1.000
  1225.000    991.000    3.3773    3.3773    3.3773    3.3773   1.000
  1240.000    991.000    3.0105    3.0105    3.0105    3.0105   1.000
  1258.000    991.000    2.7327    2.7327    2.7327    2.7327   1.000
  1270.000    991.000    3.2760    3.2760    3.2760    3.2760   1.000
  1272.000    991.000    3.3016    3.3016    3.3016    3.3016   1.000
  1223.000    992.000    3.2066    3.2066    3.2066    3.2066   1.000
  1248.000    993.000    2.9981    2.9981    2.9981    2.9981   1.000
  1250.000    993.000    3.6425    3.6425    3.6425    3.6425   1.000
  1261.000    993.000    3.8297    3.8297    3.8297    3.8297   1.000
  1263.000    993.000    3.0619    3.0619    3.0619    3.0619   1.000
  1221.000    994.000    3.2076    3.2076    3.2076    3.2076   1.000
  1226.000    994.000    0.7626    0.7626    0.7626    0.7626   1.000
  1245.000    994.000    3.8223    3.8223    3.8223    3.8223   1.000
  1254.000    994.000    1.9119    1.9119    1.9119    1.9119   1.000
  1267.000    994.000    3.2377    3.2377    3.2377    3.2377   1.000
  1271.000    994.000    3.7753    3.7753    3.7753    3.7753   1.000
  1222.000    996.000    2.0508    2.0508    2.0508    2.0508   1.000
  1225.000    996.000    2.5098    2.5098    2.5098    2.5098   1.000
  1229.000    996.000    2.6920    2.6920    2.6920    2.6920   1.000
  1245.000    996.000    3.7731    3.7731    3.7731    3.7731   1.000
  1247.000    996.000    2.8652    2.8652    2.8652    2.8652   1.000
  1255.000    996.000    2.3868    2.3868    2.3868    2.3868   1.000
  1264.000    996.000    2.1727    2.1727    2.1727    2.1727   1.000
  1274.000    996.000    3.7176    3.7176    3.7176    3.7176   1.000
  1242.000    997.000    3.6500    3.6500    3.6500    3.6500   1.000
  1251.000    997.000    0.6526    0.6526    0.6526    0.6526   1.000
  1229.000    998.000    3.8733    3.8733    3.8733    3.8733   1.000
  1262.000    998.000    3.6997    3.6997    3.6997    3.6997   1.000
  1242.000    999.000    3.7862    3.7862    3.7862    3.7862   1.000
  1247.000    999.000    2.2721    2.2721    2.2721    2.2721   1.000
  1257.000    999.000    4.0708    4.0708    4.0708    4.0708   1.000
  1236.000   1000.000    3.4745    3.4745    3.4745    3.4745   1.000
  1249.000   1000.000    2.5768    2.5768    2.5768    2.5768   1.000
  1253.000   1000.000    2.1661    2.1661    2.1661    2.1661   1.000
  1271.000   1000.000    4.8505    4.8505    4.8505    4.8505   1.000
  1228.000   1001.000    3.2442    3.2442    3.2442    3.2442   1.000
  1245.000   1001.000    1.7395    1.7395    1.7395    1.7395   1.000
  1247.000   1001.000    1.1657    1.1657    1.1657    1.1657   1.000
  1259.000   1001.000    3.4344    3.4344    3.4344    3.4344   1.000
  1236.000   1002.000    3.0204    3.0204    3.0204    3.0204   1.000
  1238.000   1002.000    3.5944    3.5944    3.5944    3.5944   1.000
  1243.000   1002.000   -0.1704   -0.1704   -0.1704   -0.1704   1.000
  1250.000   1002.000    4.0338    4.0338    4.0338    4.0338   1.000
  1252.000   1002.000    2.3207    2.3207    2.3207    2.3207   1.000
  1254.000   1002.000    2.9165    2.9165    2.9165    2.9165   1.000
  1264.000   1002.000    2.8790    2.8790    2.8790    2.8790   1.000
  1271.000   1002.000    4.7638    4.7638    4.7638    4.7638   1.000
  1221.000   1003.000    3.8149    3.8149    3.8149    3.8149   1.000
  1257.000   1003.000    3.2038    3.2038    3.2038    3.2038   1.000
  1224.000   1004.000    3.6263    3.6263    3.6263    3.6263   1.000
  1239.000   1004.000    2.8512    2.8512    2.8512    2.8512   1.000
  1262.000   1004.000    2.9568    2.9568    2.9568    2.9568   1.000
  1230.000   1005.000    3.5513    3.5513    3.5513    3.5513   1.000
  1235.000   1005.000   -0.0596   -0.0596   -0.0596   -0.0596   1.000
  1246.000   1005.000    2.4966    2.4966    2.4966    2.4966   1.000
  1252.000   1005.000    2.6575    2.6575    2.6575    2.6575   1.000
  1260.000   1005.000    2.5822    2.5822    2.5822    2.5822   1.000
  1224.000   1006.000    3.6573    3.6573    3.6573    3.6573   1.000
  1254.000   1006.000    3.4948    3.4948    3.4948    3.4948   1.000
  1262.000   1006.000    3.4712    3.4712    3.4712    3.4712   1.000
  1221.000   1007.000    2.9372    2.9372    2.9372    2.9372   1.000
  1232.000   1007.000    3.3250    3.3250    3.3250    3.3250   1.000
  1237.000   1007.000    1.9380    1.9380    1.9380    1.9380   1.000
  1242.000   1007.000    3.0506    3.0506    3.0506    3.0506   1.000
  1244.000   1007.000    3.0853    3.0853    3.0853    3.0853   1.000
  1267.000   1007.000    3.9650    3.9650    3.9650    3.9650   1.000
  1270.000   1007.000    2.4861    2.4861    2.4861    2.4861   1.000
  1230.000   1008.000    4.1397    4.1397    4.1397    4.1397   1.000
  1235.000   1008.000    2.4475    2.4475    2.4475    2.4475   1.000
  1239.000   1008.000    2.4625    2.4625    2.4625    2.4625   1.000
  1254.000   1008.000    3.3798    3.3798    3.3798    3.3798   1.000
  1272.000   1008.000    3.8286    3.8286    3.8286    3.8286   1.000
  1231.000   1010.000    2.8152    2.8152    2.8152    2.8152   1.000
  1268.000   1010.000    4.4146    4.4146    4.4146    4.4146   1.000
  1226.000   1011.000    4.1597    4.1597    4.1597    4.1597   1.000
  1237.000   1011.000    4.2474    4.2474    4.2474    4.2474   1.000
  1241.000   1011.000    3.8639    3.8639    3.8639    3.8639   1.000
  1261.000   1011.000    3.1443    3.1443    3.1443    3.1443   1.000
  1274.000   1011.000    3.4080    3.4080    3.4080    3.4080   1.000
  1234.000   1012.000    3.8146    3.8146    3.8146    3.8146   1.000
  1271.000   1012.000    3.3831    3.3831    3.3831    3.3831   1.000
  1224.000   1013.000    4.5449    4.5449    4.5449    4.5449   1.000
  1257.000   1013.000    3.8339    3.8339    3.8339    3.8339   1.000
  1227.000   1014.000    2.8200    2.8200    2.8200    2.8200   1.000
  1231.000   1014.000    2.6028    2.6028    2.6028    2.6028   1.000
  1234.000   1014.000    4.4587    4.4587    4.4587    4.4587   1.000
  1248.000   1014.000    3.6501    3.6501    3.6501    3.6501   1.000
  1251.000   1014.000    3.6193    3.6193    3.6193    3.6193   1.000
  1264.000   1014.000    3.6510    3.6510    3.6510    3.6510   1.000
  1268.000   1014.000    2.9494    2.9494    2.9494    2.9494   1.000
  1241.000   1015.000    3.8479    3.8479    3.8479    3.8479   1.000
  1244.000   1015.000    3.2586    3.2586    3.2586    3.2586   1.000
  1255.000   1015.000    3.9111    3.9111    3.9111    3.9111   1.000
  1266.000   1015.000    2.3681    2.3681    2.3681    2.3681   1.000
  1237.000   1017.000    1.6727    1.6727    1.6727    1.6727   1.000
  1241.000   1017.000    3.6155    3.6155    3.6155    3.6155   1.000
  1245.000   1017.000    3.5269    3.5269    3.5269    3.5269   1.000
  1224.000   1018.000    4.0758    4.0758    4.0758    4.0758   1.000
  1256.000   1018.000    3.5779    3.5779    3.5779    3.5779   1.000
  1265.000   1018.000    3.4836    3.4836    3.4836    3.4836   1.000
  1260.000   1019.000    3.8213    3.8213    3.8213    3.8213   1.000
   775.000   1028.000    1.5074    1.5074    1.5074    1.5074   1.000
   792.000   1028.000    2.3706    2.3706    2.3706    2.3706   1.000
   809.000   1028.000    1.7126    1.7126    1.7126    1.7126   1.000
   813.000   1028.000   -0.5201   -0.5201   -0.5201   -0.5201   1.000
   823.000   1028.000    0.4215    0.4215    0.4215    0.4215   1.000
   826.000   1028.000    2.7948    2.7948    2.7948    2.7948   1.000
   798.000   1029.000    3.2841    3.2841    3.2841    3.2841   1.000
   817.000   1029.000    3.1358    3.1358    3.1358    3.1358   1.000
   774.000   1030.000    1.6875    1.6875    1.6875    1.6875   1.000
   777.000   1030.000    4.2560    4.2560    4.2560    4.2560   1.000
   786.000   1030.000    3.1637    3.1637    3.1637    3.1637   1.000
   796.000   1030.000    1.7471    1.7471    1.7471    1.7471   1.000
   812.000   1030.000    2.4499    2.4499    2.4499    2.4499   1.000
   789.000   1031.000    4.3578    4.3578    4.3578    4.3578   1.000
   793.000   1031.000    3.3907    3.3907    3.3907    3.3907   1.000
   819.000   1031.000    2.7337    2.7337    2.7337    2.7337   1.000
   823.000   1031.000    2.9211    2.9211    2.9211    2.9211   1.000
   775.000   1032.000    0.0504    0.0504    0.0504    0.0504   1.000
   787.000   1032.000    3.3546    3.3546    3.3546    3.3546   1.000
   795.000   1032.000    3.5428    3.5428    3.5428    3.5428   1.000
   814.000   1032.000    3.2719    3.2719    3.2719    3.2719   1.000
   779.000   1033.000    3.2034    3.2034    3.2034    3.2034   1.000
   789.000   1033.000    4.2637    4.2637    4.2637    4.2637   1.000
   799.000   1033.000    1.2680    1.2680    1.2680    1.2680   1.000
   804.000   1033.000    2.7274    2.7274    2.7274    2.7274   1.000
   777.000   1034.000    2.5380    2.5380    2.5380    2.5380   1.000
   784.000   1034.000    2.9669    2.9669    2.9669    2.9669   1.000
   796.000   1034.000    3.2879    3.2879    3.2879    3.2879   1.000
   806.000   1034.000    3.3787    3.3787    3.3787    3.3787   1.000
   808.000   1034.000    3.3128    3.3128    3.3128    3.3128   1.000
   811.000   1035.000    3.0710    3.0710    3.0710    3.0710   1.000
   776.000   1036.000    1.9660    1.9660    1.9660    1.9660   1.000
   800.000   1036.000    2.9261    2.9261    2.9261    2.9261   1.000
   809.000   1036.000    3.3129    3.3129    3.3129    3.3129   1.000
   821.000   1036.000    3.9930    3.9930    3.9930    3.9930   1.000
   826.000   1036.000    3.7283    3.7283    3.7283    3.7283   1.000
   811.000   1037.000    3.7640    3.7640    3.7640    3.7640   1.000
   774.000   1038.000    3.1082    3.1082    3.1082    3.1082   1.000
   802.000   1038.000    4.2513    4.2513    4.2513    4.2513   1.000
   789.000   1039.000    2.3068    2.3068    2.3068    2.3068   1.000
   806.000   1039.000    4.0325    4.0325    4.0325    4.0325   1.000
   808.000   1039.000    3.6947    3.6947    3.6947    3.6947   1.000
   813.000   1039.000    4.8333    4.8333    4.8333    4.8333   1.000
   786.000   1040.000    3.8015    3.8015    3.8015    3.8015   1.000
   798.000   1040.000    2.6817    2.6817    2.6817    2.6817   1.000
   772.000   1041.000    2.5315    2.5315    2.5315    2.5315   1.000
   813.000   1041.000    3.9784    3.9784    3.9784    3.9784   1.000
   774.000   1042.000    3.6390    3.6390    3.6390    3.6390   1.000
   776.000   1042.000    3.3244    3.3244    3.3244    3.3244   1.000
   783.000   1042.000    3.2363    3.2363    3.2363    3.2363   1.000
   790.000   1042.000    3.5045    3.5045    3.5045    3.5045   1.000
   814.000   1043.000    3.2652    3.2652    3.2652    3.2652   1.000
   775.000   1044.000    3.3429    3.3429    3.3429    3.3429   1.000
   794.000   1044.000    3.0119    3.0119    3.0119    3.0119   1.000
   819.000   1044.000    3.9837    3.9837    3.9837    3.9837   1.000
   824.000   1044.000    3.4104    3.4104    3.4104    3.4104   1.000
   826.000   1044.000    2.9301    2.9301    2.9301    2.9301   1.000
   785.000   1045.000   -0.0237   -0.0237   -0.0237   -0.0237   1.000
   791.000   1045.000    2.5319    2.5319    2.5319    2.5319   1.000
   798.000   1045.000    3.5281    3.5281    3.5281    3.5281   1.000
   775.000   1046.000    2.4139    2.4139    2.4139    2.4139   1.000
   795.000   1046.000    3.6818    3.6818    3.6818    3.6818   1.000
   812.000   1046.000    3.3495    3.3495    3.3495    3.3495   1.000
   822.000   1046.000    3.8671    3.8671    3.8671    3.8671   1.000
   826.000   1046.000    3.8624    3.8624    3.8624    3.8624   1.000
   777.000   1047.000    2.9020    2.9020    2.9020    2.9020   1.000
   780.000   1047.000    4.1060    4.1060    4.1060    4.1060   1.000
   784.000   1047.000    1.2545    1.2545    1.2545    1.2545   1.000
   789.000   1047.000    2.3148    2.3148    2.3148    2.3148   1.000
   803.000   1047.000    1.8503    1.8503    1.8503    1.8503   1.000
   817.000   1047.000    2.9607    2.9607    2.9607    2.9607   1.000
   795.000   1048.000    4.2950    4.2950    4.2950    4.2950   1.000
   815.000   1048.000    3.6736    3.6736    3.6736    3.6736   1.000
   773.000   1049.000   -0.1132   -0.1132   -0.1132   -0.1132   1.000
   776.000   1049.000    3.0419    3.0419    3.0419    3.0419   1.000
   789.000   1049.000    2.9201    2.9201    2.9201    2.9201   1.000
   823.000   1049.000    3.6182    3.6182    3.6182    3.6182   1.000
   785.000   1050.000    3.1005    3.1005    3.1005    3.1005   1.000
   791.000   1050.000    2.9441    2.9441    2.9441    2.9441   1.000
   773.000   1051.000    0.1639    0.1639    0.1639    0.1639   1.000
   776.000   1051.000    3.7274    3.7274    3.7274    3.7274   1.000
   798.000   1051.000    3.5877    3.5877    3.5877    3.5877   1.000
   786.000   1052.000    2.4758    2.4758    2.4758    2.4758   1.000
   795.000   1052.000    3.9104    3.9104    3.9104    3.9104   1.000
   816.000   1052.000    4.3306    4.3306    4.3306    4.3306   1.000
   823.000   1052.000    3.1411    3.1411    3.1411    3.1411   1.000
   825.000   1052.000    2.7959    2.7959    2.7959    2.7959   1.000
   776.000   1053.000    3.7935    3.7935    3.7935    3.7935   1.000
   784.000   1054.000    3.3703    3.3703    3.3703    3.3703   1.000
   819.000   1054.000    3.3231    3.3231    3.3231    3.3231   1.000
   824.000   1054.000    3.2163    3.2163    3.2163    3.2163   1.000
   772.000   1055.000    1.3141    1.3141    1.3141    1.3141   1.000
   775.000   1055.000    3.0616    3.0616    3.0616    3.0616   1.000
   794.000   1055.000    2.0801    2.0801    2.0801    2.0801   1.000
   809.000   1055.000    3.3586    3.3586    3.3586    3.3586   1.000
   812.000   1055.000    3.4954    3.4954    3.4954    3.4954   1.000
   789.000   1056.000    3.1218    3.1218    3.1218    3.1218   1.000
   816.000   1056.000    4.5068    4.5068    4.5068    4.5068   1.000
   824.000   1056.000    3.3714    3.3714    3.3714    3.3714   1.000
   772.000   1057.000    1.4139    1.4139    1.4139    1.4139   1.000
   794.000   1057.000    2.8238    2.8238    2.8238    2.8238   1.000
   777.000   1058.000    3.6573    3.6573    3.6573    3.6573   1.000
   786.000   1058.000    3.6303    3.6303    3.6303    3.6303   1.000
   789.000   1058.000    3.9180    3.9180    3.9180    3.9180   1.000
   784.000   1059.000    3.4653    3.4653    3.4653    3.4653   1.000
   794.000   1059.000    3.5960    3.5960    3.5960    3.5960   1.000
   804.000   1059.000    3.5143    3.5143    3.5143    3.5143   1.000
   811.000   1059.000    2.6217    2.6217    2.6217    2.6217   1.000
   821.000   1059.000    2.8013    2.8013    2.8013    2.8013   1.000
   815.000   1060.000    2.9006    2.9006    2.9006    2.9006   1.000
   824.000   1060.000    2.8606    2.8606    2.8606    2.8606   1.000
   776.000   1061.000    1.4850    1.4850    1.4850    1.4850   1.000
   786.000   1061.000    4.5313    4.5313    4.5313    4.5313   1.000
   794.000   1061.000    3.0711    3.0711    3.0711    3.0711   1.000
   796.000   1061.000    3.3737    3.3737    3.3737    3.3737   1.000
   804.000   1061.000    2.7284    2.7284    2.7284    2.7284   1.000
   811.000   1061.000    3.1878    3.1878    3.1878    3.1878   1.000
   826.000   1061.000    2.7308    2.7308    2.7308    2.7308   1.000
   784.000   1062.000    3.1001    3.1001    3.1001    3.1001   1.000
   817.000   1062.000    3.1311    3.1311    3.1311    3.1311   1.000
   786.000   1063.000    3.6455    3.6455    3.6455    3.6455   1.000
   798.000   1063.000    4.7382    4.7382    4.7382    4.7382   1.000
   804.000   1063.000    3.8622    3.8622    3.8622    3.8622   1.000
   820.000   1063.000    4.0402    4.0402    4.0402    4.0402   1.000
   776.000   1064.000    3.2060    3.2060    3.2060    3.2060   1.000
   778.000   1064.000    3.1732    3.1732    3.1732    3.1732   1.000
   801.000   1064.000    4.1769    4.1769    4.1769    4.1769   1.000
   806.000   1064.000    3.2922    3.2922    3.2922    3.2922   1.000
   817.000   1064.000    2.7362    2.7362    2.7362    2.7362   1.000
   780.000   1065.000    2.8547    2.8547    2.8547    2.8547   1.000
   793.000   1065.000    1.6840    1.6840    1.6840    1.6840   1.000
   813.000   1065.000   -0.0731   -0.0731   -0.0731   -0.0731   1.000
   776.000   1066.000    2.7882    2.7882    2.7882    2.7882   1.000
   785.000   1066.000    2.9349    2.9349    2.9349    2.9349   1.000
   801.000   1066.000    3.8716    3.8716    3.8716    3.8716   1.000
   792.000   1067.000    1.2242    1.2242    1.2242    1.2242   1.000
   805.000   1067.000    3.4303    3.4303    3.4303    3.4303   1.000
   809.000   1067.000    4.1616    4.1616    4.1616    4.1616   1.000
   781.000   1068.000    2.9942    2.9942    2.9942    2.9942   1.000
   803.000   1068.000    3.2844    3.2844    3.2844    3.2844   1.000
   814.000   1068.000    2.3507    2.3507    2.3507    2.3507   1.000
   818.000   1068.000    1.2091    1.2091    1.2091    1.2091   1.000
   827.000   1068.000    0.1722    0.1722    0.1722    0.1722   1.000
   808.000   1069.000    3.2174    3.2174    3.2174    3.2174   1.000
   824.000   1069.000    2.1655    2.1655    2.1655    2.1655   1.000
   777.000   1070.000    0.2491    0.2491    0.2491    0.2491   1.000
   788.000   1070.000    3.4792    3.4792    3.4792    3.4792   1.000
   813.000   1070.000    3.3814    3.3814    3.3814    3.3814   1.000
   819.000   1070.000    1.7956    1.7956    1.7956    1.7956   1.000
   822.000   1070.000    2.2611    2.2611    2.2611    2.2611   1.000
   791.000   1071.000    3.8696    3.8696    3.8696    3.8696   1.000
   806.000   1071.000    3.8902    3.8902    3.8902    3.8902   1.000
   783.000   1072.000    2.0998    2.0998    2.0998    2.0998   1.000
   786.000   1072.000    2.6707    2.6707    2.6707    2.6707   1.000
   794.000   1072.000    3.4457    3.4457    3.4457    3.4457   1.000
   801.000   1072.000    4.0801    4.0801    4.0801    4.0801   1.000
   804.000   1072.000    2.6671    2.6671    2.6671    2.6671   1.000
   824.000   1072.000    1.8632    1.8632    1.8632    1.8632   1.000
   809.000   1073.000    3.8861    3.8861    3.8861    3.8861   1.000
   773.000   1074.000    1.9978    1.9978    1.9978    1.9978   1.000
   777.000   1074.000    2.5912    2.5912    2.5912    2.5912   1.000
   780.000   1074.000    3.0513    3.0513    3.0513    3.0513   1.000
   787.000   1074.000    3.1701    3.1701    3.1701    3.1701   1.000
   803.000   1074.000    2.1190    2.1190    2.1190    2.1190   1.000
   790.000   1075.000    4.2315    4.2315    4.2315    4.2315   1.000
   795.000   1075.000    2.8971    2.8971    2.8971    2.8971   1.000
   800.000   1075.000    2.9320    2.9320    2.9320    2.9320   1.000
   812.000   1075.000    3.8948    3.8948    3.8948    3.8948   1.000
   805.000   1076.000    2.9390    2.9390    2.9390    2.9390   1.000
   795.000   1077.000    3.5382    3.5382    3.5382    3.5382   1.000
   772.000   1078.000    2.2832    2.2832    2.2832    2.2832   1.000
   811.000   1078.000    3.5337    3.5337    3.5337    3.5337   1.000
   823.000   1078.000    3.8366    3.8366    3.8366    3.8366   1.000
   802.000   1079.000    3.6548    3.6548    3.6548    3.6548   1.000
   786.000   1080.000    0.5155    0.5155    0.5155    0.5155   1.000
   806.000   1080.000    3.2057    3.2057    3.2057    3.2057   1.000
   810.000   1080.000    1.2702    1.2702    1.2702    1.2702   1.000
   775.000   1081.000    3.9558    3.9558    3.9558    3.9558   1.000
   793.000   1082.000    3.3864    3.3864    3.3864    3.3864   1.000
   802.000   1082.000    3.5871    3.5871    3.5871    3.5871   1.000
   773.000   1083.000    3.8725    3.8725    3.8725    3.8725   1.000
   788.000   1083.000    3.4046    3.4046    3.4046    3.4046   1.000
   795.000   1083.000    3.9016    3.9016    3.9016    3.9016   1.000
   825.000   1083.000    2.9001    2.9001    2.9001    2.9001   1.000
   839.000   1028.000    2.9135    2.9135    2.9135    2.9135   1.000
   844.000   1028.000    2.1552    2.1552    2.1552    2.1552   1.000
   848.000   1028.000   -0.8255   -0.8255   -0.8255   -0.8255   1.000
   851.000   1028.000    2.6755    2.6755    2.6755    2.6755   1.000
   858.000   1028.000    3.8581    3.8581    3.8581    3.8581   1.000
   867.000   1028.000    4.0264    4.0264    4.0264    4.0264   1.000
   877.000   1028.000    2.4492    2.4492    2.4492    2.4492   1.000
   837.000   1029.000    3.1186    3.1186    3.1186    3.1186   1.000
   875.000   1029.000    3.4426    3.4426    3.4426    3.4426   1.000
   847.000   1030.000    0.9781    0.9781    0.9781    0.9781   1.000
   836.000   1031.000    3.3846    3.3846    3.3846    3.3846   1.000
   842.000   1031.000    3.2536    3.2536    3.2536    3.2536   1.000
   877.000   1031.000    4.1117    4.1117    4.1117    4.1117   1.000
   844.000   1032.000    3.3791    3.3791    3.3791    3.3791   1.000
   846.000   1032.000    4.2878    4.2878    4.2878    4.2878   1.000
   857.000   1032.000    3.6924    3.6924    3.6924    3.6924   1.000
   837.000   1033.000    3.6566    3.6566    3.6566    3.6566   1.000
   850.000   1033.000    2.6413    2.6413    2.6413    2.6413   1.000
   862.000   1033.000    3.3980    3.3980    3.3980    3.3980   1.000
   872.000   1033.000    3.8750    3.8750    3.8750    3.8750   1.000
   874.000   1033.000    3.1397    3.1397    3.1397    3.1397   1.000
   879.000   1033.000    2.8766    2.8766    2.8766    2.8766   1.000
   846.000   1034.000    2.8879    2.8879    2.8879    2.8879   1.000
   853.000   1034.000    3.7980    3.7980    3.7980    3.7980   1.000
   886.000   1034.000    3.9287    3.9287    3.9287    3.9287   1.000
   855.000   1035.000    4.0215    4.0215    4.0215    4.0215   1.000
   865.000   1035.000    4.1642    4.1642    4.1642    4.1642   1.000
   878.000   1036.000    3.2412    3.2412    3.2412    3.2412   1.000
   871.000   1037.000    4.2006    4.2006    4.2006    4.2006   1.000
   889.000   1037.000    3.4813    3.4813    3.4813    3.4813   1.000
   864.000   1038.000    3.0333    3.0333    3.0333    3.0333   1.000
   880.000   1038.000    3.1385    3.1385    3.1385    3.1385   1.000
   852.000   1039.000    3.0625    3.0625    3.0625    3.0625   1.000
   860.000   1039.000    3.7839    3.7839    3.7839    3.7839   1.000
   862.000   1039.000    3.1696    3.1696    3.1696    3.1696   1.000
   876.000   1039.000    3.0107    3.0107    3.0107    3.0107   1.000
   836.000   1040.000    2.5321    2.5321    2.5321    2.5321   1.000
   838.000   1040.000    3.3005    3.3005    3.3005    3.3005   1.000
   879.000   1040.000    3.4513    3.4513    3.4513    3.4513   1.000
   887.000   1040.000    3.3874    3.3874    3.3874    3.3874   1.000
   846.000   1041.000    3.6833    3.6833    3.6833    3.6833   1.000
   857.000   1041.000    3.8655    3.8655    3.8655    3.8655   1.000
   837.000   1043.000    3.2249    3.2249    3.2249    3.2249   1.000
   839.000   1043.000    3.3085    3.3085    3.3085    3.3085   1.000
   863.000   1043.000    3.2510    3.2510    3.2510    3.2510   1.000
   869.000   1043.000    3.3558    3.3558    3.3558    3.3558   1.000
   871.000   1043.000    2.5800    2.5800    2.5800    2.5800   1.000
   850.000   1044.000    0.5369    0.5369    0.5369    0.5369   1.000
   865.000   1044.000    3.4666    3.4666    3.4666    3.4666   1.000
   888.000   1044.000    3.5564    3.5564    3.5564    3.5564   1.000
   840.000   1046.000    2.4045    2.4045    2.4045    2.4045   1.000
   850.000   1046.000    2.4417    2.4417    2.4417    2.4417   1.000
   863.000   1046.000    2.7259    2.7259    2.7259    2.7259   1.000
   891.000   1046.000    2.7943    2.7943    2.7943    2.7943   1.000
   854.000   1047.000    3.4927    3.4927    3.4927    3.4927   1.000
   871.000   1047.000    3.8487    3.8487    3.8487    3.8487   1.000
   874.000   1047.000    3.4645    3.4645    3.4645    3.4645   1.000
   887.000   1047.000    3.5173    3.5173    3.5173    3.5173   1.000
   863.000   1048.000    2.0164    2.0164    2.0164    2.0164   1.000
   843.000   1049.000    4.0388    4.0388    4.0388    4.0388   1.000
   888.000   1049.000    2.6885    2.6885    2.6885    2.6885   1.000
   875.000   1050.000    4.2837    4.2837    4.2837    4.2837   1.000
   879.000   1050.000    4.3237    4.3237    4.3237    4.3237   1.000
   883.000   1050.000    3.4517    3.4517    3.4517    3.4517   1.000
   890.000   1050.000    3.6547    3.6547    3.6547    3.6547   1.000
   843.000   1051.000    4.5390    4.5390    4.5390    4.5390   1.000
   849.000   1051.000    2.8213    2.8213    2.8213    2.8213   1.000
   856.000   1051.000    3.8968    3.8968    3.8968    3.8968   1.000
   858.000   1051.000    3.0541    3.0541    3.0541    3.0541   1.000
   861.000   1052.000    0.5904    0.5904    0.5904    0.5904   1.000
   864.000   1052.000    2.6176    2.6176    2.6176    2.6176   1.000
   866.000   1052.000    2.7527    2.7527    2.7527    2.7527   1.000
   871.000   1052.000    4.1165    4.1165    4.1165    4.1165   1.000
   880.000   1052.000    3.0937    3.0937    3.0937    3.0937   1.000
   890.000   1052.000    3.2761    3.2761    3.2761    3.2761   1.000
   845.000   1053.000    1.3205    1.3205    1.3205    1.3205   1.000
   852.000   1053.000    3.2207    3.2207    3.2207    3.2207   1.000
   857.000   1053.000    2.3791    2.3791    2.3791    2.3791   1.000
   850.000   1054.000    3.7858    3.7858    3.7858    3.7858   1.000
   844.000   1055.000    2.5280    2.5280    2.5280    2.5280   1.000
   846.000   1055.000    2.7213    2.7213    2.7213    2.7213   1.000
   882.000   1055.000    3.7446    3.7446    3.7446    3.7446   1.000
   888.000   1055.000    3.6649    3.6649    3.6649    3.6649   1.000
   852.000   1056.000    3.3858    3.3858    3.3858    3.3858   1.000
   861.000   1056.000    4.1857    4.1857    4.1857    4.1857   1.000
   863.000   1056.000    3.8326    3.8326    3.8326    3.8326   1.000
   870.000   1056.000    3.5499    3.5499    3.5499    3.5499   1.000
   856.000   1058.000    2.0192    2.0192    2.0192    2.0192   1.000
   862.000   1058.000    3.3036    3.3036    3.3036    3.3036   1.000
   841.000   1059.000    0.6172    0.6172    0.6172    0.6172   1.000
   875.000   1059.000    3.6046    3.6046    3.6046    3.6046   1.000
   882.000   1059.000    3.9257    3.9257    3.9257    3.9257   1.000
   850.000   1060.000    3.1994    3.1994    3.1994    3.1994   1.000
   884.000   1060.000    3.6563    3.6563    3.6563    3.6563   1.000
   889.000   1060.000    3.8603    3.8603    3.8603    3.8603   1.000
   847.000   1061.000    2.9570    2.9570    2.9570    2.9570   1.000
   852.000   1061.000    3.3870    3.3870    3.3870    3.3870   1.000
   854.000   1061.000    3.5809    3.5809    3.5809    3.5809   1.000
   859.000   1061.000    2.3298    2.3298    2.3298    2.3298   1.000
   869.000   1061.000    4.2658    4.2658    4.2658    4.2658   1.000
   882.000   1061.000    3.8327    3.8327    3.8327    3.8327   1.000
   873.000   1062.000    3.3002    3.3002    3.3002    3.3002   1.000
   875.000   1062.000    3.8389    3.8389    3.8389    3.8389   1.000
   841.000   1063.000    1.2537    1.2537    1.2537    1.2537   1.000
   847.000   1063.000    3.0611    3.0611    3.0611    3.0611   1.000
   849.000   1063.000    1.7795    1.7795    1.7795    1.7795   1.000
   839.000   1064.000    1.0103    1.0103    1.0103    1.0103   1.000
   852.000   1064.000    4.0636    4.0636    4.0636    4.0636   1.000
   867.000   1064.000    3.2521    3.2521    3.2521    3.2521   1.000
   880.000   1064.000    3.9238    3.9238    3.9238    3.9238   1.000
   837.000   1065.000    2.9748    2.9748    2.9748    2.9748   1.000
   842.000   1065.000    3.4631    3.4631    3.4631    3.4631   1.000
   846.000   1065.000    2.8143    2.8143    2.8143    2.8143   1.000
   839.000   1066.000    2.0427    2.0427    2.0427    2.0427   1.000
   873.000   1066.000    3.0668    3.0668    3.0668    3.0668   1.000
   876.000   1066.000    3.8947    3.8947    3.8947    3.8947   1.000
   885.000   1066.000    2.4539    2.4539    2.4539    2.4539   1.000
   841.000   1068.000    4.2026    4.2026    4.2026    4.2026   1.000
   845.000   1068.000    2.8068    2.8068    2.8068    2.8068   1.000
   858.000   1068.000    3.4905    3.4905    3.4905    3.4905   1.000
   864.000   1068.000    2.3767    2.3767    2.3767    2.3767   1.000
   867.000   1068.000    3.9082    3.9082    3.9082    3.9082   1.000
   881.000   1068.000    3.8954    3.8954    3.8954    3.8954   1.000
   891.000   1068.000    3.0556    3.0556    3.0556    3.0556   1.000
   837.000   1069.000    2.2586    2.2586    2.2586    2.2586   1.000
   847.000   1069.000    3.8236    3.8236    3.8236    3.8236   1.000
   849.000   1069.000    3.9932    3.9932    3.9932    3.9932   1.000
   873.000   1069.000    2.2964    2.2964    2.2964    2.2964   1.000
   853.000   1070.000    3.7187    3.7187    3.7187    3.7187   1.000
   888.000   1070.000    2.7055    2.7055    2.7055    2.7055   1.000
   890.000   1070.000    0.8981    0.8981    0.8981    0.8981   1.000
   861.000   1071.000    2.8334    2.8334    2.8334    2.8334   1.000
   867.000   1071.000    3.4959    3.4959    3.4959    3.4959   1.000
   877.000   1071.000    3.0238    3.0238    3.0238    3.0238   1.000
   882.000   1071.000    2.8715    2.8715    2.8715    2.8715   1.000
   840.000   1072.000    3.3094    3.3094    3.3094    3.3094   1.000
   876.000   1073.000    2.6156    2.6156    2.6156    2.6156   1.000
   836.000   1074.000    2.1280    2.1280    2.1280    2.1280   1.000
   853.000   1074.000    4.1234    4.1234    4.1234    4.1234   1.000
   887.000   1074.000    3.6646    3.6646    3.6646    3.6646   1.000
   843.000   1075.000    3.6085    3.6085    3.6085    3.6085   1.000
   880.000   1075.000    3.0865    3.0865    3.0865    3.0865   1.000
   836.000   1076.000    1.0905    1.0905    1.0905    1.0905   1.000
   862.000   1076.000    2.4892    2.4892    2.4892    2.4892   1.000
   883.000   1076.000    3.6880    3.6880    3.6880    3.6880   1.000
   856.000   1077.000    3.2464    3.2464    3.2464    3.2464   1.000
   858.000   1077.000    4.1158    4.1158    4.1158    4.1158   1.000
   870.000   1077.000    3.7546    3.7546    3.7546    3.7546   1.000
   844.000   1078.000    3.7926    3.7926    3.7926    3.7926   1.000
   849.000   1078.000    3.5812    3.5812    3.5812    3.5812   1.000
   861.000   1078.000    3.3225    3.3225    3.3225    3.3225   1.000
   887.000   1078.000    3.6186    3.6186    3.6186    3.6186   1.000
   889.000   1078.000    4.0245    4.0245    4.0245    4.0245   1.000
   891.000   1078.000    2.9381    2.9381    2.9381    2.9381   1.000
   837.000   1079.000    1.7598    1.7598    1.7598    1.7598   1.000
   865.000   1079.000    3.4989    3.4989    3.4989    3.4989   1.000
   841.000   1080.000    4.0579    4.0579    4.0579    4.0579   1.000
   847.000   1080.000    3.7744    3.7744    3.7744    3.7744   1.000
   851.000   1080.000    4.0115    4.0115    4.0115    4.0115   1.000
   861.000   1080.000    5.3120    5.3120    5.3120    5.3120   1.000
   867.000   1080.000    3.1866    3.1866    3.1866    3.1866   1.000
   869.000   1080.000    3.8974    3.8974    3.8974    3.8974   1.000
   871.000   1080.000    4.4090    4.4090    4.4090    4.4090   1.000
   882.000   1081.000    3.9411    3.9411    3.9411    3.9411   1.000
   886.000   1081.000    3.5022    3.5022    3.5022    3.5022   1.000
   851.000   1082.000    3.3952    3.3952    3.3952    3.3952   1.000
   856.000   1082.000    3.5051    3.5051    3.5051    3.5051   1.000
   860.000   1082.000    2.8357    2.8357    2.8357    2.8357   1.000
   838.000   1083.000    3.6541    3.6541    3.6541    3.6541   1.000
   841.000   1083.000    1.6939    1.6939    1.6939    1.6939   1.000
   863.000   1083.000    3.1188    3.1188    3.1188    3.1188   1.000
   874.000   1083.000    3.8055    3.8055    3.8055    3.8055   1.000
   879.000   1083.000    2.9918    2.9918    2.9918    2.9918   1.000
   927.000   1028.000    3.3763    3.3763    3.3763    3.3763   1.000
   916.000   1029.000    3.4421    3.4421    3.4421    3.4421   1.000
   931.000   1029.000    3.6684    3.6684    3.6684    3.6684   1.000
   936.000   1029.000    4.2250    4.2250    4.2250    4.2250   1.000
   951.000   1029.000    0.3161    0.3161    0.3161    0.3161   1.000
   911.000   1030.000    3.0158    3.0158    3.0158    3.0158   1.000
   928.000   1030.000    4.6104    4.6104    4.6104    4.6104   1.000
   944.000   1030.000    1.7463    1.7463    1.7463    1.7463   1.000
   946.000   1031.000    2.5417    2.5417    2.5417    2.5417   1.000
   905.000   1032.000    3.1919    3.1919    3.1919    3.1919   1.000
   912.000   1032.000    2.0756    2.0756    2.0756    2.0756   1.000
   922.000   1032.000    4.1897    4.1897    4.1897    4.1897   1.000
   928.000   1032.000    3.5796    3.5796    3.5796    3.5796   1.000
   940.000   1032.000    3.8527    3.8527    3.8527    3.8527   1.000
   949.000   1032.000    1.5950    1.5950    1.5950    1.5950   1.000
   951.000   1032.000    3.0330    3.0330    3.0330    3.0330   1.000
   955.000   1032.000    3.5849    3.5849    3.5849    3.5849   1.000
   909.000   1033.000    2.6311    2.6311    2.6311    2.6311   1.000
   925.000   1033.000    3.6900    3.6900    3.6900    3.6900   1.000
   930.000   1033.000    3.3321    3.3321    3.3321    3.3321   1.000
   946.000   1033.000    3.0777    3.0777    3.0777    3.0777   1.000
   900.000   1034.000    4.0323    4.0323    4.0323    4.0323   1.000
   912.000   1034.000    2.4178    2.4178    2.4178    2.4178   1.000
   916.000   1034.000    3.1887    3.1887    3.1887    3.1887   1.000
   928.000   1034.000    4.4763    4.4763    4.4763    4.4763   1.000
   936.000   1034.000    3.9594    3.9594    3.9594    3.9594   1.000
   940.000   1034.000    2.7863    2.7863    2.7863    2.7863   1.000
   943.000   1034.000    3.9483    3.9483    3.9483    3.9483   1.000
   951.000   1034.000    4.1757    4.1757    4.1757    4.1757   1.000
   920.000   1035.000    3.4507    3.4507    3.4507    3.4507   1.000
   925.000   1035.000    4.8023    4.8023    4.8023    4.8023   1.000
   913.000   1036.000    2.5748    2.5748    2.5748    2.5748   1.000
   928.000   1036.000    4.1560    4.1560    4.1560    4.1560   1.000
   933.000   1036.000    4.5109    4.5109    4.5109    4.5109   1.000
   951.000   1036.000    3.6373    3.6373    3.6373    3.6373   1.000
   948.000   1037.000    3.9908    3.9908    3.9908    3.9908   1.000
   909.000   1038.000    3.3650    3.3650    3.3650    3.3650   1.000
   911.000   1038.000    3.9075    3.9075    3.9075    3.9075   1.000
   942.000   1038.000    3.8310    3.8310    3.8310    3.8310   1.000
   930.000   1039.000    3.8611    3.8611    3.8611    3.8611   1.000
   938.000   1039.000    0.1314    0.1314    0.1314    0.1314   1.000
   944.000   1039.000    4.0195    4.0195    4.0195    4.0195   1.000
   953.000   1039.000    4.0895    4.0895    4.0895    4.0895   1.000
   903.000   1040.000    3.1549    3.1549    3.1549    3.1549   1.000
   906.000   1040.000    3.7830    3.7830    3.7830    3.7830   1.000
   911.000   1040.000    3.3172    3.3172    3.3172    3.3172   1.000
   923.000   1040.000    4.3727    4.3727    4.3727    4.3727   1.000
   942.000   1040.000    3.3624    3.3624    3.3624    3.3624   1.000
   949.000   1040.000    2.3777    2.3777    2.3777    2.3777   1.000
   933.000   1041.000    3.6546    3.6546    3.6546    3.6546   1.000
   935.000   1041.000    3.1215    3.1215    3.1215    3.1215   1.000
   947.000   1041.000    2.4871    2.4871    2.4871    2.4871   1.000
   903.000   1042.000    3.5418    3.5418    3.5418    3.5418   1.000
   908.000   1042.000    3.6919    3.6919    3.6919    3.6919   1.000
   926.000   1042.000    2.6718    2.6718    2.6718    2.6718   1.000
   910.000   1043.000    3.6485    3.6485    3.6485    3.6485   1.000
   900.000   1044.000    2.9577    2.9577    2.9577    2.9577   1.000
   906.000   1044.000    3.6061    3.6061    3.6061    3.6061   1.000
   919.000   1044.000    2.9995    2.9995    2.9995    2.9995   1.000
   926.000   1044.000    3.8807    3.8807    3.8807    3.8807   1.000
   934.000   1044.000    3.7249    3.7249    3.7249    3.7249   1.000
   941.000   1044.000    3.3103    3.3103    3.3103    3.3103   1.000
   949.000   1044.000    3.2516    3.2516    3.2516    3.2516   1.000
   913.000   1045.000    2.5062    2.5062    2.5062    2.5062   1.000
   917.000   1045.000    3.3914    3.3914    3.3914    3.3914   1.000
   939.000   1045.000    2.9856    2.9856    2.9856    2.9856   1.000
   907.000   1046.000    3.2986    3.2986    3.2986    3.2986   1.000
   926.000   1046.000    2.5821    2.5821    2.5821    2.5821   1.000
   928.000   1046.000    0.8275    0.8275    0.8275    0.8275   1.000
   932.000   1046.000    3.7046    3.7046    3.7046    3.7046   1.000
   935.000   1046.000    3.9300    3.9300    3.9300    3.9300   1.000
   946.000   1046.000    3.8102    3.8102    3.8102    3.8102   1.000
   904.000   1047.000    2.4201    2.4201    2.4201    2.4201   1.000
   909.000   1048.000    2.6462    2.6462    2.6462    2.6462   1.000
   919.000   1048.000    3.9671    3.9671    3.9671    3.9671   1.000
   934.000   1048.000    2.9786    2.9786    2.9786    2.9786   1.000
   944.000   1048.000    3.5963    3.5963    3.5963    3.5963   1.000
   902.000   1049.000    3.7794    3.7794    3.7794    3.7794   1.000
   914.000   1049.000    1.9164    1.9164    1.9164    1.9164   1.000
   921.000   1049.000    3.4940    3.4940    3.4940    3.4940   1.000
   923.000   1049.000    3.6055    3.6055    3.6055    3.6055   1.000
   928.000   1049.000    2.7500    2.7500    2.7500    2.7500   1.000
   936.000   1049.000    3.2900    3.2900    3.2900    3.2900   1.000
   950.000   1049.000    3.5711    3.5711    3.5711    3.5711   1.000
   912.000   1050.000    1.5587    1.5587    1.5587    1.5587   1.000
   925.000   1050.000    2.7639    2.7639    2.7639    2.7639   1.000
   930.000   1050.000    3.6455    3.6455    3.6455    3.6455   1.000
   944.000   1050.000    3.4105    3.4105    3.4105    3.4105   1.000
   934.000   1051.000    2.8960    2.8960    2.8960    2.8960   1.000
   938.000   1051.000    2.5452    2.5452    2.5452    2.5452   1.000
   948.000   1051.000    3.6597    3.6597    3.6597    3.6597   1.000
   916.000   1052.000    4.4220    4.4220    4.4220    4.4220   1.000
   940.000   1052.000    2.7116    2.7116    2.7116    2.7116   1.000
   942.000   1052.000    2.3408    2.3408    2.3408    2.3408   1.000
   910.000   1053.000    3.1279    3.1279    3.1279    3.1279   1.000
   921.000   1053.000    3.8846    3.8846    3.8846    3.8846   1.000
   926.000   1053.000    2.7453    2.7453    2.7453    2.7453   1.000
   900.000   1054.000    3.8744    3.8744    3.8744    3.8744   1.000
   929.000   1054.000    2.2181    2.2181    2.2181    2.2181   1.000
   936.000   1054.000    0.8048    0.8048    0.8048    0.8048   1.000
   903.000   1055.000    4.4102    4.4102    4.4102    4.4102   1.000
   925.000   1055.000    0.6130    0.6130    0.6130    0.6130   1.000
   945.000   1055.000    2.7701    2.7701    2.7701    2.7701   1.000
   955.000   1055.000    3.3356    3.3356    3.3356    3.3356   1.000
   905.000   1056.000    3.5540    3.5540    3.5540    3.5540   1.000
   935.000   1056.000    0.6899    0.6899    0.6899    0.6899   1.000
   937.000   1056.000    1.1544    1.1544    1.1544    1.1544   1.000
   941.000   1056.000    2.9161    2.9161    2.9161    2.9161   1.000
   949.000   1056.000    3.8957    3.8957    3.8957    3.8957   1.000
   903.000   1057.000    3.3734    3.3734    3.3734    3.3734   1.000
   931.000   1057.000    2.2713    2.2713    2.2713    2.2713   1.000
   933.000   1057.000    3.2875    3.2875    3.2875    3.2875   1.000
   943.000   1057.000    3.1206    3.1206    3.1206    3.1206   1.000
   916.000   1058.000    3.9157    3.9157    3.9157    3.9157   1.000
   919.000   1058.000    3.8894    3.8894    3.8894    3.8894   1.000
   923.000   1058.000    1.9072    1.9072    1.9072    1.9072   1.000
   928.000   1058.000    2.5217    2.5217    2.5217    2.5217   1.000
   946.000   1059.000    3.3080    3.3080    3.3080    3.3080   1.000
   901.000   1060.000    3.1220    3.1220    3.1220    3.1220   1.000
   904.000   1060.000    4.0691    4.0691    4.0691    4.0691   1.000
   907.000   1060.000    3.5610    3.5610    3.5610    3.5610   1.000
   935.000   1060.000    3.7501    3.7501    3.7501    3.7501   1.000
   943.000   1060.000    3.3711    3.3711    3.3711    3.3711   1.000
   949.000   1060.000    2.2182    2.2182    2.2182    2.2182   1.000
   917.000   1061.000    2.6288    2.6288    2.6288    2.6288   1.000
   926.000   1061.000    4.0997    4.0997    4.0997    4.0997   1.000
   909.000   1062.000    3.1292    3.1292    3.1292    3.1292   1.000
   911.000   1062.000    3.0539    3.0539    3.0539    3.0539   1.000
   941.000   1062.000    2.3523    2.3523    2.3523    2.3523   1.000
   947.000   1062.000    3.0696    3.0696    3.0696    3.0696   1.000
   925.000   1063.000    3.5914    3.5914    3.5914    3.5914   1.000
   938.000   1063.000    3.2921    3.2921    3.2921    3.2921   1.000
   902.000   1064.000    2.4301    2.4301    2.4301    2.4301   1.000
   907.000   1064.000    3.8703    3.8703    3.8703    3.8703   1.000
   923.000   1064.000    3.3555    3.3555    3.3555    3.3555   1.000
   935.000   1065.000    3.2736    3.2736    3.2736    3.2736   1.000
   942.000   1065.000    2.0307    2.0307    2.0307    2.0307   1.000
   949.000   1065.000    3.3288    3.3288    3.3288    3.3288   1.000
   914.000   1066.000    2.9454    2.9454    2.9454    2.9454   1.000
   944.000   1066.000    1.3985    1.3985    1.3985    1.3985   1.000
   946.000   1066.000    2.8196    2.8196    2.8196    2.8196   1.000
   905.000   1067.000    3.4204    3.4204    3.4204    3.4204   1.000
   909.000   1067.000    4.2650    4.2650    4.2650    4.2650   1.000
   920.000   1067.000    3.4817    3.4817    3.4817    3.4817   1.000
   935.000   1067.000    3.4355    3.4355    3.4355    3.4355   1.000
   946.000   1068.000    3.6690    3.6690    3.6690    3.6690   1.000
   953.000   1068.000    3.1039    3.1039    3.1039    3.1039   1.000
   955.000   1068.000    1.7889    1.7889    1.7889    1.7889   1.000
   910.000   1069.000    3.7891    3.7891    3.7891    3.7891   1.000
   935.000   1069.000    3.2632    3.2632    3.2632    3.2632   1.000
   906.000   1070.000    3.4518    3.4518    3.4518    3.4518   1.000
   924.000   1070.000    0.8496    0.8496    0.8496    0.8496   1.000
   929.000   1070.000    3.1004    3.1004    3.1004    3.1004   1.000
   948.000   1070.000    3.4780    3.4780    3.4780    3.4780   1.000
   951.000   1070.000    3.1252    3.1252    3.1252    3.1252   1.000
   955.000   1070.000    1.6961    1.6961    1.6961    1.6961   1.000
   920.000   1071.000    3.7671    3.7671    3.7671    3.7671   1.000
   902.000   1072.000    2.9725    2.9725    2.9725    2.9725   1.000
   926.000   1072.000    2.3720    2.3720    2.3720    2.3720   1.000
   938.000   1072.000    3.5942    3.5942    3.5942    3.5942   1.000
   951.000   1072.000    2.7680    2.7680    2.7680    2.7680   1.000
   915.000   1074.000    4.0374    4.0374    4.0374    4.0374   1.000
   918.000   1074.000    4.1671    4.1671    4.1671    4.1671   1.000
   938.000   1074.000    3.6943    3.6943    3.6943    3.6943   1.000
   954.000   1074.000    3.8947    3.8947    3.8947    3.8947   1.000
   912.000   1075.000    3.4368    3.4368    3.4368    3.4368   1.000
   936.000   1075.000    2.0740    2.0740    2.0740    2.0740   1.000
   949.000   1075.000    4.6429    4.6429    4.6429    4.6429   1.000
   908.000   1076.000    2.5110    2.5110    2.5110    2.5110   1.000
   914.000   1076.000    3.3788    3.3788    3.3788    3.3788   1.000
   931.000   1076.000    3.8003    3.8003    3.8003    3.8003   1.000
   952.000   1076.000    3.7592    3.7592    3.7592    3.7592   1.000
   902.000   1077.000    3.0078    3.0078    3.0078    3.0078   1.000
   906.000   1077.000    3.2434    3.2434    3.2434    3.2434   1.000
   908.000   1078.000    4.7552    4.7552    4.7552    4.7552   1.000
   923.000   1078.000    3.8523    3.8523    3.8523    3.8523   1.000
   927.000   1078.000    4.2990    4.2990    4.2990    4.2990   1.000
   941.000   1078.000    2.8143    2.8143    2.8143    2.8143   1.000
   954.000   1078.000    3.7382    3.7382    3.7382    3.7382   1.000
   901.000   1079.000    3.3564    3.3564    3.3564    3.3564   1.000
   911.000   1079.000    2.1720    2.1720    2.1720    2.1720   1.000
   918.000   1079.000    3.7992    3.7992    3.7992    3.7992   1.000
   950.000   1079.000    2.7859    2.7859    2.7859    2.7859   1.000
   915.000   1080.000    3.9477    3.9477    3.9477    3.9477   1.000
   921.000   1080.000    4.3389    4.3389    4.3389    4.3389   1.000
   926.000   1080.000    3.3095    3.3095    3.3095    3.3095   1.000
   940.000   1081.000    2.6805    2.6805    2.6805    2.6805   1.000
   921.000   1082.000    2.8238    2.8238    2.8238    2.8238   1.000
   927.000   1083.000    2.7230    2.7230    2.7230    2.7230   1.000
   935.000   1083.000    3.3485    3.3485    3.3485    3.3485   1.000
   942.000   1083.000    3.8062    3.8062    3.8062    3.8062   1.000
   946.000   1083.000    3.5772    3.5772    3.5772    3.5772   1.000
   954.000   1083.000    3.4219    3.4219    3.4219    3.4219   1.000
   973.000   1028.000    2.7646    2.7646    2.7646    2.7646   1.000
   991.000   1028.000    3.6624    3.6624    3.6624    3.6624   1.000
  1005.000   1028.000    3.8074    3.8074    3.8074    3.8074   1.000
   966.000   1029.000    2.7577    2.7577    2.7577    2.7577   1.000
  1001.000   1029.000    3.7699    3.7699    3.7699    3.7699   1.000
  1013.000   1029.000    3.6769    3.6769    3.6769    3.6769   1.000
   970.000   1030.000    3.1388    3.1388    3.1388    3.1388   1.000
  1006.000   1030.000    3.3564    3.3564    3.3564    3.3564   1.000
  1011.000   1030.000    2.8562    2.8562    2.8562    2.8562   1.000
   978.000   1031.000    2.4196    2.4196    2.4196    2.4196   1.000
   986.000   1031.000    3.7845    3.7845    3.7845    3.7845   1.000
   994.000   1031.000    4.4662    4.4662    4.4662    4.4662   1.000
   965.000   1032.000    2.7418    2.7418    2.7418    2.7418   1.000
   967.000   1032.000    2.8604    2.8604    2.8604    2.8604   1.000
   970.000   1032.000    3.4023    3.4023    3.4023    3.4023   1.000
  1002.000   1032.000    3.3031    3.3031    3.3031    3.3031   1.000
  1009.000   1032.000    3.4250    3.4250    3.4250    3.4250   1.000
  1011.000   1032.000    3.5524    3.5524    3.5524    3.5524   1.000
  1016.000   1032.000    3.4566    3.4566    3.4566    3.4566   1.000
   987.000   1033.000    4.2007    4.2007    4.2007    4.2007   1.000
  1007.000   1033.000    2.8366    2.8366    2.8366    2.8366   1.000
   969.000   1034.000    3.5346    3.5346    3.5346    3.5346   1.000
   984.000   1034.000    4.4806    4.4806    4.4806    4.4806   1.000
   991.000   1034.000    3.0740    3.0740    3.0740    3.0740   1.000
   994.000   1034.000    2.8204    2.8204    2.8204    2.8204   1.000
  1003.000   1034.000    3.8330    3.8330    3.8330    3.8330   1.000
  1013.000   1034.000    3.3762    3.3762    3.3762    3.3762   1.000
   965.000   1035.000    4.0605    4.0605    4.0605    4.0605   1.000
   972.000   1035.000    3.7866    3.7866    3.7866    3.7866   1.000
   989.000   1035.000    2.5184    2.5184    2.5184    2.5184   1.000
  1015.000   1035.000    3.1617    3.1617    3.1617    3.1617   1.000
  1017.000   1035.000    4.0060    4.0060    4.0060    4.0060   1.000
  1019.000   1035.000    2.7571    2.7571    2.7571    2.7571   1.000
   969.000   1036.000    2.5480    2.5480    2.5480    2.5480   1.000
   983.000   1036.000    3.7886    3.7886    3.7886    3.7886   1.000
   965.000   1037.000    2.7411    2.7411    2.7411    2.7411   1.000
   976.000   1037.000    3.6379    3.6379    3.6379    3.6379   1.000
   989.000   1037.000    1.7160    1.7160    1.7160    1.7160   1.000
   967.000   1038.000    3.0799    3.0799    3.0799    3.0799   1.000
   992.000   1038.000    2.4742    2.4742    2.4742    2.4742   1.000
   999.000   1038.000    4.5034    4.5034    4.5034    4.5034   1.000
  1013.000   1038.000    3.6562    3.6562    3.6562    3.6562   1.000
   964.000   1039.000    3.2244    3.2244    3.2244    3.2244   1.000
   971.000   1039.000    4.7041    4.7041    4.7041    4.7041   1.000
   978.000   1039.000    2.4079    2.4079    2.4079    2.4079   1.000
   994.000   1039.000    2.9497    2.9497    2.9497    2.9497   1.000
  1003.000   1039.000    2.8363    2.8363    2.8363    2.8363   1.000
   991.000   1040.000    2.7158    2.7158    2.7158    2.7158   1.000
  1009.000   1040.000    4.0880    4.0880    4.0880    4.0880   1.000
  1016.000   1040.000    2.9208    2.9208    2.9208    2.9208   1.000
   964.000   1041.000    3.4090    3.4090    3.4090    3.4090   1.000
   967.000   1042.000    4.2758    4.2758    4.2758    4.2758   1.000
   978.000   1042.000    2.7637    2.7637    2.7637    2.7637   1.000
   998.000   1042.000    4.8473    4.8473    4.8473    4.8473   1.000
  1003.000   1042.000    3.1365    3.1365    3.1365    3.1365   1.000
  1012.000   1042.000    3.7491    3.7491    3.7491    3.7491   1.000
  1017.000   1042.000    1.8744    1.8744    1.8744    1.8744   1.000
   972.000   1043.000    4.0238    4.0238    4.0238    4.0238   1.000
   982.000   1043.000    3.4323    3.4323    3.4323    3.4323   1.000
   986.000   1043.000    4.4037    4.4037    4.4037    4.4037   1.000
  1006.000   1043.000    3.8880    3.8880    3.8880    3.8880   1.000
   969.000   1044.000    3.4015    3.4015    3.4015    3.4015   1.000
   978.000   1044.000    3.4659    3.4659    3.4659    3.4659   1.000
  1009.000   1044.000    4.3594    4.3594    4.3594    4.3594   1.000
  1014.000   1045.000    4.0131    4.0131    4.0131    4.0131   1.000
  1016.000   1045.000    4.2356    4.2356    4.2356    4.2356   1.000
  1018.000   1045.000    3.0741    3.0741    3.0741    3.0741   1.000
   975.000   1046.000    2.6507    2.6507    2.6507    2.6507   1.000
   991.000   1046.000    3.6752    3.6752    3.6752    3.6752   1.000
   998.000   1046.000    4.4060    4.4060    4.4060    4.4060   1.000
  1000.000   1046.000    4.0785    4.0785    4.0785    4.0785   1.000
   981.000   1047.000    4.7458    4.7458    4.7458    4.7458   1.000
  1004.000   1047.000    3.4756    3.4756    3.4756    3.4756   1.000
   966.000   1048.000    3.5335    3.5335    3.5335    3.5335   1.000
   979.000   1049.000    4.1032    4.1032    4.1032    4.1032   1.000
   993.000   1049.000    4.3574    4.3574    4.3574    4.3574   1.000
  1000.000   1049.000    2.9342    2.9342    2.9342    2.9342   1.000
   971.000   1050.000    4.4624    4.4624    4.4624    4.4624   1.000
   973.000   1050.000    4.1450    4.1450    4.1450    4.1450   1.000
   987.000   1050.000    3.2820    3.2820    3.2820    3.2820   1.000
  1005.000   1050.000    3.3569    3.3569    3.3569    3.3569   1.000
  1011.000   1050.000    4.6297    4.6297    4.6297    4.6297   1.000
  1018.000   1050.000    2.6933    2.6933    2.6933    2.6933   1.000
   975.000   1051.000    4.7977    4.7977    4.7977    4.7977   1.000
   989.000   1051.000    3.2770    3.2770    3.2770    3.2770   1.000
   968.000   1052.000    3.6446    3.6446    3.6446    3.6446   1.000
   978.000   1052.000    3.3068    3.3068    3.3068    3.3068   1.000
   999.000   1052.000    3.6482    3.6482    3.6482    3.6482   1.000
  1003.000   1052.000    3.2453    3.2453    3.2453    3.2453   1.000
  1008.000   1052.000    3.1268    3.1268    3.1268    3.1268   1.000
  1017.000   1052.000    3.0141    3.0141    3.0141    3.0141   1.000
   964.000   1053.000    3.8692    3.8692    3.8692    3.8692   1.000
   970.000   1053.000    3.5424    3.5424    3.5424    3.5424   1.000
   991.000   1053.000    3.1154    3.1154    3.1154    3.1154   1.000
   980.000   1054.000    3.5560    3.5560    3.5560    3.5560   1.000
  1001.000   1054.000    3.9520    3.9520    3.9520    3.9520   1.000
  1013.000   1054.000    4.6883    4.6883    4.6883    4.6883   1.000
   974.000   1055.000    2.7149    2.7149    2.7149    2.7149   1.000
  1003.000   1055.000    2.5428    2.5428    2.5428    2.5428   1.000
   977.000   1056.000    4.1801    4.1801    4.1801    4.1801   1.000
   995.000   1056.000    3.2454    3.2454    3.2454    3.2454   1.000
  1010.000   1056.000    3.6685    3.6685    3.6685    3.6685   1.000
  1019.000   1056.000    2.8614    2.8614    2.8614    2.8614   1.000
   973.000   1057.000    2.4181    2.4181    2.4181    2.4181   1.000
   981.000   1057.000    3.6846    3.6846    3.6846    3.6846   1.000
  1006.000   1057.000    4.0331    4.0331    4.0331    4.0331   1.000
   967.000   1058.000    4.3694    4.3694    4.3694    4.3694   1.000
   991.000   1058.000    3.7318    3.7318    3.7318    3.7318   1.000
   969.000   1059.000    3.3300    3.3300    3.3300    3.3300   1.000
  1012.000   1059.000    3.4102    3.4102    3.4102    3.4102   1.000
   998.000   1060.000    1.1637    1.1637    1.1637    1.1637   1.000
   972.000   1061.000    3.0822    3.0822    3.0822    3.0822   1.000
   978.000   1061.000    4.5189    4.5189    4.5189    4.5189   1.000
   981.000   1061.000    4.0018    4.0018    4.0018    4.0018   1.000
   986.000   1061.000    4.5544    4.5544    4.5544    4.5544   1.000
   992.000   1061.000    4.6438    4.6438    4.6438    4.6438   1.000
  1002.000   1061.000    4.3860    4.3860    4.3860    4.3860   1.000
  1019.000   1061.000    3.6346    3.6346    3.6346    3.6346   1.000
   965.000   1062.000    3.2887    3.2887    3.2887    3.2887   1.000
  1016.000   1062.000    3.8271    3.8271    3.8271    3.8271   1.000
   972.000   1063.000    3.0442    3.0442    3.0442    3.0442   1.000
   974.000   1063.000    3.1457    3.1457    3.1457    3.1457   1.000
   997.000   1063.000    4.8627    4.8627    4.8627    4.8627   1.000
   978.000   1064.000    3.5079    3.5079    3.5079    3.5079   1.000
   999.000   1064.000    3.1824    3.1824    3.1824    3.1824   1.000
   982.000   1065.000    3.9162    3.9162    3.9162    3.9162   1.000
  1010.000   1065.000    4.1112    4.1112    4.1112    4.1112   1.000
   967.000   1066.000    4.1345    4.1345    4.1345    4.1345   1.000
   971.000   1066.000    3.4781    3.4781    3.4781    3.4781   1.000
   973.000   1066.000    4.1277    4.1277    4.1277    4.1277   1.000
   975.000   1066.000    3.8359    3.8359    3.8359    3.8359   1.000
   993.000   1066.000    3.7560    3.7560    3.7560    3.7560   1.000
   998.000   1066.000    3.5528    3.5528    3.5528    3.5528   1.000
  1001.000   1066.000    3.0135    3.0135    3.0135    3.0135   1.000
  1016.000   1066.000    3.9991    3.9991    3.9991    3.9991   1.000
  1011.000   1067.000    2.8707    2.8707    2.8707    2.8707   1.000
  1019.000   1067.000    0.0303    0.0303    0.0303    0.0303   1.000
   982.000   1068.000    2.1146    2.1146    2.1146    2.1146   1.000
   972.000   1069.000    2.9360    2.9360    2.9360    2.9360   1.000
  1002.000   1069.000    3.5205    3.5205    3.5205    3.5205   1.000
   994.000   1070.000    4.1466    4.1466    4.1466    4.1466   1.000
   999.000   1070.000    3.6974    3.6974    3.6974    3.6974   1.000
  1017.000   1070.000    4.3768    4.3768    4.3768    4.3768   1.000
   983.000   1071.000    3.9422    3.9422    3.9422    3.9422   1.000
   985.000   1071.000    3.0475    3.0475    3.0475    3.0475   1.000
   990.000   1071.000    3.6322    3.6322    3.6322    3.6322   1.000
   992.000   1071.000    3.4494    3.4494    3.4494    3.4494   1.000
  1015.000   1072.000    2.6131    2.6131    2.6131    2.6131   1.000
   965.000   1073.000    2.9353    2.9353    2.9353    2.9353   1.000
   999.000   1073.000    4.4781    4.4781    4.4781    4.4781   1.000
   970.000   1074.000    3.5963    3.5963    3.5963    3.5963   1.000
   994.000   1074.000    3.1089    3.1089    3.1089    3.1089   1.000
  1003.000   1074.000    3.7744    3.7744    3.7744    3.7744   1.000
  1011.000   1074.000    3.7488    3.7488    3.7488    3.7488   1.000
  1013.000   1074.000    4.2550    4.2550    4.2550    4.2550   1.000
   965.000   1075.000    3.2197    3.2197    3.2197    3.2197   1.000
   999.000   1075.000    3.5597    3.5597    3.5597    3.5597   1.000
  1006.000   1075.000    2.3129    2.3129    2.3129    2.3129   1.000
   992.000   1076.000    3.5554    3.5554    3.5554    3.5554   1.000
  1009.000   1076.000    2.3895    2.3895    2.3895    2.3895   1.000
  1018.000   1076.000    3.1584    3.1584    3.1584    3.1584   1.000
  1000.000   1077.000    2.2542    2.2542    2.2542    2.2542   1.000
   976.000   1078.000    3.7271    3.7271    3.7271    3.7271   1.000
   985.000   1078.000    3.1592    3.1592    3.1592    3.1592   1.000
   969.000   1079.000    3.7911    3.7911    3.7911    3.7911   1.000
  1007.000   1079.000    2.8355    2.8355    2.8355    2.8355   1.000
   981.000   1080.000    0.0300    0.0300    0.0300    0.0300   1.000
   990.000   1080.000    3.7525    3.7525    3.7525    3.7525   1.000
   999.000   1080.000    2.8951    2.8951    2.8951    2.8951   1.000
  1010.000   1080.000    3.3911    3.3911    3.3911    3.3911   1.000
  1004.000   1081.000   -0.6476   -0.6476   -0.6476   -0.6476   1.000
   987.000   1082.000    3.6398    3.6398    3.6398    3.6398   1.000
   996.000   1082.000    2.8210    2.8210    2.8210    2.8210   1.000
  1000.000   1082.000    2.9253    2.9253    2.9253    2.9253   1.000
  1015.000   1082.000    3.6049    3.6049    3.6049    3.6049   1.000
  1018.000   1082.000    3.3901    3.3901    3.3901    3.3901   1.000
  1007.000   1083.000    1.8518    1.8518    1.8518    1.8518   1.000
  1013.000   1083.000    4.0641    4.0641    4.0641    4.0641   1.000
  1042.000   1028.000    2.9728    2.9728    2.9728    2.9728   1.000
  1045.000   1028.000    2.7696    2.7696    2.7696    2.7696   1.000
  1055.000   1028.000    4.1170    4.1170    4.1170    4.1170   1.000
  1065.000   1028.000    5.5924    5.5924    5.5924    5.5924   1.000
  1071.000   1028.000    4.5296    4.5296    4.5296    4.5296   1.000
  1078.000   1028.000    3.8520    3.8520    3.8520    3.8520   1.000
  1080.000   1028.000    3.9340    3.9340    3.9340    3.9340   1.000
  1083.000   1028.000    3.1025    3.1025    3.1025    3.1025   1.000
  1032.000   1029.000    4.2105    4.2105    4.2105    4.2105   1.000
  1037.000   1029.000    0.5992    0.5992    0.5992    0.5992   1.000
  1074.000   1029.000    4.4351    4.4351    4.4351    4.4351   1.000
  1034.000   1030.000    4.4711    4.4711    4.4711    4.4711   1.000
  1050.000   1030.000    3.4983    3.4983    3.4983    3.4983   1.000
  1067.000   1030.000    3.7269    3.7269    3.7269    3.7269   1.000
  1072.000   1030.000    2.6730    2.6730    2.6730    2.6730   1.000
  1039.000   1031.000    3.7152    3.7152    3.7152    3.7152   1.000
  1055.000   1031.000    3.3712    3.3712    3.3712    3.3712   1.000
  1075.000   1031.000    3.8514    3.8514    3.8514    3.8514   1.000
  1079.000   1031.000    3.2135    3.2135    3.2135    3.2135   1.000
  1035.000   1032.000    2.8264    2.8264    2.8264    2.8264   1.000
  1048.000   1032.000    4.1212    4.1212    4.1212    4.1212   1.000
  1077.000   1032.000    3.3448    3.3448    3.3448    3.3448   1.000
  1039.000   1033.000    2.9042    2.9042    2.9042    2.9042   1.000
  1043.000   1033.000    3.9882    3.9882    3.9882    3.9882   1.000
  1071.000   1033.000    3.3887    3.3887    3.3887    3.3887   1.000
  1075.000   1033.000    3.6166    3.6166    3.6166    3.6166   1.000
  1036.000   1034.000    3.4137    3.4137    3.4137    3.4137   1.000
  1033.000   1035.000    3.4656    3.4656    3.4656    3.4656   1.000
  1053.000   1035.000    3.5062    3.5062    3.5062    3.5062   1.000
  1063.000   1035.000    3.0307    3.0307    3.0307    3.0307   1.000
  1067.000   1035.000    2.9659    2.9659    2.9659    2.9659   1.000
  1072.000   1035.000    2.0819    2.0819    2.0819    2.0819   1.000
  1080.000   1035.000    3.4447    3.4447    3.4447    3.4447   1.000
  1029.000   1036.000    6.4567    6.4567    6.4567    6.4567   1.000
  1046.000   1036.000    3.3503    3.3503    3.3503    3.3503   1.000
  1060.000   1036.000    2.5843    2.5843    2.5843    2.5843   1.000
  1077.000   1036.000    3.9302    3.9302    3.9302    3.9302   1.000
  1037.000   1037.000    4.2863    4.2863    4.2863    4.2863   1.000
  1039.000   1037.000    2.9690    2.9690    2.9690    2.9690   1.000
  1049.000   1038.000    2.7881    2.7881    2.7881    2.7881   1.000
  1057.000   1038.000    1.1716    1.1716    1.1716    1.1716   1.000
  1060.000   1038.000    3.9695    3.9695    3.9695    3.9695   1.000
  1065.000   1038.000    2.9694    2.9694    2.9694    2.9694   1.000
  1074.000   1038.000    3.3569    3.3569    3.3569    3.3569   1.000
  1029.000   1039.000    4.0985    4.0985    4.0985    4.0985   1.000
  1042.000   1039.000    3.9757    3.9757    3.9757    3.9757   1.000
  1070.000   1039.000    0.8407    0.8407    0.8407    0.8407   1.000
  1062.000   1040.000    2.2734    2.2734    2.2734    2.2734   1.000
  1048.000   1041.000    1.4914    1.4914    1.4914    1.4914   1.000
  1059.000   1041.000    2.8388    2.8388    2.8388    2.8388   1.000
  1068.000   1041.000    3.5548    3.5548    3.5548    3.5548   1.000
  1033.000   1042.000    2.7351    2.7351    2.7351    2.7351   1.000
  1035.000   1042.000    3.0206    3.0206    3.0206    3.0206   1.000
  1039.000   1042.000    4.0426    4.0426    4.0426    4.0426   1.000
  1045.000   1042.000    3.3256    3.3256    3.3256    3.3256   1.000
  1052.000   1042.000    3.5650    3.5650    3.5650    3.5650   1.000
  1062.000   1042.000    3.1316    3.1316    3.1316    3.1316   1.000
  1073.000   1042.000    3.1875    3.1875    3.1875    3.1875   1.000
  1047.000   1043.000    2.0124    2.0124    2.0124    2.0124   1.000
  1070.000   1043.000    2.2349    2.2349    2.2349    2.2349   1.000
  1043.000   1044.000    2.9071    2.9071    2.9071    2.9071   1.000
  1036.000   1045.000    3.3811    3.3811    3.3811    3.3811   1.000
  1038.000   1045.000    3.5665    3.5665    3.5665    3.5665   1.000
  1062.000   1045.000    3.2023    3.2023    3.2023    3.2023   1.000
  1075.000   1045.000    3.0061    3.0061    3.0061    3.0061   1.000
  1048.000   1046.000    3.9428    3.9428    3.9428    3.9428   1.000
  1050.000   1046.000    4.7408    4.7408    4.7408    4.7408   1.000
  1039.000   1047.000    4.3289    4.3289    4.3289    4.3289   1.000
  1063.000   1047.000    3.3607    3.3607    3.3607    3.3607   1.000
  1072.000   1047.000    3.3022    3.3022    3.3022    3.3022   1.000
  1058.000   1048.000    2.1025    2.1025    2.1025    2.1025   1.000
  1075.000   1048.000    2.9991    2.9991    2.9991    2.9991   1.000
  1036.000   1049.000    2.8566    2.8566    2.8566    2.8566   1.000
  1068.000   1049.000    3.3479    3.3479    3.3479    3.3479   1.000
  1030.000   1050.000    3.1430    3.1430    3.1430    3.1430   1.000
  1061.000   1050.000    3.6469    3.6469    3.6469    3.6469   1.000
  1063.000   1050.000    3.3664    3.3664    3.3664    3.3664   1.000
  1075.000   1050.000    4.6495    4.6495    4.6495    4.6495   1.000
  1028.000   1051.000    2.2691    2.2691    2.2691    2.2691   1.000
  1034.000   1051.000    2.8508    2.8508    2.8508    2.8508   1.000
  1066.000   1051.000    4.3565    4.3565    4.3565    4.3565   1.000
  1071.000   1051.000    3.3257    3.3257    3.3257    3.3257   1.000
  1037.000   1052.000    4.0762    4.0762    4.0762    4.0762   1.000
  1048.000   1052.000    4.7407    4.7407    4.7407    4.7407   1.000
  1052.000   1052.000    0.6664    0.6664    0.6664    0.6664   1.000
  1061.000   1052.000    5.3095    5.3095    5.3095    5.3095   1.000
  1046.000   1053.000    3.6676    3.6676    3.6676    3.6676   1.000
  1054.000   1053.000    2.8052    2.8052    2.8052    2.8052   1.000
  1075.000   1053.000    3.4163    3.4163    3.4163    3.4163   1.000
  1081.000   1053.000    3.7783    3.7783    3.7783    3.7783   1.000
  1083.000   1053.000    3.0040    3.0040    3.0040    3.0040   1.000
  1031.000   1054.000    3.9041    3.9041    3.9041    3.9041   1.000
  1038.000   1054.000    3.5257    3.5257    3.5257    3.5257   1.000
  1040.000   1054.000    3.5339    3.5339    3.5339    3.5339   1.000
  1043.000   1054.000    4.5245    4.5245    4.5245    4.5245   1.000
  1051.000   1054.000    2.7811    2.7811    2.7811    2.7811   1.000
  1070.000   1054.000    3.3817    3.3817    3.3817    3.3817   1.000
  1072.000   1054.000    4.3428    4.3428    4.3428    4.3428   1.000
  1055.000   1055.000    2.9472    2.9472    2.9472    2.9472   1.000
  1063.000   1055.000    2.2021    2.2021    2.2021    2.2021   1.000
  1028.000   1056.000    2.8847    2.8847    2.8847    2.8847   1.000
  1033.000   1056.000    4.2834    4.2834    4.2834    4.2834   1.000
  1038.000   1056.000    3.7523    3.7523    3.7523    3.7523   1.000
  1040.000   1056.000    3.0317    3.0317    3.0317    3.0317   1.000
  1048.000   1056.000    3.7235    3.7235    3.7235    3.7235   1.000
  1068.000   1056.000    4.1799    4.1799    4.1799    4.1799   1.000
  1080.000   1056.000    2.6788    2.6788    2.6788    2.6788   1.000
  1053.000   1057.000    2.7239    2.7239    2.7239    2.7239   1.000
  1057.000   1057.000    2.5331    2.5331    2.5331    2.5331   1.000
  1073.000   1057.000    3.3939    3.3939    3.3939    3.3939   1.000
  1048.000   1058.000    3.4190    3.4190    3.4190    3.4190   1.000
  1068.000   1058.000    4.0006    4.0006    4.0006    4.0006   1.000
  1076.000   1058.000    3.8824    3.8824    3.8824    3.8824   1.000
  1078.000   1058.000    3.5636    3.5636    3.5636    3.5636   1.000
  1028.000   1059.000    4.4004    4.4004    4.4004    4.4004   1.000
  1038.000   1059.000    3.7674    3.7674    3.7674    3.7674   1.000
  1052.000   1059.000    3.1748    3.1748    3.1748    3.1748   1.000
  1048.000   1060.000    3.4852    3.4852    3.4852    3.4852   1.000
  1072.000   1060.000    3.6112    3.6112    3.6112    3.6112   1.000
  1050.000   1061.000    3.7067    3.7067    3.7067    3.7067   1.000
  1052.000   1061.000    3.9248    3.9248    3.9248    3.9248   1.000
  1070.000   1061.000    3.6419    3.6419    3.6419    3.6419   1.000
  1079.000   1061.000    2.4755    2.4755    2.4755    2.4755   1.000
  1035.000   1062.000    4.3489    4.3489    4.3489    4.3489   1.000
  1042.000   1062.000    2.0937    2.0937    2.0937    2.0937   1.000
  1054.000   1062.000    0.2820    0.2820    0.2820    0.2820   1.000
  1058.000   1062.000    3.2470    3.2470    3.2470    3.2470   1.000
  1060.000   1062.000    4.3539    4.3539    4.3539    4.3539   1.000
  1033.000   1063.000    4.6056    4.6056    4.6056    4.6056   1.000
  1046.000   1063.000    2.6413    2.6413    2.6413    2.6413   1.000
  1052.000   1063.000    2.8838    2.8838    2.8838    2.8838   1.000
  1075.000   1063.000    4.1155    4.1155    4.1155    4.1155   1.000
  1079.000   1063.000    2.9426    2.9426    2.9426    2.9426   1.000
  1029.000   1064.000    4.4684    4.4684    4.4684    4.4684   1.000
  1050.000   1064.000    3.0425    3.0425    3.0425    3.0425   1.000
  1062.000   1064.000    3.3961    3.3961    3.3961    3.3961   1.000
  1070.000   1064.000    2.8464    2.8464    2.8464    2.8464   1.000
  1082.000   1064.000    1.4704    1.4704    1.4704    1.4704   1.000
  1046.000   1065.000    2.6841    2.6841    2.6841    2.6841   1.000
  1057.000   1065.000    5.8649    5.8649    5.8649    5.8649   1.000
  1059.000   1065.000    3.0021    3.0021    3.0021    3.0021   1.000
  1068.000   1065.000    3.7409    3.7409    3.7409    3.7409   1.000
  1030.000   1066.000    3.9777    3.9777    3.9777    3.9777   1.000
  1050.000   1066.000    3.9756    3.9756    3.9756    3.9756   1.000
  1078.000   1066.000    1.9023    1.9023    1.9023    1.9023   1.000
  1081.000   1066.000    1.6965    1.6965    1.6965    1.6965   1.000
  1083.000   1066.000    3.6651    3.6651    3.6651    3.6651   1.000
  1036.000   1067.000    4.0330    4.0330    4.0330    4.0330   1.000
  1041.000   1067.000    2.3505    2.3505    2.3505    2.3505   1.000
  1029.000   1068.000    3.8250    3.8250    3.8250    3.8250   1.000
  1045.000   1068.000   -0.2114   -0.2114   -0.2114   -0.2114   1.000
  1049.000   1068.000    3.6520    3.6520    3.6520    3.6520   1.000
  1038.000   1069.000    2.9832    2.9832    2.9832    2.9832   1.000
  1040.000   1069.000    3.7752    3.7752    3.7752    3.7752   1.000
  1071.000   1069.000    3.5181    3.5181    3.5181    3.5181   1.000
  1082.000   1069.000    3.8111    3.8111    3.8111    3.8111   1.000
  1031.000   1070.000    3.2753    3.2753    3.2753    3.2753   1.000
  1033.000   1070.000    3.3636    3.3636    3.3636    3.3636   1.000
  1048.000   1070.000    2.6072    2.6072    2.6072    2.6072   1.000
  1062.000   1070.000    3.4278    3.4278    3.4278    3.4278   1.000
  1073.000   1070.000    4.2459    4.2459    4.2459    4.2459   1.000
  1037.000   1071.000    3.4925    3.4925    3.4925    3.4925   1.000
  1081.000   1071.000    3.9676    3.9676    3.9676    3.9676   1.000
  1035.000   1072.000    1.1564    1.1564    1.1564    1.1564   1.000
  1041.000   1072.000    2.5048    2.5048    2.5048    2.5048   1.000
  1060.000   1072.000    1.1597    1.1597    1.1597    1.1597   1.000
  1070.000   1072.000    3.8051    3.8051    3.8051    3.8051   1.000
  1074.000   1072.000    3.2852    3.2852    3.2852    3.2852   1.000
  1076.000   1072.000    4.2702    4.2702    4.2702    4.2702   1.000
  1078.000   1072.000    4.0814    4.0814    4.0814    4.0814   1.000
  1045.000   1073.000    1.4986    1.4986    1.4986    1.4986   1.000
  1047.000   1073.000    2.1403    2.1403    2.1403    2.1403   1.000
  1053.000   1073.000    4.0470    4.0470    4.0470    4.0470   1.000
  1028.000   1074.000    3.8478    3.8478    3.8478    3.8478   1.000
  1057.000   1074.000    3.0386    3.0386    3.0386    3.0386   1.000
  1032.000   1075.000   -0.1087   -0.1087   -0.1087   -0.1087   1.000
  1035.000   1075.000    0.2188    0.2188    0.2188    0.2188   1.000
  1045.000   1075.000   -0.2626   -0.2626   -0.2626   -0.2626   1.000
  1061.000   1075.000    2.4590    2.4590    2.4590    2.4590   1.000
  1063.000   1075.000    4.0715    4.0715    4.0715    4.0715   1.000
  1050.000   1076.000    3.6973    3.6973    3.6973    3.6973   1.000
  1066.000   1076.000    3.5731    3.5731    3.5731    3.5731   1.000
  1081.000   1076.000    3.4698    3.4698    3.4698    3.4698   1.000
  1041.000   1077.000    2.4188    2.4188    2.4188    2.4188   1.000
  1071.000   1077.000    1.4798    1.4798    1.4798    1.4798   1.000
  1076.000   1077.000    2.4416    2.4416    2.4416    2.4416   1.000
  1031.000   1078.000    1.1492    1.1492    1.1492    1.1492   1.000
  1034.000   1078.000    1.6088    1.6088    1.6088    1.6088   1.000
  1038.000   1078.000    2.8389    2.8389    2.8389    2.8389   1.000
  1048.000   1078.000    3.0283    3.0283    3.0283    3.0283   1.000
  1056.000   1078.000    3.6550    3.6550    3.6550    3.6550   1.000
  1060.000   1078.000    3.9556    3.9556    3.9556    3.9556   1.000
  1082.000   1078.000    2.6436    2.6436    2.6436    2.6436   1.000
  1064.000   1079.000    4.3482    4.3482    4.3482    4.3482   1.000
  1080.000   1079.000    4.6294    4.6294    4.6294    4.6294   1.000
  1030.000   1080.000   -0.0757   -0.0757   -0.0757   -0.0757   1.000
  1034.000   1080.000    2.5973    2.5973    2.5973    2.5973   1.000
  1071.000   1080.000    3.2319    3.2319    3.2319    3.2319   1.000
  1073.000   1080.000    3.6716    3.6716    3.6716    3.6716   1.000
  1082.000   1080.000    3.8590    3.8590    3.8590    3.8590   1.000
  1042.000   1081.000    3.4248    3.4248    3.4248    3.4248   1.000
  1039.000   1082.000    3.5293    3.5293    3.5293    3.5293   1.000
  1061.000   1082.000    4.0816    4.0816    4.0816    4.0816   1.000
  1035.000   1083.000    4.3482    4.3482    4.3482    4.3482   1.000
  1053.000   1083.000    3.4744    3.4744    3.4744    3.4744   1.000
  1055.000   1083.000    3.9658    3.9658    3.9658    3.9658   1.000
  1057.000   1083.000    3.6142    3.6142    3.6142    3.6142   1.000
  1063.000   1083.000    3.9132    3.9132    3.9132    3.9132   1.000
  1068.000   1083.000    3.0261    3.0261    3.0261    3.0261   1.000
  1079.000   1083.000    2.4771    2.4771    2.4771    2.4771   1.000
  1082.000   1083.000   -0.0163   -0.0163   -0.0163   -0.0163   1.000
  1112.000   1028.000    4.0613    4.0613    4.0613    4.0613   1.000
  1117.000   1028.000    2.1037    2.1037    2.1037    2.1037   1.000
  1124.000   1028.000    3.1386    3.1386    3.1386    3.1386   1.000
  1139.000   1028.000    3.3856    3.3856    3.3856    3.3856   1.000
  1105.000   1029.000    3.8235    3.8235    3.8235    3.8235   1.000
  1119.000   1029.000    3.1019    3.1019    3.1019    3.1019   1.000
  1131.000   1029.000    2.1787    2.1787    2.1787    2.1787   1.000
  1145.000   1029.000    0.9075    0.9075    0.9075    0.9075   1.000
  1102.000   1030.000    3.8080    3.8080    3.8080    3.8080   1.000
  1124.000   1030.000    2.8910    2.8910    2.8910    2.8910   1.000
  1129.000   1030.000    2.9435    2.9435    2.9435    2.9435   1.000
  1141.000   1030.000    2.7446    2.7446    2.7446    2.7446   1.000
  1105.000   1031.000    2.8331    2.8331    2.8331    2.8331   1.000
  1114.000   1031.000    4.3314    4.3314    4.3314    4.3314   1.000
  1127.000   1031.000    3.3623    3.3623    3.3623    3.3623   1.000
  1110.000   1032.000    3.7281    3.7281    3.7281    3.7281   1.000
  1140.000   1032.000    2.0995    2.0995    2.0995    2.0995   1.000
  1147.000   1032.000    3.2671    3.2671    3.2671    3.2671   1.000
  1093.000   1033.000    3.5593    3.5593    3.5593    3.5593   1.000
  1133.000   1033.000    4.2383    4.2383    4.2383    4.2383   1.000
  1120.000   1034.000    2.6911    2.6911    2.6911    2.6911   1.000
  1128.000   1034.000    2.2343    2.2343    2.2343    2.2343   1.000
  1138.000   1034.000    3.5302    3.5302    3.5302    3.5302   1.000
  1146.000   1034.000    3.2744    3.2744    3.2744    3.2744   1.000
  1125.000   1035.000    2.1128    2.1128    2.1128    2.1128   1.000
  1142.000   1035.000   -0.4643   -0.4643   -0.4643   -0.4643   1.000
  1106.000   1036.000    4.1170    4.1170    4.1170    4.1170   1.000
  1108.000   1036.000    3.0850    3.0850    3.0850    3.0850   1.000
  1112.000   1036.000    2.4708    2.4708    2.4708    2.4708   1.000
  1123.000   1036.000   -0.1945   -0.1945   -0.1945   -0.1945   1.000
  1128.000   1036.000    2.1168    2.1168    2.1168    2.1168   1.000
  1145.000   1036.000    2.0143    2.0143    2.0143    2.0143   1.000
  1092.000   1038.000    0.8627    0.8627    0.8627    0.8627   1.000
  1103.000   1038.000    2.4068    2.4068    2.4068    2.4068   1.000
  1127.000   1038.000    1.7331    1.7331    1.7331    1.7331   1.000
  1138.000   1038.000    3.2546    3.2546    3.2546    3.2546   1.000
  1097.000   1039.000    2.9262    2.9262    2.9262    2.9262   1.000
  1109.000   1039.000    3.6887    3.6887    3.6887    3.6887   1.000
  1120.000   1039.000    0.6949    0.6949    0.6949    0.6949   1.000
  1143.000   1039.000    3.0691    3.0691    3.0691    3.0691   1.000
  1104.000   1040.000    2.6673    2.6673    2.6673    2.6673   1.000
  1123.000   1040.000    2.6053    2.6053    2.6053    2.6053   1.000
  1138.000   1040.000    3.0193    3.0193    3.0193    3.0193   1.000
  1134.000   1041.000    2.4278    2.4278    2.4278    2.4278   1.000
  1093.000   1042.000    1.9624    1.9624    1.9624    1.9624   1.000
  1095.000   1042.000    3.2394    3.2394    3.2394    3.2394   1.000
  1107.000   1042.000    4.1037    4.1037    4.1037    4.1037   1.000
  1136.000   1042.000    3.2084    3.2084    3.2084    3.2084   1.000
  1138.000   1042.000    3.7728    3.7728    3.7728    3.7728   1.000
  1144.000   1042.000    3.2367    3.2367    3.2367    3.2367   1.000
  1097.000   1044.000    4.3156    4.3156    4.3156    4.3156   1.000
  1107.000   1044.000    2.9037    2.9037    2.9037    2.9037   1.000
  1113.000   1044.000    1.1988    1.1988    1.1988    1.1988   1.000
  1121.000   1044.000    3.0764    3.0764    3.0764    3.0764   1.000
  1138.000   1044.000    2.8589    2.8589    2.8589    2.8589   1.000
  1092.000   1045.000    3.5904    3.5904    3.5904    3.5904   1.000
  1104.000   1045.000    2.7888    2.7888    2.7888    2.7888   1.000
  1144.000   1046.000    3.0803    3.0803    3.0803    3.0803   1.000
  1147.000   1046.000    3.2126    3.2126    3.2126    3.2126   1.000
  1092.000   1047.000    3.6865    3.6865    3.6865    3.6865   1.000
  1097.000   1047.000    3.5839    3.5839    3.5839    3.5839   1.000
  1104.000   1047.000    3.4141    3.4141    3.4141    3.4141   1.000
  1121.000   1047.000    1.7249    1.7249    1.7249    1.7249   1.000
  1132.000   1047.000    3.6884    3.6884    3.6884    3.6884   1.000
  1124.000   1048.000    3.0139    3.0139    3.0139    3.0139   1.000
  1127.000   1048.000    3.3266    3.3266    3.3266    3.3266   1.000
  1135.000   1048.000    3.4025    3.4025    3.4025    3.4025   1.000
  1140.000   1048.000    4.3121    4.3121    4.3121    4.3121   1.000
  1143.000   1048.000    4.1854    4.1854    4.1854    4.1854   1.000
  1092.000   1049.000    3.7618    3.7618    3.7618    3.7618   1.000
  1106.000   1049.000    2.0717    2.0717    2.0717    2.0717   1.000
  1116.000   1049.000    2.8055    2.8055    2.8055    2.8055   1.000
  1100.000   1050.000    3.1761    3.1761    3.1761    3.1761   1.000
  1103.000   1050.000   -0.0043   -0.0043   -0.0043   -0.0043   1.000
  1110.000   1050.000    2.8112    2.8112    2.8112    2.8112   1.000
  1118.000   1050.000    1.9970    1.9970    1.9970    1.9970   1.000
  1130.000   1050.000    2.7793    2.7793    2.7793    2.7793   1.000
  1132.000   1050.000    2.9916    2.9916    2.9916    2.9916   1.000
  1139.000   1050.000    3.4904    3.4904    3.4904    3.4904   1.000
  1142.000   1050.000    3.4829    3.4829    3.4829    3.4829   1.000
  1147.000   1050.000    2.3683    2.3683    2.3683    2.3683   1.000
  1093.000   1052.000    2.9813    2.9813    2.9813    2.9813   1.000
  1100.000   1052.000    3.7067    3.7067    3.7067    3.7067   1.000
  1107.000   1052.000    3.4814    3.4814    3.4814    3.4814   1.000
  1110.000   1052.000    3.2408    3.2408    3.2408    3.2408   1.000
  1112.000   1052.000    3.4486    3.4486    3.4486    3.4486   1.000
  1128.000   1052.000    1.6593    1.6593    1.6593    1.6593   1.000
  1146.000   1052.000    2.4959    2.4959    2.4959    2.4959   1.000
  1104.000   1053.000    0.8804    0.8804    0.8804    0.8804   1.000
  1136.000   1053.000    3.6177    3.6177    3.6177    3.6177   1.000
  1093.000   1054.000    3.9396    3.9396    3.9396    3.9396   1.000
  1099.000   1054.000    3.2037    3.2037    3.2037    3.2037   1.000
  1108.000   1054.000    3.0645    3.0645    3.0645    3.0645   1.000
  1118.000   1054.000    4.2905    4.2905    4.2905    4.2905   1.000
  1132.000   1054.000    2.3532    2.3532    2.3532    2.3532   1.000
  1134.000   1054.000    2.9754    2.9754    2.9754    2.9754   1.000
  1096.000   1055.000    2.7429    2.7429    2.7429    2.7429   1.000
  1129.000   1055.000    0.1229    0.1229    0.1229    0.1229   1.000
  1137.000   1055.000    2.9179    2.9179    2.9179    2.9179   1.000
  1105.000   1056.000    3.5553    3.5553    3.5553    3.5553   1.000
  1111.000   1056.000    3.4741    3.4741    3.4741    3.4741   1.000
  1134.000   1057.000    3.4463    3.4463    3.4463    3.4463   1.000
  1139.000   1057.000    3.7165    3.7165    3.7165    3.7165   1.000
  1101.000   1058.000    0.7888    0.7888    0.7888    0.7888   1.000
  1093.000   1059.000    2.4938    2.4938    2.4938    2.4938   1.000
  1097.000   1059.000    2.8789    2.8789    2.8789    2.8789   1.000
  1117.000   1059.000    2.7524    2.7524    2.7524    2.7524   1.000
  1129.000   1059.000    2.9426    2.9426    2.9426    2.9426   1.000
  1132.000   1059.000    3.9992    3.9992    3.9992    3.9992   1.000
  1100.000   1060.000    0.6400    0.6400    0.6400    0.6400   1.000
  1112.000   1060.000    3.4850    3.4850    3.4850    3.4850   1.000
  1120.000   1060.000    2.6178    2.6178    2.6178    2.6178   1.000
  1125.000   1060.000    2.7312    2.7312    2.7312    2.7312   1.000
  1137.000   1060.000    3.4742    3.4742    3.4742    3.4742   1.000
  1139.000   1060.000    3.6928    3.6928    3.6928    3.6928   1.000
  1145.000   1060.000    3.4286    3.4286    3.4286    3.4286   1.000
  1147.000   1061.000    3.4432    3.4432    3.4432    3.4432   1.000
  1115.000   1062.000    0.8777    0.8777    0.8777    0.8777   1.000
  1128.000   1062.000    2.6433    2.6433    2.6433    2.6433   1.000
  1118.000   1063.000    3.5484    3.5484    3.5484    3.5484   1.000
  1144.000   1063.000    3.2429    3.2429    3.2429    3.2429   1.000
  1135.000   1064.000    3.4962    3.4962    3.4962    3.4962   1.000
  1099.000   1065.000    3.4710    3.4710    3.4710    3.4710   1.000
  1101.000   1065.000    3.0732    3.0732    3.0732    3.0732   1.000
  1103.000   1065.000    3.2349    3.2349    3.2349    3.2349   1.000
  1124.000   1065.000    3.3435    3.3435    3.3435    3.3435   1.000
  1138.000   1065.000    2.4184    2.4184    2.4184    2.4184   1.000
  1097.000   1066.000    2.4275    2.4275    2.4275    2.4275   1.000
  1115.000   1066.000    1.3736    1.3736    1.3736    1.3736   1.000
  1133.000   1066.000    2.8051    2.8051    2.8051    2.8051   1.000
  1142.000   1066.000    2.7674    2.7674    2.7674    2.7674   1.000
  1099.000   1067.000    2.2985    2.2985    2.2985    2.2985   1.000
  1126.000   1067.000    2.7786    2.7786    2.7786    2.7786   1.000
  1114.000   1068.000    2.2613    2.2613    2.2613    2.2613   1.000
  1123.000   1068.000    3.4362    3.4362    3.4362    3.4362   1.000
  1132.000   1068.000    2.4296    2.4296    2.4296    2.4296   1.000
  1139.000   1068.000    3.7369    3.7369    3.7369    3.7369   1.000
  1141.000   1068.000    3.8794    3.8794    3.8794    3.8794   1.000
  1144.000   1068.000    2.5084    2.5084    2.5084    2.5084   1.000
  1112.000   1069.000    3.5108    3.5108    3.5108    3.5108   1.000
  1128.000   1069.000    3.5966    3.5966    3.5966    3.5966   1.000
  1137.000   1069.000    4.2444    4.2444    4.2444    4.2444   1.000
  1098.000   1070.000    3.2673    3.2673    3.2673    3.2673   1.000
  1125.000   1070.000    5.0072    5.0072    5.0072    5.0072   1.000
  1140.000   1071.000    3.6952    3.6952    3.6952    3.6952   1.000
  1125.000   1072.000    3.3502    3.3502    3.3502    3.3502   1.000
  1134.000   1072.000    3.0071    3.0071    3.0071    3.0071   1.000
  1099.000   1073.000    3.1791    3.1791    3.1791    3.1791   1.000
  1113.000   1073.000    3.4249    3.4249    3.4249    3.4249   1.000
  1127.000   1073.000    4.4243    4.4243    4.4243    4.4243   1.000
  1147.000   1073.000    3.3257    3.3257    3.3257    3.3257   1.000
  1139.000   1074.000    3.7946    3.7946    3.7946    3.7946   1.000
  1095.000   1075.000    1.4255    1.4255    1.4255    1.4255   1.000
  1099.000   1075.000    2.1725    2.1725    2.1725    2.1725   1.000
  1128.000   1075.000    2.5551    2.5551    2.5551    2.5551   1.000
  1131.000   1075.000    2.3420    2.3420    2.3420    2.3420   1.000
  1110.000   1076.000    2.7480    2.7480    2.7480    2.7480   1.000
  1112.000   1076.000    3.0902    3.0902    3.0902    3.0902   1.000
  1119.000   1076.000    3.7989    3.7989    3.7989    3.7989   1.000
  1134.000   1076.000    3.3910    3.3910    3.3910    3.3910   1.000
  1100.000   1077.000    2.7641    2.7641    2.7641    2.7641   1.000
  1114.000   1077.000    4.8315    4.8315    4.8315    4.8315   1.000
  1129.000   1077.000    3.0121    3.0121    3.0121    3.0121   1.000
  1110.000   1078.000    1.6637    1.6637    1.6637    1.6637   1.000
  1123.000   1078.000    2.5681    2.5681    2.5681    2.5681   1.000
  1137.000   1078.000    3.0349    3.0349    3.0349    3.0349   1.000
  1142.000   1078.000    3.3422    3.3422    3.3422    3.3422   1.000
  1116.000   1079.000    3.7837    3.7837    3.7837    3.7837   1.000
  1118.000   1079.000    3.0015    3.0015    3.0015    3.0015   1.000
  1126.000   1079.000    3.2520    3.2520    3.2520    3.2520   1.000
  1098.000   1080.000    3.2093    3.2093    3.2093    3.2093   1.000
  1123.000   1080.000    2.7330    2.7330    2.7330    2.7330   1.000
  1129.000   1080.000   -0.5987   -0.5987   -0.5987   -0.5987   1.000
  1133.000   1080.000    1.9195    1.9195    1.9195    1.9195   1.000
  1139.000   1080.000    2.0147    2.0147    2.0147    2.0147   1.000
  1146.000   1080.000    3.9168    3.9168    3.9168    3.9168   1.000
  1110.000   1081.000    1.6712    1.6712    1.6712    1.6712   1.000
  1118.000   1081.000    3.4538    3.4538    3.4538    3.4538   1.000
  1125.000   1081.000    2.7209    2.7209    2.7209    2.7209   1.000
  1137.000   1081.000    2.1261    2.1261    2.1261    2.1261   1.000
  1100.000   1082.000    5.0356    5.0356    5.0356    5.0356   1.000
  1108.000   1082.000    3.0696    3.0696    3.0696    3.0696   1.000
  1142.000   1082.000    2.9244    2.9244    2.9244    2.9244   1.000
  1098.000   1083.000    3.4243    3.4243    3.4243    3.4243   1.000
  1118.000   1083.000    3.4057    3.4057    3.4057    3.4057   1.000
  1125.000   1083.000    3.9274    3.9274    3.9274    3.9274   1.000
  1128.000   1083.000    2.5519    2.5519    2.5519    2.5519   1.000
  1130.000   1083.000    2.8197    2.8197    2.8197    2.8197   1.000
  1132.000   1083.000    2.0868    2.0868    2.0868    2.0868   1.000
  1181.000   1028.000    3.6519    3.6519    3.6519    3.6519   1.000
  1201.000   1028.000    3.7106    3.7106    3.7106    3.7106   1.000
  1174.000   1029.000    3.3379    3.3379    3.3379    3.3379   1.000
  1156.000   1030.000    4.2130    4.2130    4.2130    4.2130   1.000
  1165.000   1030.000    4.3724    4.3724    4.3724    4.3724   1.000
  1206.000   1030.000    3.0031    3.0031    3.0031    3.0031   1.000
  1173.000   1031.000    3.8149    3.8149    3.8149    3.8149   1.000
  1209.000   1031.000    3.3213    3.3213    3.3213    3.3213   1.000
  1161.000   1032.000    3.9817    3.9817    3.9817    3.9817   1.000
  1180.000   1032.000    3.5360    3.5360    3.5360    3.5360   1.000
  1188.000   1032.000    3.5223    3.5223    3.5223    3.5223   1.000
  1193.000   1032.000    4.0833    4.0833    4.0833    4.0833   1.000
  1197.000   1032.000    4.2889    4.2889    4.2889    4.2889   1.000
  1211.000   1032.000    2.8547    2.8547    2.8547    2.8547   1.000
  1158.000   1033.000    3.9521    3.9521    3.9521    3.9521   1.000
  1204.000   1033.000    4.1159    4.1159    4.1159    4.1159   1.000
  1171.000   1034.000    3.7203    3.7203    3.7203    3.7203   1.000
  1189.000   1034.000    3.9916    3.9916    3.9916    3.9916   1.000
  1201.000   1034.000    3.2054    3.2054    3.2054    3.2054   1.000
  1206.000   1034.000    2.0615    2.0615    2.0615    2.0615   1.000
  1168.000   1035.000    3.5888    3.5888    3.5888    3.5888   1.000
  1183.000   1036.000    3.3302    3.3302    3.3302    3.3302   1.000
  1187.000   1036.000    4.1634    4.1634    4.1634    4.1634   1.000
  1199.000   1036.000    3.0231    3.0231    3.0231    3.0231   1.000
  1159.000   1037.000    3.3787    3.3787    3.3787    3.3787   1.000
  1169.000   1037.000    4.7298    4.7298    4.7298    4.7298   1.000
  1180.000   1037.000    3.7674    3.7674    3.7674    3.7674   1.000
  1197.000   1037.000    1.8342    1.8342    1.8342    1.8342   1.000
  1173.000   1038.000    3.8956    3.8956    3.8956    3.8956   1.000
  1182.000   1038.000    3.2570    3.2570    3.2570    3.2570   1.000
  1207.000   1038.000    3.7051    3.7051    3.7051    3.7051   1.000
  1166.000   1039.000    3.4313    3.4313    3.4313    3.4313   1.000
  1177.000   1039.000    2.9565    2.9565    2.9565    2.9565   1.000
  1196.000   1039.000    2.4383    2.4383    2.4383    2.4383   1.000
  1198.000   1039.000    3.5198    3.5198    3.5198    3.5198   1.000
  1202.000   1039.000    3.2727    3.2727    3.2727    3.2727   1.000
  1160.000   1040.000    3.9349    3.9349    3.9349    3.9349   1.000
  1188.000   1040.000    3.6482    3.6482    3.6482    3.6482   1.000
  1205.000   1040.000    2.3584    2.3584    2.3584    2.3584   1.000
  1209.000   1040.000    0.5771    0.5771    0.5771    0.5771   1.000
  1158.000   1041.000    4.2205    4.2205    4.2205    4.2205   1.000
  1195.000   1041.000    3.7819    3.7819    3.7819    3.7819   1.000
  1156.000   1042.000    6.7528    6.7528    6.7528    6.7528   1.000
  1164.000   1042.000    2.5242    2.5242    2.5242    2.5242   1.000
  1171.000   1042.000    3.1682    3.1682    3.1682    3.1682   1.000
  1182.000   1042.000    4.0338    4.0338    4.0338    4.0338   1.000
  1186.000   1042.000    3.7460    3.7460    3.7460    3.7460   1.000
  1199.000   1042.000    3.2948    3.2948    3.2948    3.2948   1.000
  1203.000   1042.000    2.0118    2.0118    2.0118    2.0118   1.000
  1184.000   1043.000    3.4490    3.4490    3.4490    3.4490   1.000
  1167.000   1044.000    3.1045    3.1045    3.1045    3.1045   1.000
  1180.000   1044.000    2.3175    2.3175    2.3175    2.3175   1.000
  1198.000   1044.000    3.3084    3.3084    3.3084    3.3084   1.000
  1200.000   1044.000    2.3073    2.3073    2.3073    2.3073   1.000
  1207.000   1044.000    3.1437    3.1437    3.1437    3.1437   1.000
  1172.000   1045.000    3.3146    3.3146    3.3146    3.3146   1.000
  1175.000   1045.000    3.2487    3.2487    3.2487    3.2487   1.000
  1178.000   1045.000    4.0164    4.0164    4.0164    4.0164   1.000
  1180.000   1046.000    3.9295    3.9295    3.9295    3.9295   1.000
  1193.000   1046.000    2.7495    2.7495    2.7495    2.7495   1.000
  1211.000   1046.000    2.8077    2.8077    2.8077    2.8077   1.000
  1178.000   1047.000    3.3188    3.3188    3.3188    3.3188   1.000
  1187.000   1047.000    3.5437    3.5437    3.5437    3.5437   1.000
  1209.000   1047.000    3.1823    3.1823    3.1823    3.1823   1.000
  1166.000   1048.000    1.4162    1.4162    1.4162    1.4162   1.000
  1189.000   1048.000    3.8610    3.8610    3.8610    3.8610   1.000
  1206.000   1048.000    3.8397    3.8397    3.8397    3.8397   1.000
  1158.000   1049.000    3.1787    3.1787    3.1787    3.1787   1.000
  1187.000   1049.000    3.1578    3.1578    3.1578    3.1578   1.000
  1184.000   1050.000    3.4729    3.4729    3.4729    3.4729   1.000
  1191.000   1050.000    3.6279    3.6279    3.6279    3.6279   1.000
  1156.000   1051.000    3.5489    3.5489    3.5489    3.5489   1.000
  1165.000   1051.000    3.3788    3.3788    3.3788    3.3788   1.000
  1179.000   1051.000    3.9661    3.9661    3.9661    3.9661   1.000
  1186.000   1051.000    3.9771    3.9771    3.9771    3.9771   1.000
  1210.000   1051.000   -0.1239   -0.1239   -0.1239   -0.1239   1.000
  1172.000   1052.000    4.3400    4.3400    4.3400    4.3400   1.000
  1182.000   1052.000    2.6902    2.6902    2.6902    2.6902   1.000
  1199.000   1052.000    2.6102    2.6102    2.6102    2.6102   1.000
  1201.000   1052.000    3.5048    3.5048    3.5048    3.5048   1.000
  1162.000   1053.000    0.3744    0.3744    0.3744    0.3744   1.000
  1177.000   1053.000    3.5004    3.5004    3.5004    3.5004   1.000
  1196.000   1053.000    3.4508    3.4508    3.4508    3.4508   1.000
  1205.000   1053.000    2.5973    2.5973    2.5973    2.5973   1.000
  1209.000   1053.000    0.8351    0.8351    0.8351    0.8351   1.000
  1211.000   1053.000    1.1799    1.1799    1.1799    1.1799   1.000
  1159.000   1054.000    2.9983    2.9983    2.9983    2.9983   1.000
  1168.000   1054.000    4.3126    4.3126    4.3126    4.3126   1.000
  1198.000   1054.000    4.0575    4.0575    4.0575    4.0575   1.000
  1202.000   1054.000    7.2049    7.2049    7.2049    7.2049   1.000
  1166.000   1055.000    3.2035    3.2035    3.2035    3.2035   1.000
  1190.000   1055.000    2.6968    2.6968    2.6968    2.6968   1.000
  1160.000   1056.000    2.9778    2.9778    2.9778    2.9778   1.000
  1195.000   1056.000    3.5531    3.5531    3.5531    3.5531   1.000
  1202.000   1056.000    4.1601    4.1601    4.1601    4.1601   1.000
  1162.000   1057.000    2.3450    2.3450    2.3450    2.3450   1.000
  1165.000   1057.000    2.9873    2.9873    2.9873    2.9873   1.000
  1172.000   1057.000    4.0894    4.0894    4.0894    4.0894   1.000
  1175.000   1057.000    4.7749    4.7749    4.7749    4.7749   1.000
  1204.000   1057.000    3.7150    3.7150    3.7150    3.7150   1.000
  1184.000   1058.000    1.5851    1.5851    1.5851    1.5851   1.000
  1187.000   1058.000    3.6527    3.6527    3.6527    3.6527   1.000
  1195.000   1058.000    3.5712    3.5712    3.5712    3.5712   1.000
  1159.000   1059.000    3.7420    3.7420    3.7420    3.7420   1.000
  1162.000   1060.000    2.4162    2.4162    2.4162    2.4162   1.000
  1197.000   1060.000    2.7689    2.7689    2.7689    2.7689   1.000
  1199.000   1060.000    3.9062    3.9062    3.9062    3.9062   1.000
  1173.000   1061.000    1.7104    1.7104    1.7104    1.7104   1.000
  1179.000   1061.000    4.1207    4.1207    4.1207    4.1207   1.000
  1207.000   1061.000    5.3832    5.3832    5.3832    5.3832   1.000
  1181.000   1062.000    4.9960    4.9960    4.9960    4.9960   1.000
  1196.000   1062.000    4.0643    4.0643    4.0643    4.0643   1.000
  1201.000   1062.000    4.5032    4.5032    4.5032    4.5032   1.000
  1159.000   1063.000    3.0136    3.0136    3.0136    3.0136   1.000
  1166.000   1063.000    3.2262    3.2262    3.2262    3.2262   1.000
  1171.000   1063.000    1.4100    1.4100    1.4100    1.4100   1.000
  1174.000   1063.000    2.9983    2.9983    2.9983    2.9983   1.000
  1194.000   1063.000    3.1006    3.1006    3.1006    3.1006   1.000
  1162.000   1064.000    3.3117    3.3117    3.3117    3.3117   1.000
  1164.000   1064.000    2.9369    2.9369    2.9369    2.9369   1.000
  1180.000   1064.000    3.1482    3.1482    3.1482    3.1482   1.000
  1184.000   1064.000    0.2024    0.2024    0.2024    0.2024   1.000
  1197.000   1064.000    2.8415    2.8415    2.8415    2.8415   1.000
  1203.000   1064.000    3.4732    3.4732    3.4732    3.4732   1.000
  1210.000   1064.000    3.7875    3.7875    3.7875    3.7875   1.000
  1168.000   1065.000    2.7747    2.7747    2.7747    2.7747   1.000
  1173.000   1065.000    3.6374    3.6374    3.6374    3.6374   1.000
  1189.000   1065.000    3.6014    3.6014    3.6014    3.6014   1.000
  1157.000   1066.000    4.2686    4.2686    4.2686    4.2686   1.000
  1160.000   1066.000    2.3519    2.3519    2.3519    2.3519   1.000
  1185.000   1066.000    2.9938    2.9938    2.9938    2.9938   1.000
  1187.000   1066.000    2.8023    2.8023    2.8023    2.8023   1.000
  1201.000   1066.000    4.4599    4.4599    4.4599    4.4599   1.000
  1204.000   1066.000    3.9276    3.9276    3.9276    3.9276   1.000
  1176.000   1067.000    2.0462    2.0462    2.0462    2.0462   1.000
  1165.000   1068.000    3.3526    3.3526    3.3526    3.3526   1.000
  1197.000   1068.000    3.2809    3.2809    3.2809    3.2809   1.000
  1204.000   1068.000    3.0769    3.0769    3.0769    3.0769   1.000
  1206.000   1068.000    3.9567    3.9567    3.9567    3.9567   1.000
  1209.000   1068.000    3.1179    3.1179    3.1179    3.1179   1.000
  1166.000   1070.000    4.0515    4.0515    4.0515    4.0515   1.000
  1175.000   1070.000    1.5273    1.5273    1.5273    1.5273   1.000
  1188.000   1070.000    3.0578    3.0578    3.0578    3.0578   1.000
  1190.000   1070.000    3.6549    3.6549    3.6549    3.6549   1.000
  1193.000   1070.000    4.0249    4.0249    4.0249    4.0249   1.000
  1158.000   1071.000    3.8745    3.8745    3.8745    3.8745   1.000
  1168.000   1071.000    1.9004    1.9004    1.9004    1.9004   1.000
  1172.000   1071.000    2.9360    2.9360    2.9360    2.9360   1.000
  1203.000   1071.000    3.3778    3.3778    3.3778    3.3778   1.000
  1165.000   1072.000    3.2003    3.2003    3.2003    3.2003   1.000
  1176.000   1072.000    2.5751    2.5751    2.5751    2.5751   1.000
  1193.000   1072.000    3.9004    3.9004    3.9004    3.9004   1.000
  1198.000   1072.000    3.8761    3.8761    3.8761    3.8761   1.000
  1206.000   1072.000    3.5717    3.5717    3.5717    3.5717   1.000
  1167.000   1073.000    3.6288    3.6288    3.6288    3.6288   1.000
  1171.000   1073.000    2.9474    2.9474    2.9474    2.9474   1.000
  1180.000   1073.000    3.1165    3.1165    3.1165    3.1165   1.000
  1185.000   1073.000    3.2301    3.2301    3.2301    3.2301   1.000
  1187.000   1073.000    2.9851    2.9851    2.9851    2.9851   1.000
  1204.000   1073.000    2.6347    2.6347    2.6347    2.6347   1.000
  1178.000   1074.000    3.0448    3.0448    3.0448    3.0448   1.000
  1190.000   1074.000    3.5002    3.5002    3.5002    3.5002   1.000
  1195.000   1074.000    3.7241    3.7241    3.7241    3.7241   1.000
  1200.000   1074.000    3.7870    3.7870    3.7870    3.7870   1.000
  1202.000   1074.000    3.0438    3.0438    3.0438    3.0438   1.000
  1168.000   1076.000    3.5541    3.5541    3.5541    3.5541   1.000
  1175.000   1076.000    3.0981    3.0981    3.0981    3.0981   1.000
  1177.000   1076.000    2.8955    2.8955    2.8955    2.8955   1.000
  1188.000   1076.000    4.3347    4.3347    4.3347    4.3347   1.000
  1161.000   1077.000    3.5499    3.5499    3.5499    3.5499   1.000
  1163.000   1077.000    3.1576    3.1576    3.1576    3.1576   1.000
  1179.000   1077.000    3.1991    3.1991    3.1991    3.1991   1.000
  1181.000   1077.000    3.9329    3.9329    3.9329    3.9329   1.000
  1199.000   1077.000    2.9233    2.9233    2.9233    2.9233   1.000
  1158.000   1078.000    2.4961    2.4961    2.4961    2.4961   1.000
  1171.000   1078.000    4.7156    4.7156    4.7156    4.7156   1.000
  1193.000   1078.000    3.4434    3.4434    3.4434    3.4434   1.000
  1165.000   1079.000    4.2286    4.2286    4.2286    4.2286   1.000
  1167.000   1079.000    4.4993    4.4993    4.4993    4.4993   1.000
  1179.000   1079.000    3.2504    3.2504    3.2504    3.2504   1.000
  1185.000   1079.000    3.8813    3.8813    3.8813    3.8813   1.000
  1191.000   1079.000    3.6053    3.6053    3.6053    3.6053   1.000
  1197.000   1079.000    3.4912    3.4912    3.4912    3.4912   1.000
  1201.000   1079.000    4.8528    4.8528    4.8528    4.8528   1.000
  1205.000   1079.000    3.4749    3.4749    3.4749    3.4749   1.000
  1156.000   1080.000    3.1975    3.1975    3.1975    3.1975   1.000
  1159.000   1080.000    4.1121    4.1121    4.1121    4.1121   1.000
  1176.000   1080.000    2.5675    2.5675    2.5675    2.5675   1.000
  1165.000   1081.000    5.1188    5.1188    5.1188    5.1188   1.000
  1179.000   1081.000    3.6026    3.6026    3.6026    3.6026   1.000
  1168.000   1082.000    4.4407    4.4407    4.4407    4.4407   1.000
  1176.000   1082.000    3.6345    3.6345    3.6345    3.6345   1.000
  1182.000   1082.000    3.4757    3.4757    3.4757    3.4757   1.000
  1188.000   1082.000    3.3421    3.3421    3.3421    3.3421   1.000
  1190.000   1082.000    4.6865    4.6865    4.6865    4.6865   1.000
  1192.000   1082.000    4.1070    4.1070    4.1070    4.1070   1.000
  1206.000   1082.000    3.0519    3.0519    3.0519    3.0519   1.000
  1208.000   1082.000    2.5045    2.5045    2.5045    2.5045   1.000
  1186.000   1083.000    2.3463    2.3463    2.3463    2.3463   1.000
  1197.000   1083.000    3.4378    3.4378    3.4378    3.4378   1.000
  1203.000   1083.000    2.0548    2.0548    2.0548    2.0548   1.000
  1223.000   1028.000    3.1017    3.1017    3.1017    3.1017   1.000
  1234.000   1028.000    2.5889    2.5889    2.5889    2.5889   1.000
  1241.000   1028.000    3.8981    3.8981    3.8981    3.8981   1.000
  1249.000   1028.000    3.9268    3.9268    3.9268    3.9268   1.000
  1254.000   1028.000    5.4310    5.4310    5.4310    5.4310   1.000
  1265.000   1028.000    3.7755    3.7755    3.7755    3.7755   1.000
  1221.000   1029.000    2.8332    2.8332    2.8332    2.8332   1.000
  1227.000   1029.000    2.0666    2.0666    2.0666    2.0666   1.000
  1232.000   1029.000    1.6576    1.6576    1.6576    1.6576   1.000
  1229.000   1030.000    3.6565    3.6565    3.6565    3.6565   1.000
  1260.000   1030.000    3.3609    3.3609    3.3609    3.3609   1.000
  1272.000   1030.000    3.9052    3.9052    3.9052    3.9052   1.000
  1234.000   1031.000    3.9324    3.9324    3.9324    3.9324   1.000
  1236.000   1031.000    3.5968    3.5968    3.5968    3.5968   1.000
  1255.000   1031.000    4.1075    4.1075    4.1075    4.1075   1.000
  1274.000   1031.000    2.9953    2.9953    2.9953    2.9953   1.000
  1222.000   1032.000    4.4424    4.4424    4.4424    4.4424   1.000
  1225.000   1032.000    2.0753    2.0753    2.0753    2.0753   1.000
  1251.000   1033.000    4.3820    4.3820    4.3820    4.3820   1.000
  1275.000   1033.000    3.0904    3.0904    3.0904    3.0904   1.000
  1232.000   1034.000    3.3913    3.3913    3.3913    3.3913   1.000
  1257.000   1034.000    3.4714    3.4714    3.4714    3.4714   1.000
  1254.000   1035.000    4.5100    4.5100    4.5100    4.5100   1.000
  1265.000   1035.000    4.0541    4.0541    4.0541    4.0541   1.000
  1248.000   1037.000    2.6327    2.6327    2.6327    2.6327   1.000
  1227.000   1038.000    4.6590    4.6590    4.6590    4.6590   1.000
  1240.000   1038.000    5.3098    5.3098    5.3098    5.3098   1.000
  1246.000   1038.000    3.9176    3.9176    3.9176    3.9176   1.000
  1251.000   1038.000    3.1528    3.1528    3.1528    3.1528   1.000
  1256.000   1038.000    3.5899    3.5899    3.5899    3.5899   1.000
  1270.000   1038.000    3.6784    3.6784    3.6784    3.6784   1.000
  1229.000   1039.000    4.1103    4.1103    4.1103    4.1103   1.000
  1244.000   1039.000    3.3018    3.3018    3.3018    3.3018   1.000
  1266.000   1039.000    4.0537    4.0537    4.0537    4.0537   1.000
  1268.000   1039.000    3.9739    3.9739    3.9739    3.9739   1.000
  1220.000   1040.000    4.3269    4.3269    4.3269    4.3269   1.000
  1227.000   1040.000    3.4820    3.4820    3.4820    3.4820   1.000
  1233.000   1040.000    2.3306    2.3306    2.3306    2.3306   1.000
  1235.000   1040.000    3.0280    3.0280    3.0280    3.0280   1.000
  1264.000   1040.000    2.8798    2.8798    2.8798    2.8798   1.000
  1224.000   1041.000    3.4079    3.4079    3.4079    3.4079   1.000
  1230.000   1041.000    2.7058    2.7058    2.7058    2.7058   1.000
  1254.000   1041.000    4.0432    4.0432    4.0432    4.0432   1.000
  1261.000   1041.000    3.4388    3.4388    3.4388    3.4388   1.000
  1226.000   1042.000    2.6208    2.6208    2.6208    2.6208   1.000
  1258.000   1042.000    3.6443    3.6443    3.6443    3.6443   1.000
  1265.000   1042.000    3.5124    3.5124    3.5124    3.5124   1.000
  1270.000   1042.000    2.7074    2.7074    2.7074    2.7074   1.000
  1236.000   1043.000    4.0901    4.0901    4.0901    4.0901   1.000
  1240.000   1043.000    3.2520    3.2520    3.2520    3.2520   1.000
  1261.000   1043.000    3.1358    3.1358    3.1358    3.1358   1.000
  1220.000   1044.000    3.6768    3.6768    3.6768    3.6768   1.000
  1263.000   1044.000    3.6835    3.6835    3.6835    3.6835   1.000
  1270.000   1044.000    1.6866    1.6866    1.6866    1.6866   1.000
  1225.000   1045.000   -0.2290   -0.2290   -0.2290   -0.2290   1.000
  1231.000   1045.000   -0.0679   -0.0679   -0.0679   -0.0679   1.000
  1234.000   1045.000    2.3770    2.3770    2.3770    2.3770   1.000
  1243.000   1045.000    4.0678    4.0678    4.0678    4.0678   1.000
  1254.000   1045.000    2.5464    2.5464    2.5464    2.5464   1.000
  1221.000   1046.000    3.8472    3.8472    3.8472    3.8472   1.000
  1245.000   1046.000    3.5664    3.5664    3.5664    3.5664   1.000
  1248.000   1046.000    2.0782    2.0782    2.0782    2.0782   1.000
  1260.000   1046.000    2.5085    2.5085    2.5085    2.5085   1.000
  1265.000   1046.000    4.3117    4.3117    4.3117    4.3117   1.000
  1254.000   1047.000    3.4177    3.4177    3.4177    3.4177   1.000
  1228.000   1048.000    1.5505    1.5505    1.5505    1.5505   1.000
  1231.000   1048.000    2.5632    2.5632    2.5632    2.5632   1.000
  1252.000   1048.000    2.5179    2.5179    2.5179    2.5179   1.000
  1262.000   1048.000    2.2608    2.2608    2.2608    2.2608   1.000
  1222.000   1049.000    3.4235    3.4235    3.4235    3.4235   1.000
  1233.000   1049.000    2.7516    2.7516    2.7516    2.7516   1.000
  1244.000   1049.000    3.6998    3.6998    3.6998    3.6998   1.000
  1246.000   1049.000    3.7790    3.7790    3.7790    3.7790   1.000
  1220.000   1050.000    2.5111    2.5111    2.5111    2.5111   1.000
  1225.000   1050.000    3.9433    3.9433    3.9433    3.9433   1.000
  1227.000   1050.000    2.8186    2.8186    2.8186    2.8186   1.000
  1240.000   1050.000    3.9886    3.9886    3.9886    3.9886   1.000
  1248.000   1050.000    2.6469    2.6469    2.6469    2.6469   1.000
  1262.000   1050.000    4.4815    4.4815    4.4815    4.4815   1.000
  1271.000   1050.000    4.4450    4.4450    4.4450    4.4450   1.000
  1273.000   1050.000    4.1970    4.1970    4.1970    4.1970   1.000
  1275.000   1050.000    2.2597    2.2597    2.2597    2.2597   1.000
  1222.000   1051.000    2.2083    2.2083    2.2083    2.2083   1.000
  1236.000   1051.000    3.9171    3.9171    3.9171    3.9171   1.000
  1243.000   1051.000    2.7713    2.7713    2.7713    2.7713   1.000
  1245.000   1051.000    3.7881    3.7881    3.7881    3.7881   1.000
  1264.000   1051.000    3.3052    3.3052    3.3052    3.3052   1.000
  1226.000   1052.000    3.3543    3.3543    3.3543    3.3543   1.000
  1228.000   1052.000    2.6631    2.6631    2.6631    2.6631   1.000
  1232.000   1052.000    3.1924    3.1924    3.1924    3.1924   1.000
  1247.000   1052.000    3.1955    3.1955    3.1955    3.1955   1.000
  1249.000   1052.000    1.8650    1.8650    1.8650    1.8650   1.000
  1257.000   1052.000    4.4958    4.4958    4.4958    4.4958   1.000
  1259.000   1052.000    3.3677    3.3677    3.3677    3.3677   1.000
  1269.000   1052.000    3.5915    3.5915    3.5915    3.5915   1.000
  1272.000   1052.000    4.6844    4.6844    4.6844    4.6844   1.000
  1222.000   1053.000    1.1688    1.1688    1.1688    1.1688   1.000
  1242.000   1053.000    1.9706    1.9706    1.9706    1.9706   1.000
  1252.000   1053.000    3.8056    3.8056    3.8056    3.8056   1.000
  1225.000   1054.000    4.6494    4.6494    4.6494    4.6494   1.000
  1227.000   1054.000    2.5848    2.5848    2.5848    2.5848   1.000
  1248.000   1054.000    2.5679    2.5679    2.5679    2.5679   1.000
  1232.000   1055.000    4.5885    4.5885    4.5885    4.5885   1.000
  1241.000   1055.000    4.5964    4.5964    4.5964    4.5964   1.000
  1250.000   1055.000    3.8470    3.8470    3.8470    3.8470   1.000
  1259.000   1055.000    4.6574    4.6574    4.6574    4.6574   1.000
  1220.000   1056.000    3.2203    3.2203    3.2203    3.2203   1.000
  1225.000   1056.000    4.0649    4.0649    4.0649    4.0649   1.000
  1236.000   1056.000    3.9200    3.9200    3.9200    3.9200   1.000
  1248.000   1056.000    3.3155    3.3155    3.3155    3.3155   1.000
  1269.000   1056.000    4.4219    4.4219    4.4219    4.4219   1.000
  1271.000   1056.000    4.1784    4.1784    4.1784    4.1784   1.000
  1273.000   1056.000    5.1569    5.1569    5.1569    5.1569   1.000
  1234.000   1057.000    3.7023    3.7023    3.7023    3.7023   1.000
  1245.000   1057.000    4.3018    4.3018    4.3018    4.3018   1.000
  1250.000   1057.000    4.3906    4.3906    4.3906    4.3906   1.000
  1255.000   1057.000    3.7912    3.7912    3.7912    3.7912   1.000
  1241.000   1058.000    1.8555    1.8555    1.8555    1.8555   1.000
  1266.000   1058.000    3.9656    3.9656    3.9656    3.9656   1.000
  1268.000   1058.000    6.4950    6.4950    6.4950    6.4950   1.000
  1273.000   1058.000    2.5952    2.5952    2.5952    2.5952   1.000
  1221.000   1059.000    3.4311    3.4311    3.4311    3.4311   1.000
  1223.000   1059.000    3.1811    3.1811    3.1811    3.1811   1.000
  1234.000   1059.000    3.2840    3.2840    3.2840    3.2840   1.000
  1245.000   1059.000    3.2453    3.2453    3.2453    3.2453   1.000
  1253.000   1059.000    3.3930    3.3930    3.3930    3.3930   1.000
  1259.000   1059.000    3.1384    3.1384    3.1384    3.1384   1.000
  1231.000   1060.000    5.3941    5.3941    5.3941    5.3941   1.000
  1270.000   1060.000    3.9862    3.9862    3.9862    3.9862   1.000
  1258.000   1061.000    2.5505    2.5505    2.5505    2.5505   1.000
  1274.000   1061.000    3.4824    3.4824    3.4824    3.4824   1.000
  1220.000   1062.000    2.9692    2.9692    2.9692    2.9692   1.000
  1223.000   1062.000    3.3332    3.3332    3.3332    3.3332   1.000
  1242.000   1062.000    5.2761    5.2761    5.2761    5.2761   1.000
  1250.000   1062.000    3.5865    3.5865    3.5865    3.5865   1.000
  1260.000   1062.000    2.6434    2.6434    2.6434    2.6434   1.000
  1267.000   1062.000    3.3585    3.3585    3.3585    3.3585   1.000
  1271.000   1062.000    3.1624    3.1624    3.1624    3.1624   1.000
  1239.000   1063.000    3.3929    3.3929    3.3929    3.3929   1.000
  1263.000   1063.000    3.7695    3.7695    3.7695    3.7695   1.000
  1230.000   1064.000    3.6636    3.6636    3.6636    3.6636   1.000
  1251.000   1064.000    4.0673    4.0673    4.0673    4.0673   1.000
  1266.000   1064.000    4.7180    4.7180    4.7180    4.7180   1.000
  1272.000   1064.000    2.9752    2.9752    2.9752    2.9752   1.000
  1235.000   1065.000    3.6184    3.6184    3.6184    3.6184   1.000
  1243.000   1065.000    3.4632    3.4632    3.4632    3.4632   1.000
  1263.000   1065.000    4.8973    4.8973    4.8973    4.8973   1.000
  1223.000   1066.000    4.7323    4.7323    4.7323    4.7323   1.000
  1228.000   1066.000    4.2156    4.2156    4.2156    4.2156   1.000
  1230.000   1066.000    3.0002    3.0002    3.0002    3.0002   1.000
  1238.000   1066.000    3.3865    3.3865    3.3865    3.3865   1.000
  1248.000   1066.000    3.8927    3.8927    3.8927    3.8927   1.000
  1256.000   1066.000    3.9451    3.9451    3.9451    3.9451   1.000
  1268.000   1066.000    4.0341    4.0341    4.0341    4.0341   1.000
  1272.000   1066.000    3.6402    3.6402    3.6402    3.6402   1.000
  1220.000   1067.000    4.3052    4.3052    4.3052    4.3052   1.000
  1233.000   1067.000    2.2800    2.2800    2.2800    2.2800   1.000
  1223.000   1068.000    4.2151    4.2151    4.2151    4.2151   1.000
  1225.000   1068.000    4.0878    4.0878    4.0878    4.0878   1.000
  1245.000   1068.000    4.2428    4.2428    4.2428    4.2428   1.000
  1262.000   1068.000    2.9805    2.9805    2.9805    2.9805   1.000
  1235.000   1069.000    3.5031    3.5031    3.5031    3.5031   1.000
  1241.000   1069.000    3.4657    3.4657    3.4657    3.4657   1.000
  1249.000   1069.000    4.1556    4.1556    4.1556    4.1556   1.000
  1267.000   1069.000    3.3288    3.3288    3.3288    3.3288   1.000
  1221.000   1070.000    3.5762    3.5762    3.5762    3.5762   1.000
  1227.000   1070.000    3.2912    3.2912    3.2912    3.2912   1.000
  1232.000   1070.000    3.7283    3.7283    3.7283    3.7283   1.000
  1238.000   1070.000    3.0003    3.0003    3.0003    3.0003   1.000
  1273.000   1070.000    2.2588    2.2588    2.2588    2.2588   1.000
  1258.000   1071.000    4.2006    4.2006    4.2006    4.2006   1.000
  1265.000   1071.000    3.6949    3.6949    3.6949    3.6949   1.000
  1224.000   1072.000    3.9697    3.9697    3.9697    3.9697   1.000
  1246.000   1072.000    3.8022    3.8022    3.8022    3.8022   1.000
  1255.000   1072.000    3.6215    3.6215    3.6215    3.6215   1.000
  1263.000   1073.000    0.7865    0.7865    0.7865    0.7865   1.000
  1267.000   1073.000    2.2151    2.2151    2.2151    2.2151   1.000
  1220.000   1074.000    3.6686    3.6686    3.6686    3.6686   1.000
  1232.000   1074.000    3.1961    3.1961    3.1961    3.1961   1.000
  1251.000   1074.000    3.2003    3.2003    3.2003    3.2003   1.000
  1274.000   1074.000    3.0333    3.0333    3.0333    3.0333   1.000
  1228.000   1075.000    4.2363    4.2363    4.2363    4.2363   1.000
  1239.000   1075.000    3.1448    3.1448    3.1448    3.1448   1.000
  1260.000   1075.000    5.0100    5.0100    5.0100    5.0100   1.000
  1270.000   1075.000    3.4705    3.4705    3.4705    3.4705   1.000
  1223.000   1076.000    3.2014    3.2014    3.2014    3.2014   1.000
  1231.000   1076.000    3.3004    3.3004    3.3004    3.3004   1.000
  1254.000   1076.000    2.9901    2.9901    2.9901    2.9901   1.000
  1275.000   1076.000    2.6801    2.6801    2.6801    2.6801   1.000
  1235.000   1077.000    3.6133    3.6133    3.6133    3.6133   1.000
  1245.000   1077.000    3.2727    3.2727    3.2727    3.2727   1.000
  1225.000   1078.000    3.6518    3.6518    3.6518    3.6518   1.000
  1227.000   1078.000    3.7824    3.7824    3.7824    3.7824   1.000
  1261.000   1078.000    3.3406    3.3406    3.3406    3.3406   1.000
  1265.000   1078.000    0.8686    0.8686    0.8686    0.8686   1.000
  1271.000   1078.000    3.6020    3.6020    3.6020    3.6020   1.000
  1273.000   1078.000    2.9674    2.9674    2.9674    2.9674   1.000
  1239.000   1079.000    1.4705    1.4705    1.4705    1.4705   1.000
  1227.000   1080.000    4.0293    4.0293    4.0293    4.0293   1.000
  1237.000   1080.000    1.7725    1.7725    1.7725    1.7725   1.000
  1248.000   1080.000    4.0647    4.0647    4.0647    4.0647   1.000
  1268.000   1080.000    2.8530    2.8530    2.8530    2.8530   1.000
  1272.000   1080.000    3.8116    3.8116    3.8116    3.8116   1.000
  1224.000   1081.000    3.6336    3.6336    3.6336    3.6336   1.000
  1235.000   1081.000    2.7486    2.7486    2.7486    2.7486   1.000
  1263.000   1081.000    2.5723    2.5723    2.5723    2.5723   1.000
  1237.000   1082.000    3.4742    3.4742    3.4742    3.4742   1.000
  1259.000   1082.000    3.8190    3.8190    3.8190    3.8190   1.000
  1267.000   1082.000    3.3136    3.3136    3.3136    3.3136   1.000
  1263.000   1083.000    3.3942    3.3942    3.3942    3.3942   1.000
  1265.000   1083.000    3.1877    3.1877    3.1877    3.1877   1.000
   777.000   1092.000    3.7015    3.7015    3.7015    3.7015   1.000
   795.000   1092.000    4.3001    4.3001    4.3001    4.3001   1.000
   814.000   1092.000    4.1051    4.1051    4.1051    4.1051   1.000
   816.000   1092.000    2.5625    2.5625    2.5625    2.5625   1.000
   773.000   1093.000    3.9047    3.9047    3.9047    3.9047   1.000
   788.000   1093.000    3.1323    3.1323    3.1323    3.1323   1.000
   819.000   1093.000    3.8168    3.8168    3.8168    3.8168   1.000
   780.000   1094.000    3.9285    3.9285    3.9285    3.9285   1.000
   784.000   1094.000    4.7210    4.7210    4.7210    4.7210   1.000
   822.000   1094.000    3.9637    3.9637    3.9637    3.9637   1.000
   774.000   1095.000    3.7561    3.7561    3.7561    3.7561   1.000
   794.000   1095.000    2.9197    2.9197    2.9197    2.9197   1.000
   811.000   1095.000    2.6157    2.6157    2.6157    2.6157   1.000
   777.000   1096.000    3.9191    3.9191    3.9191    3.9191   1.000
   779.000   1096.000    4.5453    4.5453    4.5453    4.5453   1.000
   785.000   1096.000    3.8381    3.8381    3.8381    3.8381   1.000
   790.000   1096.000    3.6157    3.6157    3.6157    3.6157   1.000
   809.000   1096.000    4.0473    4.0473    4.0473    4.0473   1.000
   816.000   1096.000    3.0795    3.0795    3.0795    3.0795   1.000
   820.000   1096.000    4.4574    4.4574    4.4574    4.4574   1.000
   795.000   1097.000    3.7773    3.7773    3.7773    3.7773   1.000
   813.000   1097.000    1.3105    1.3105    1.3105    1.3105   1.000
   825.000   1097.000    3.8010    3.8010    3.8010    3.8010   1.000
   783.000   1098.000    3.5139    3.5139    3.5139    3.5139   1.000
   788.000   1098.000    2.6492    2.6492    2.6492    2.6492   1.000
   793.000   1098.000    3.2807    3.2807    3.2807    3.2807   1.000
   800.000   1098.000    3.2023    3.2023    3.2023    3.2023   1.000
   805.000   1098.000    3.7152    3.7152    3.7152    3.7152   1.000
   809.000   1098.000    4.8903    4.8903    4.8903    4.8903   1.000
   816.000   1098.000    3.3964    3.3964    3.3964    3.3964   1.000
   818.000   1098.000    4.0607    4.0607    4.0607    4.0607   1.000
   776.000   1099.000    3.8927    3.8927    3.8927    3.8927   1.000
   778.000   1099.000    3.7523    3.7523    3.7523    3.7523   1.000
   780.000   1099.000    3.2239    3.2239    3.2239    3.2239   1.000
   811.000   1099.000   -0.1016   -0.1016   -0.1016   -0.1016   1.000
   773.000   1100.000    2.6993    2.6993    2.6993    2.6993   1.000
   790.000   1100.000    3.7687    3.7687    3.7687    3.7687   1.000
   814.000   1100.000    4.8028    4.8028    4.8028    4.8028   1.000
   805.000   1101.000    3.0373    3.0373    3.0373    3.0373   1.000
   807.000   1101.000    2.9191    2.9191    2.9191    2.9191   1.000
   774.000   1102.000    3.4054    3.4054    3.4054    3.4054   1.000
   784.000   1102.000    4.5072    4.5072    4.5072    4.5072   1.000
   810.000   1102.000    2.8014    2.8014    2.8014    2.8014   1.000
   812.000   1102.000    2.6621    2.6621    2.6621    2.6621   1.000
   823.000   1102.000    4.5746    4.5746    4.5746    4.5746   1.000
   827.000   1102.000    3.4986    3.4986    3.4986    3.4986   1.000
   814.000   1103.000    2.4938    2.4938    2.4938    2.4938   1.000
   773.000   1104.000    3.3778    3.3778    3.3778    3.3778   1.000
   799.000   1104.000    3.6099    3.6099    3.6099    3.6099   1.000
   801.000   1104.000    3.8218    3.8218    3.8218    3.8218   1.000
   804.000   1104.000    2.6423    2.6423    2.6423    2.6423   1.000
   818.000   1104.000    2.4121    2.4121    2.4121    2.4121   1.000
   780.000   1105.000    3.1985    3.1985    3.1985    3.1985   1.000
   774.000   1106.000    3.5276    3.5276    3.5276    3.5276   1.000
   786.000   1106.000    3.8626    3.8626    3.8626    3.8626   1.000
   795.000   1106.000    2.6828    2.6828    2.6828    2.6828   1.000
   804.000   1106.000    3.9803    3.9803    3.9803    3.9803   1.000
   812.000   1106.000    4.1169    4.1169    4.1169    4.1169   1.000
   779.000   1107.000    2.9392    2.9392    2.9392    2.9392   1.000
   820.000   1107.000    3.7285    3.7285    3.7285    3.7285   1.000
   818.000   1108.000    2.7063    2.7063    2.7063    2.7063   1.000
   826.000   1108.000    1.5025    1.5025    1.5025    1.5025   1.000
   776.000   1109.000    4.5687    4.5687    4.5687    4.5687   1.000
   788.000   1109.000    4.0193    4.0193    4.0193    4.0193   1.000
   792.000   1109.000    4.2074    4.2074    4.2074    4.2074   1.000
   782.000   1110.000    3.4982    3.4982    3.4982    3.4982   1.000
   799.000   1110.000    2.9836    2.9836    2.9836    2.9836   1.000
   811.000   1110.000    2.1288    2.1288    2.1288    2.1288   1.000
   821.000   1110.000    3.9533    3.9533    3.9533    3.9533   1.000
   793.000   1111.000    3.5817    3.5817    3.5817    3.5817   1.000
   804.000   1111.000    1.4075    1.4075    1.4075    1.4075   1.000
   815.000   1111.000    3.4549    3.4549    3.4549    3.4549   1.000
   817.000   1111.000    2.9614    2.9614    2.9614    2.9614   1.000
   775.000   1112.000    3.2107    3.2107    3.2107    3.2107   1.000
   797.000   1112.000    3.7516    3.7516    3.7516    3.7516   1.000
   826.000   1112.000    0.2272    0.2272    0.2272    0.2272   1.000
   778.000   1113.000    3.3811    3.3811    3.3811    3.3811   1.000
   782.000   1113.000    4.3384    4.3384    4.3384    4.3384   1.000
   780.000   1114.000    3.4940    3.4940    3.4940    3.4940   1.000
   789.000   1114.000    3.0155    3.0155    3.0155    3.0155   1.000
   792.000   1114.000    3.8850    3.8850    3.8850    3.8850   1.000
   794.000   1114.000    3.5821    3.5821    3.5821    3.5821   1.000
   802.000   1114.000    1.8837    1.8837    1.8837    1.8837   1.000
   820.000   1114.000    1.2910    1.2910    1.2910    1.2910   1.000
   798.000   1115.000    3.2708    3.2708    3.2708    3.2708   1.000
   825.000   1115.000    1.6761    1.6761    1.6761    1.6761   1.000
   774.000   1116.000    4.2145    4.2145    4.2145    4.2145   1.000
   779.000   1116.000    3.2697    3.2697    3.2697    3.2697   1.000
   785.000   1116.000    5.1451    5.1451    5.1451    5.1451   1.000
   802.000   1116.000    2.4712    2.4712    2.4712    2.4712   1.000
   814.000   1116.000    3.7888    3.7888    3.7888    3.7888   1.000
   820.000   1116.000    2.3807    2.3807    2.3807    2.3807   1.000
   795.000   1117.000    3.7026    3.7026    3.7026    3.7026   1.000
   808.000   1117.000    0.4707    0.4707    0.4707    0.4707   1.000
   793.000   1118.000    3.3525    3.3525    3.3525    3.3525   1.000
   824.000   1118.000    2.6388    2.6388    2.6388    2.6388   1.000
   802.000   1119.000    3.5456    3.5456    3.5456    3.5456   1.000
   807.000   1119.000    3.9956    3.9956    3.9956    3.9956   1.000
   778.000   1120.000    1.7273    1.7273    1.7273    1.7273   1.000
   783.000   1120.000    3.6376    3.6376    3.6376    3.6376   1.000
   798.000   1120.000    3.4518    3.4518    3.4518    3.4518   1.000
   800.000   1120.000    3.2658    3.2658    3.2658    3.2658   1.000
   805.000   1120.000    3.4508    3.4508    3.4508    3.4508   1.000
   825.000   1120.000    3.1435    3.1435    3.1435    3.1435   1.000
   774.000   1121.000    3.9833    3.9833    3.9833    3.9833   1.000
   793.000   1121.000    3.4494    3.4494    3.4494    3.4494   1.000
   796.000   1121.000    2.4759    2.4759    2.4759    2.4759   1.000
   802.000   1121.000    2.1860    2.1860    2.1860    2.1860   1.000
   808.000   1121.000    2.9179    2.9179    2.9179    2.9179   1.000
   813.000   1121.000    2.9570    2.9570    2.9570    2.9570   1.000
   777.000   1122.000    1.1500    1.1500    1.1500    1.1500   1.000
   825.000   1122.000    5.0747    5.0747    5.0747    5.0747   1.000
   787.000   1123.000    3.9590    3.9590    3.9590    3.9590   1.000
   789.000   1123.000    3.6914    3.6914    3.6914    3.6914   1.000
   793.000   1123.000    3.3196    3.3196    3.3196    3.3196   1.000
   801.000   1123.000    3.7236    3.7236    3.7236    3.7236   1.000
   820.000   1123.000    3.6572    3.6572    3.6572    3.6572   1.000
   791.000   1124.000    3.2188    3.2188    3.2188    3.2188   1.000
   796.000   1124.000    2.7676    2.7676    2.7676    2.7676   1.000
   827.000   1124.000    3.6045    3.6045    3.6045    3.6045   1.000
   781.000   1125.000    1.7006    1.7006    1.7006    1.7006   1.000
   816.000   1125.000    3.8198    3.8198    3.8198    3.8198   1.000
   820.000   1125.000    4.0874    4.0874    4.0874    4.0874   1.000
   772.000   1126.000    2.7624    2.7624    2.7624    2.7624   1.000
   785.000   1126.000    1.2431    1.2431    1.2431    1.2431   1.000
   789.000   1126.000    3.8386    3.8386    3.8386    3.8386   1.000
   795.000   1126.000    4.5492    4.5492    4.5492    4.5492   1.000
   813.000   1126.000    3.4227    3.4227    3.4227    3.4227   1.000
   809.000   1127.000    4.1496    4.1496    4.1496    4.1496   1.000
   781.000   1128.000    2.3702    2.3702    2.3702    2.3702   1.000
   784.000   1128.000    2.7227    2.7227    2.7227    2.7227   1.000
   821.000   1128.000    4.3292    4.3292    4.3292    4.3292   1.000
   823.000   1129.000    4.0409    4.0409    4.0409    4.0409   1.000
   827.000   1129.000    0.1125    0.1125    0.1125    0.1125   1.000
   782.000   1130.000    3.5271    3.5271    3.5271    3.5271   1.000
   800.000   1130.000    3.7281    3.7281    3.7281    3.7281   1.000
   810.000   1130.000    2.0945    2.0945    2.0945    2.0945   1.000
   814.000   1130.000    3.3198    3.3198    3.3198    3.3198   1.000
   803.000   1131.000    3.6641    3.6641    3.6641    3.6641   1.000
   805.000   1131.000    3.3279    3.3279    3.3279    3.3279   1.000
   816.000   1131.000    3.6501    3.6501    3.6501    3.6501   1.000
   819.000   1132.000    4.2868    4.2868    4.2868    4.2868   1.000
   787.000   1133.000    4.7263    4.7263    4.7263    4.7263   1.000
   790.000   1133.000    3.5425    3.5425    3.5425    3.5425   1.000
   792.000   1133.000    3.7560    3.7560    3.7560    3.7560   1.000
   806.000   1133.000    3.8088    3.8088    3.8088    3.8088   1.000
   773.000   1134.000    3.0371    3.0371    3.0371    3.0371   1.000
   780.000   1134.000    3.3980    3.3980    3.3980    3.3980   1.000
   802.000   1134.000    3.5984    3.5984    3.5984    3.5984   1.000
   792.000   1135.000    2.5275    2.5275    2.5275    2.5275   1.000
   797.000   1135.000    3.2962    3.2962    3.2962    3.2962   1.000
   818.000   1135.000    3.2642    3.2642    3.2642    3.2642   1.000
   774.000   1136.000    1.9775    1.9775    1.9775    1.9775   1.000
   805.000   1136.000    2.1110    2.1110    2.1110    2.1110   1.000
   827.000   1136.000    3.2800    3.2800    3.2800    3.2800   1.000
   777.000   1137.000    3.2973    3.2973    3.2973    3.2973   1.000
   783.000   1137.000    4.5037    4.5037    4.5037    4.5037   1.000
   787.000   1137.000    3.3155    3.3155    3.3155    3.3155   1.000
   799.000   1137.000    2.9367    2.9367    2.9367    2.9367   1.000
   803.000   1137.000    1.9642    1.9642    1.9642    1.9642   1.000
   808.000   1137.000    3.3535    3.3535    3.3535    3.3535   1.000
   823.000   1137.000    4.0420    4.0420    4.0420    4.0420   1.000
   781.000   1138.000    4.0503    4.0503    4.0503    4.0503   1.000
   785.000   1138.000    3.7080    3.7080    3.7080    3.7080   1.000
   790.000   1138.000    3.0243    3.0243    3.0243    3.0243   1.000
   794.000   1139.000    3.7372    3.7372    3.7372    3.7372   1.000
   809.000   1139.000    3.6691    3.6691    3.6691    3.6691   1.000
   815.000   1139.000    3.2973    3.2973    3.2973    3.2973   1.000
   785.000   1140.000    3.0488    3.0488    3.0488    3.0488   1.000
   820.000   1140.000    3.7091    3.7091    3.7091    3.7091   1.000
   826.000   1140.000    3.3498    3.3498    3.3498    3.3498   1.000
   772.000   1141.000    3.2983    3.2983    3.2983    3.2983   1.000
   783.000   1141.000    3.0267    3.0267    3.0267    3.0267   1.000
   790.000   1141.000    2.8731    2.8731    2.8731    2.8731   1.000
   795.000   1141.000    3.7215    3.7215    3.7215    3.7215   1.000
   803.000   1141.000    3.6873    3.6873    3.6873    3.6873   1.000
   787.000   1142.000    0.8446    0.8446    0.8446    0.8446   1.000
   812.000   1142.000    3.5756    3.5756    3.5756    3.5756   1.000
   825.000   1143.000    4.0683    4.0683    4.0683    4.0683   1.000
   827.000   1143.000    3.5047    3.5047    3.5047    3.5047   1.000
   773.000   1144.000    3.8909    3.8909    3.8909    3.8909   1.000
   780.000   1144.000    3.5200    3.5200    3.5200    3.5200   1.000
   810.000   1144.000    3.2934    3.2934    3.2934    3.2934   1.000
   813.000   1145.000    3.8284    3.8284    3.8284    3.8284   1.000
   823.000   1145.000    3.4987    3.4987    3.4987    3.4987   1.000
   776.000   1146.000    2.3540    2.3540    2.3540    2.3540   1.000
   793.000   1146.000    3.7965    3.7965    3.7965    3.7965   1.000
   800.000   1146.000    3.8056    3.8056    3.8056    3.8056   1.000
   804.000   1146.000    3.7363    3.7363    3.7363    3.7363   1.000
   808.000   1146.000    3.4099    3.4099    3.4099    3.4099   1.000
   795.000   1147.000    3.7192    3.7192    3.7192    3.7192   1.000
   817.000   1147.000    4.5288    4.5288    4.5288    4.5288   1.000
   824.000   1147.000    5.1267    5.1267    5.1267    5.1267   1.000
   844.000   1092.000    4.0624    4.0624    4.0624    4.0624   1.000
   852.000   1092.000    3.1934    3.1934    3.1934    3.1934   1.000
   870.000   1092.000    3.3665    3.3665    3.3665    3.3665   1.000
   864.000   1093.000    3.9357    3.9357    3.9357    3.9357   1.000
   866.000   1093.000    4.7282    4.7282    4.7282    4.7282   1.000
   844.000   1094.000    3.7551    3.7551    3.7551    3.7551   1.000
   850.000   1094.000    3.7504    3.7504    3.7504    3.7504   1.000
   887.000   1094.000    2.1871    2.1871    2.1871    2.1871   1.000
   890.000   1094.000    2.0656    2.0656    2.0656    2.0656   1.000
   837.000   1095.000    3.4586    3.4586    3.4586    3.4586   1.000
   854.000   1095.000    3.5208    3.5208    3.5208    3.5208   1.000
   841.000   1096.000    3.9075    3.9075    3.9075    3.9075   1.000
   868.000   1096.000    3.1185    3.1185    3.1185    3.1185   1.000
   857.000   1097.000    2.8956    2.8956    2.8956    2.8956   1.000
   862.000   1098.000    3.1838    3.1838    3.1838    3.1838   1.000
   889.000   1098.000    3.6144    3.6144    3.6144    3.6144   1.000
   844.000   1099.000    4.0019    4.0019    4.0019    4.0019   1.000
   855.000   1099.000    3.1507    3.1507    3.1507    3.1507   1.000
   871.000   1099.000    3.7270    3.7270    3.7270    3.7270   1.000
   849.000   1100.000    3.6255    3.6255    3.6255    3.6255   1.000
   866.000   1100.000    3.2242    3.2242    3.2242    3.2242   1.000
   875.000   1100.000    3.3044    3.3044    3.3044    3.3044   1.000
   884.000   1100.000    3.7545    3.7545    3.7545    3.7545   1.000
   837.000   1101.000    5.4693    5.4693    5.4693    5.4693   1.000
   841.000   1101.000    3.1500    3.1500    3.1500    3.1500   1.000
   854.000   1101.000    2.0737    2.0737    2.0737    2.0737   1.000
   844.000   1102.000    3.8384    3.8384    3.8384    3.8384   1.000
   859.000   1102.000    2.4987    2.4987    2.4987    2.4987   1.000
   872.000   1102.000    4.5924    4.5924    4.5924    4.5924   1.000
   874.000   1102.000    4.1529    4.1529    4.1529    4.1529   1.000
   879.000   1102.000    3.3639    3.3639    3.3639    3.3639   1.000
   847.000   1103.000    3.1499    3.1499    3.1499    3.1499   1.000
   855.000   1103.000    0.5868    0.5868    0.5868    0.5868   1.000
   862.000   1103.000    3.5016    3.5016    3.5016    3.5016   1.000
   889.000   1103.000    3.1104    3.1104    3.1104    3.1104   1.000
   844.000   1104.000    2.6476    2.6476    2.6476    2.6476   1.000
   865.000   1104.000    4.3755    4.3755    4.3755    4.3755   1.000
   874.000   1104.000    2.6918    2.6918    2.6918    2.6918   1.000
   885.000   1104.000    4.2549    4.2549    4.2549    4.2549   1.000
   852.000   1105.000    2.8098    2.8098    2.8098    2.8098   1.000
   877.000   1105.000    4.3799    4.3799    4.3799    4.3799   1.000
   887.000   1105.000    3.1586    3.1586    3.1586    3.1586   1.000
   839.000   1106.000    3.1330    3.1330    3.1330    3.1330   1.000
   844.000   1106.000    3.8194    3.8194    3.8194    3.8194   1.000
   850.000   1106.000    3.6214    3.6214    3.6214    3.6214   1.000
   857.000   1106.000    2.9800    2.9800    2.9800    2.9800   1.000
   889.000   1106.000    2.5337    2.5337    2.5337    2.5337   1.000
   853.000   1107.000    2.3821    2.3821    2.3821    2.3821   1.000
   860.000   1107.000    2.3122    2.3122    2.3122    2.3122   1.000
   862.000   1107.000    4.6552    4.6552    4.6552    4.6552   1.000
   866.000   1107.000    3.6027    3.6027    3.6027    3.6027   1.000
   873.000   1107.000    3.2462    3.2462    3.2462    3.2462   1.000
   887.000   1107.000    2.9318    2.9318    2.9318    2.9318   1.000
   838.000   1108.000    4.4034    4.4034    4.4034    4.4034   1.000
   857.000   1108.000    2.1894    2.1894    2.1894    2.1894   1.000
   883.000   1108.000    3.2656    3.2656    3.2656    3.2656   1.000
   891.000   1108.000    3.9678    3.9678    3.9678    3.9678   1.000
   864.000   1109.000    3.6016    3.6016    3.6016    3.6016   1.000
   840.000   1110.000    4.2137    4.2137    4.2137    4.2137   1.000
   845.000   1110.000    3.4890    3.4890    3.4890    3.4890   1.000
   850.000   1110.000    5.1667    5.1667    5.1667    5.1667   1.000
   852.000   1110.000    3.0616    3.0616    3.0616    3.0616   1.000
   858.000   1110.000    2.5172    2.5172    2.5172    2.5172   1.000
   887.000   1110.000    3.0823    3.0823    3.0823    3.0823   1.000
   837.000   1111.000    3.9595    3.9595    3.9595    3.9595   1.000
   875.000   1111.000    3.8671    3.8671    3.8671    3.8671   1.000
   858.000   1112.000    0.7886    0.7886    0.7886    0.7886   1.000
   865.000   1112.000    1.6332    1.6332    1.6332    1.6332   1.000
   878.000   1112.000    4.0793    4.0793    4.0793    4.0793   1.000
   881.000   1112.000    3.3924    3.3924    3.3924    3.3924   1.000
   890.000   1112.000    3.4510    3.4510    3.4510    3.4510   1.000
   861.000   1113.000    2.1570    2.1570    2.1570    2.1570   1.000
   841.000   1114.000    3.6178    3.6178    3.6178    3.6178   1.000
   845.000   1114.000    2.7642    2.7642    2.7642    2.7642   1.000
   849.000   1114.000    4.0202    4.0202    4.0202    4.0202   1.000
   855.000   1114.000    3.2224    3.2224    3.2224    3.2224   1.000
   857.000   1114.000    0.9324    0.9324    0.9324    0.9324   1.000
   863.000   1114.000    4.5891    4.5891    4.5891    4.5891   1.000
   865.000   1114.000    2.3590    2.3590    2.3590    2.3590   1.000
   886.000   1114.000    5.4346    5.4346    5.4346    5.4346   1.000
   891.000   1114.000    3.3625    3.3625    3.3625    3.3625   1.000
   860.000   1115.000    3.7293    3.7293    3.7293    3.7293   1.000
   867.000   1115.000    5.1827    5.1827    5.1827    5.1827   1.000
   870.000   1115.000    2.5798    2.5798    2.5798    2.5798   1.000
   844.000   1116.000    1.8943    1.8943    1.8943    1.8943   1.000
   865.000   1116.000    3.3716    3.3716    3.3716    3.3716   1.000
   872.000   1116.000    4.4279    4.4279    4.4279    4.4279   1.000
   874.000   1116.000    3.9213    3.9213    3.9213    3.9213   1.000
   837.000   1117.000    3.4601    3.4601    3.4601    3.4601   1.000
   846.000   1117.000    3.3766    3.3766    3.3766    3.3766   1.000
   848.000   1117.000    4.3156    4.3156    4.3156    4.3156   1.000
   867.000   1117.000    3.3275    3.3275    3.3275    3.3275   1.000
   891.000   1117.000    3.2243    3.2243    3.2243    3.2243   1.000
   840.000   1118.000    3.4161    3.4161    3.4161    3.4161   1.000
   859.000   1118.000    3.5417    3.5417    3.5417    3.5417   1.000
   874.000   1118.000    3.9847    3.9847    3.9847    3.9847   1.000
   846.000   1119.000    3.1507    3.1507    3.1507    3.1507   1.000
   853.000   1119.000    4.2493    4.2493    4.2493    4.2493   1.000
   857.000   1119.000    4.3094    4.3094    4.3094    4.3094   1.000
   872.000   1119.000    3.9350    3.9350    3.9350    3.9350   1.000
   882.000   1119.000    3.7659    3.7659    3.7659    3.7659   1.000
   864.000   1120.000    2.0290    2.0290    2.0290    2.0290   1.000
   878.000   1120.000    1.6938    1.6938    1.6938    1.6938   1.000
   838.000   1121.000    4.5823    4.5823    4.5823    4.5823   1.000
   891.000   1121.000    4.3262    4.3262    4.3262    4.3262   1.000
   846.000   1122.000    2.6749    2.6749    2.6749    2.6749   1.000
   856.000   1122.000    3.1933    3.1933    3.1933    3.1933   1.000
   859.000   1122.000    3.9681    3.9681    3.9681    3.9681   1.000
   867.000   1122.000    4.6468    4.6468    4.6468    4.6468   1.000
   879.000   1122.000    3.1561    3.1561    3.1561    3.1561   1.000
   886.000   1122.000    2.3938    2.3938    2.3938    2.3938   1.000
   848.000   1123.000    2.3144    2.3144    2.3144    2.3144   1.000
   854.000   1123.000    2.7552    2.7552    2.7552    2.7552   1.000
   884.000   1123.000    2.2345    2.2345    2.2345    2.2345   1.000
   845.000   1124.000    4.0324    4.0324    4.0324    4.0324   1.000
   859.000   1124.000    4.4201    4.4201    4.4201    4.4201   1.000
   881.000   1124.000    3.5025    3.5025    3.5025    3.5025   1.000
   839.000   1125.000    3.2318    3.2318    3.2318    3.2318   1.000
   843.000   1125.000    3.4525    3.4525    3.4525    3.4525   1.000
   850.000   1125.000    5.5769    5.5769    5.5769    5.5769   1.000
   873.000   1125.000    4.3921    4.3921    4.3921    4.3921   1.000
   883.000   1125.000    4.2827    4.2827    4.2827    4.2827   1.000
   868.000   1126.000    3.8639    3.8639    3.8639    3.8639   1.000
   877.000   1126.000    2.5998    2.5998    2.5998    2.5998   1.000
   881.000   1126.000    3.2190    3.2190    3.2190    3.2190   1.000
   865.000   1127.000    6.1524    6.1524    6.1524    6.1524   1.000
   847.000   1128.000    3.3863    3.3863    3.3863    3.3863   1.000
   860.000   1128.000    3.4405    3.4405    3.4405    3.4405   1.000
   841.000   1129.000    3.1619    3.1619    3.1619    3.1619   1.000
   845.000   1129.000    2.4669    2.4669    2.4669    2.4669   1.000
   852.000   1129.000    3.9023    3.9023    3.9023    3.9023   1.000
   863.000   1129.000    3.6226    3.6226    3.6226    3.6226   1.000
   882.000   1129.000    3.2286    3.2286    3.2286    3.2286   1.000
   854.000   1130.000    2.6176    2.6176    2.6176    2.6176   1.000
   867.000   1130.000    5.7624    5.7624    5.7624    5.7624   1.000
   871.000   1130.000    3.7905    3.7905    3.7905    3.7905   1.000
   884.000   1130.000    4.2733    4.2733    4.2733    4.2733   1.000
   886.000   1130.000    4.0070    4.0070    4.0070    4.0070   1.000
   843.000   1132.000    2.5770    2.5770    2.5770    2.5770   1.000
   870.000   1132.000    3.0010    3.0010    3.0010    3.0010   1.000
   872.000   1132.000    4.4182    4.4182    4.4182    4.4182   1.000
   886.000   1132.000    4.4438    4.4438    4.4438    4.4438   1.000
   857.000   1133.000    2.7964    2.7964    2.7964    2.7964   1.000
   862.000   1133.000    4.7339    4.7339    4.7339    4.7339   1.000
   879.000   1133.000    3.7247    3.7247    3.7247    3.7247   1.000
   881.000   1133.000    4.4480    4.4480    4.4480    4.4480   1.000
   883.000   1133.000    4.3050    4.3050    4.3050    4.3050   1.000
   845.000   1134.000    4.4793    4.4793    4.4793    4.4793   1.000
   870.000   1134.000    3.8637    3.8637    3.8637    3.8637   1.000
   874.000   1134.000    3.7733    3.7733    3.7733    3.7733   1.000
   865.000   1135.000    3.8332    3.8332    3.8332    3.8332   1.000
   886.000   1135.000    4.0440    4.0440    4.0440    4.0440   1.000
   888.000   1135.000    3.3666    3.3666    3.3666    3.3666   1.000
   842.000   1136.000    4.6226    4.6226    4.6226    4.6226   1.000
   859.000   1136.000    3.3838    3.3838    3.3838    3.3838   1.000
   883.000   1136.000    3.5921    3.5921    3.5921    3.5921   1.000
   849.000   1137.000    3.8663    3.8663    3.8663    3.8663   1.000
   852.000   1138.000    3.7876    3.7876    3.7876    3.7876   1.000
   869.000   1138.000    0.3514    0.3514    0.3514    0.3514   1.000
   872.000   1138.000    4.5529    4.5529    4.5529    4.5529   1.000
   839.000   1139.000    3.7255    3.7255    3.7255    3.7255   1.000
   847.000   1139.000    2.4219    2.4219    2.4219    2.4219   1.000
   864.000   1139.000    2.4317    2.4317    2.4317    2.4317   1.000
   889.000   1139.000    3.5842    3.5842    3.5842    3.5842   1.000
   842.000   1140.000    1.5702    1.5702    1.5702    1.5702   1.000
   844.000   1140.000    2.0551    2.0551    2.0551    2.0551   1.000
   868.000   1140.000    2.1672    2.1672    2.1672    2.1672   1.000
   884.000   1140.000    3.5848    3.5848    3.5848    3.5848   1.000
   836.000   1141.000    3.1274    3.1274    3.1274    3.1274   1.000
   838.000   1142.000    3.5143    3.5143    3.5143    3.5143   1.000
   852.000   1142.000    3.0328    3.0328    3.0328    3.0328   1.000
   854.000   1142.000    3.7599    3.7599    3.7599    3.7599   1.000
   858.000   1142.000    3.7988    3.7988    3.7988    3.7988   1.000
   867.000   1142.000    0.9335    0.9335    0.9335    0.9335   1.000
   872.000   1142.000    3.1966    3.1966    3.1966    3.1966   1.000
   881.000   1142.000    2.8430    2.8430    2.8430    2.8430   1.000
   884.000   1142.000    4.0820    4.0820    4.0820    4.0820   1.000
   886.000   1142.000    3.5931    3.5931    3.5931    3.5931   1.000
   888.000   1142.000    3.0047    3.0047    3.0047    3.0047   1.000
   840.000   1143.000    3.9465    3.9465    3.9465    3.9465   1.000
   863.000   1144.000    1.9029    1.9029    1.9029    1.9029   1.000
   866.000   1144.000    1.0474    1.0474    1.0474    1.0474   1.000
   868.000   1144.000    0.9806    0.9806    0.9806    0.9806   1.000
   880.000   1144.000    2.6839    2.6839    2.6839    2.6839   1.000
   854.000   1145.000    2.9257    2.9257    2.9257    2.9257   1.000
   861.000   1145.000    4.6655    4.6655    4.6655    4.6655   1.000
   874.000   1145.000    2.9529    2.9529    2.9529    2.9529   1.000
   876.000   1145.000    2.6902    2.6902    2.6902    2.6902   1.000
   878.000   1145.000    1.3939    1.3939    1.3939    1.3939   1.000
   886.000   1145.000    3.7496    3.7496    3.7496    3.7496   1.000
   837.000   1146.000    3.5767    3.5767    3.5767    3.5767   1.000
   850.000   1146.000    3.9932    3.9932    3.9932    3.9932   1.000
   889.000   1146.000    4.2491    4.2491    4.2491    4.2491   1.000
   865.000   1147.000    3.0305    3.0305    3.0305    3.0305   1.000
   875.000   1147.000    2.8806    2.8806    2.8806    2.8806   1.000
   909.000   1092.000    2.2142    2.2142    2.2142    2.2142   1.000
   911.000   1092.000    3.3162    3.3162    3.3162    3.3162   1.000
   922.000   1092.000    3.8615    3.8615    3.8615    3.8615   1.000
   913.000   1093.000    3.4924    3.4924    3.4924    3.4924   1.000
   927.000   1093.000    2.8719    2.8719    2.8719    2.8719   1.000
   949.000   1093.000    3.7314    3.7314    3.7314    3.7314   1.000
   907.000   1094.000    3.9311    3.9311    3.9311    3.9311   1.000
   918.000   1094.000    3.6250    3.6250    3.6250    3.6250   1.000
   924.000   1094.000    3.5471    3.5471    3.5471    3.5471   1.000
   902.000   1095.000    3.1348    3.1348    3.1348    3.1348   1.000
   909.000   1095.000    2.9618    2.9618    2.9618    2.9618   1.000
   944.000   1095.000    2.8321    2.8321    2.8321    2.8321   1.000
   950.000   1095.000    2.7658    2.7658    2.7658    2.7658   1.000
   906.000   1096.000    4.0302    4.0302    4.0302    4.0302   1.000
   929.000   1096.000    3.6104    3.6104    3.6104    3.6104   1.000
   931.000   1096.000    3.0336    3.0336    3.0336    3.0336   1.000
   938.000   1096.000    2.8353    2.8353    2.8353    2.8353   1.000
   940.000   1096.000    3.2291    3.2291    3.2291    3.2291   1.000
   942.000   1096.000    3.1969    3.1969    3.1969    3.1969   1.000
   904.000   1097.000    3.8118    3.8118    3.8118    3.8118   1.000
   911.000   1097.000    3.5008    3.5008    3.5008    3.5008   1.000
   906.000   1098.000    2.6929    2.6929    2.6929    2.6929   1.000
   914.000   1098.000    3.7727    3.7727    3.7727    3.7727   1.000
   936.000   1098.000    3.2778    3.2778    3.2778    3.2778   1.000
   955.000   1098.000    3.6551    3.6551    3.6551    3.6551   1.000
   931.000   1099.000    3.3010    3.3010    3.3010    3.3010   1.000
   941.000   1099.000    0.2591    0.2591    0.2591    0.2591   1.000
   921.000   1100.000    3.3477    3.3477    3.3477    3.3477   1.000
   928.000   1100.000    3.3701    3.3701    3.3701    3.3701   1.000
   936.000   1100.000    2.9078    2.9078    2.9078    2.9078   1.000
   938.000   1100.000    4.1904    4.1904    4.1904    4.1904   1.000
   943.000   1100.000    2.1737    2.1737    2.1737    2.1737   1.000
   905.000   1101.000    3.4030    3.4030    3.4030    3.4030   1.000
   940.000   1101.000   -0.1154   -0.1154   -0.1154   -0.1154   1.000
   948.000   1101.000    3.3030    3.3030    3.3030    3.3030   1.000
   914.000   1102.000    2.9727    2.9727    2.9727    2.9727   1.000
   928.000   1102.000    3.1333    3.1333    3.1333    3.1333   1.000
   932.000   1102.000    3.8247    3.8247    3.8247    3.8247   1.000
   937.000   1102.000    1.6589    1.6589    1.6589    1.6589   1.000
   944.000   1102.000    2.9011    2.9011    2.9011    2.9011   1.000
   946.000   1102.000    3.1828    3.1828    3.1828    3.1828   1.000
   955.000   1102.000    4.9348    4.9348    4.9348    4.9348   1.000
   919.000   1103.000    2.4952    2.4952    2.4952    2.4952   1.000
   950.000   1103.000    2.6481    2.6481    2.6481    2.6481   1.000
   909.000   1104.000    2.8670    2.8670    2.8670    2.8670   1.000
   936.000   1104.000    2.5940    2.5940    2.5940    2.5940   1.000
   942.000   1104.000    3.2392    3.2392    3.2392    3.2392   1.000
   944.000   1104.000    3.6046    3.6046    3.6046    3.6046   1.000
   913.000   1105.000    3.3965    3.3965    3.3965    3.3965   1.000
   917.000   1105.000    2.6370    2.6370    2.6370    2.6370   1.000
   903.000   1106.000    3.6937    3.6937    3.6937    3.6937   1.000
   907.000   1106.000    2.8697    2.8697    2.8697    2.8697   1.000
   910.000   1106.000    3.2861    3.2861    3.2861    3.2861   1.000
   931.000   1106.000    3.3180    3.3180    3.3180    3.3180   1.000
   934.000   1106.000    4.5860    4.5860    4.5860    4.5860   1.000
   939.000   1106.000    4.7758    4.7758    4.7758    4.7758   1.000
   941.000   1106.000    2.1501    2.1501    2.1501    2.1501   1.000
   947.000   1106.000    3.3051    3.3051    3.3051    3.3051   1.000
   950.000   1106.000    2.1523    2.1523    2.1523    2.1523   1.000
   954.000   1106.000    4.5098    4.5098    4.5098    4.5098   1.000
   943.000   1107.000    1.8108    1.8108    1.8108    1.8108   1.000
   900.000   1108.000    3.6416    3.6416    3.6416    3.6416   1.000
   911.000   1108.000    3.4398    3.4398    3.4398    3.4398   1.000
   935.000   1108.000    3.9510    3.9510    3.9510    3.9510   1.000
   938.000   1108.000    3.3742    3.3742    3.3742    3.3742   1.000
   946.000   1108.000    2.5385    2.5385    2.5385    2.5385   1.000
   951.000   1108.000    4.1472    4.1472    4.1472    4.1472   1.000
   907.000   1109.000    2.9084    2.9084    2.9084    2.9084   1.000
   917.000   1109.000    3.7529    3.7529    3.7529    3.7529   1.000
   924.000   1109.000    4.0087    4.0087    4.0087    4.0087   1.000
   954.000   1109.000    3.3332    3.3332    3.3332    3.3332   1.000
   913.000   1110.000    4.1137    4.1137    4.1137    4.1137   1.000
   919.000   1110.000    3.0858    3.0858    3.0858    3.0858   1.000
   941.000   1110.000    3.1999    3.1999    3.1999    3.1999   1.000
   948.000   1110.000    3.3304    3.3304    3.3304    3.3304   1.000
   931.000   1111.000    3.4391    3.4391    3.4391    3.4391   1.000
   933.000   1111.000    4.1143    4.1143    4.1143    4.1143   1.000
   937.000   1111.000    4.0375    4.0375    4.0375    4.0375   1.000
   946.000   1111.000    2.7678    2.7678    2.7678    2.7678   1.000
   955.000   1111.000    4.0189    4.0189    4.0189    4.0189   1.000
   923.000   1112.000    2.9435    2.9435    2.9435    2.9435   1.000
   902.000   1113.000    3.1547    3.1547    3.1547    3.1547   1.000
   950.000   1113.000    3.4069    3.4069    3.4069    3.4069   1.000
   919.000   1114.000    2.8742    2.8742    2.8742    2.8742   1.000
   930.000   1114.000    3.5090    3.5090    3.5090    3.5090   1.000
   934.000   1114.000    1.6661    1.6661    1.6661    1.6661   1.000
   945.000   1114.000    3.8698    3.8698    3.8698    3.8698   1.000
   953.000   1114.000    3.3580    3.3580    3.3580    3.3580   1.000
   955.000   1114.000    4.2123    4.2123    4.2123    4.2123   1.000
   909.000   1115.000    4.6068    4.6068    4.6068    4.6068   1.000
   911.000   1115.000    4.2222    4.2222    4.2222    4.2222   1.000
   903.000   1116.000    3.3405    3.3405    3.3405    3.3405   1.000
   930.000   1116.000    3.4811    3.4811    3.4811    3.4811   1.000
   941.000   1116.000    2.6130    2.6130    2.6130    2.6130   1.000
   952.000   1116.000    3.8777    3.8777    3.8777    3.8777   1.000
   943.000   1117.000    3.7305    3.7305    3.7305    3.7305   1.000
   914.000   1118.000    3.6218    3.6218    3.6218    3.6218   1.000
   936.000   1118.000    3.9535    3.9535    3.9535    3.9535   1.000
   953.000   1118.000    2.4146    2.4146    2.4146    2.4146   1.000
   906.000   1119.000    3.4124    3.4124    3.4124    3.4124   1.000
   912.000   1119.000    4.0402    4.0402    4.0402    4.0402   1.000
   940.000   1119.000    2.5046    2.5046    2.5046    2.5046   1.000
   901.000   1120.000    0.4638    0.4638    0.4638    0.4638   1.000
   924.000   1120.000    3.5860    3.5860    3.5860    3.5860   1.000
   949.000   1120.000    2.8776    2.8776    2.8776    2.8776   1.000
   913.000   1121.000    3.4250    3.4250    3.4250    3.4250   1.000
   932.000   1121.000    3.1547    3.1547    3.1547    3.1547   1.000
   940.000   1121.000    3.7811    3.7811    3.7811    3.7811   1.000
   909.000   1122.000    3.6288    3.6288    3.6288    3.6288   1.000
   926.000   1122.000    3.6394    3.6394    3.6394    3.6394   1.000
   930.000   1122.000    3.7830    3.7830    3.7830    3.7830   1.000
   951.000   1122.000    3.8585    3.8585    3.8585    3.8585   1.000
   939.000   1123.000    2.3841    2.3841    2.3841    2.3841   1.000
   955.000   1123.000    2.0803    2.0803    2.0803    2.0803   1.000
   909.000   1124.000    3.4473    3.4473    3.4473    3.4473   1.000
   921.000   1124.000    2.9984    2.9984    2.9984    2.9984   1.000
   928.000   1124.000    4.4283    4.4283    4.4283    4.4283   1.000
   945.000   1124.000    1.4805    1.4805    1.4805    1.4805   1.000
   952.000   1124.000    3.7083    3.7083    3.7083    3.7083   1.000
   933.000   1125.000    2.3338    2.3338    2.3338    2.3338   1.000
   901.000   1126.000    3.5637    3.5637    3.5637    3.5637   1.000
   912.000   1126.000    2.8819    2.8819    2.8819    2.8819   1.000
   917.000   1126.000    3.5062    3.5062    3.5062    3.5062   1.000
   924.000   1126.000    3.9536    3.9536    3.9536    3.9536   1.000
   931.000   1126.000    2.4711    2.4711    2.4711    2.4711   1.000
   950.000   1126.000    3.0954    3.0954    3.0954    3.0954   1.000
   940.000   1127.000    4.3133    4.3133    4.3133    4.3133   1.000
   944.000   1127.000    3.5128    3.5128    3.5128    3.5128   1.000
   947.000   1127.000    3.4336    3.4336    3.4336    3.4336   1.000
   911.000   1128.000    3.3094    3.3094    3.3094    3.3094   1.000
   914.000   1128.000    3.5150    3.5150    3.5150    3.5150   1.000
   929.000   1128.000    3.8129    3.8129    3.8129    3.8129   1.000
   932.000   1128.000    2.7634    2.7634    2.7634    2.7634   1.000
   935.000   1128.000    5.2457    5.2457    5.2457    5.2457   1.000
   937.000   1128.000    3.7800    3.7800    3.7800    3.7800   1.000
   954.000   1128.000    0.3747    0.3747    0.3747    0.3747   1.000
   907.000   1129.000    4.3439    4.3439    4.3439    4.3439   1.000
   920.000   1129.000    3.1001    3.1001    3.1001    3.1001   1.000
   945.000   1129.000    3.1011    3.1011    3.1011    3.1011   1.000
   950.000   1129.000    3.2985    3.2985    3.2985    3.2985   1.000
   910.000   1130.000    2.1459    2.1459    2.1459    2.1459   1.000
   914.000   1130.000    3.6399    3.6399    3.6399    3.6399   1.000
   929.000   1130.000    3.6054    3.6054    3.6054    3.6054   1.000
   934.000   1130.000    3.2828    3.2828    3.2828    3.2828   1.000
   943.000   1130.000    3.5196    3.5196    3.5196    3.5196   1.000
   905.000   1131.000    4.1500    4.1500    4.1500    4.1500   1.000
   951.000   1131.000    3.0410    3.0410    3.0410    3.0410   1.000
   910.000   1132.000    3.7130    3.7130    3.7130    3.7130   1.000
   921.000   1133.000    2.4141    2.4141    2.4141    2.4141   1.000
   937.000   1133.000    3.7124    3.7124    3.7124    3.7124   1.000
   901.000   1134.000    3.6744    3.6744    3.6744    3.6744   1.000
   935.000   1134.000    2.7999    2.7999    2.7999    2.7999   1.000
   944.000   1134.000    0.2191    0.2191    0.2191    0.2191   1.000
   948.000   1134.000    2.1874    2.1874    2.1874    2.1874   1.000
   950.000   1134.000    2.2015    2.2015    2.2015    2.2015   1.000
   955.000   1134.000    2.7006    2.7006    2.7006    2.7006   1.000
   909.000   1135.000    2.1625    2.1625    2.1625    2.1625   1.000
   920.000   1135.000    2.8968    2.8968    2.8968    2.8968   1.000
   933.000   1135.000    2.5307    2.5307    2.5307    2.5307   1.000
   939.000   1135.000    3.9828    3.9828    3.9828    3.9828   1.000
   901.000   1136.000    2.3080    2.3080    2.3080    2.3080   1.000
   916.000   1136.000    2.9351    2.9351    2.9351    2.9351   1.000
   923.000   1136.000    3.8363    3.8363    3.8363    3.8363   1.000
   948.000   1136.000    2.5812    2.5812    2.5812    2.5812   1.000
   954.000   1136.000    3.2657    3.2657    3.2657    3.2657   1.000
   906.000   1137.000    3.3753    3.3753    3.3753    3.3753   1.000
   909.000   1137.000    1.3608    1.3608    1.3608    1.3608   1.000
   936.000   1137.000    3.2051    3.2051    3.2051    3.2051   1.000
   940.000   1137.000    4.1550    4.1550    4.1550    4.1550   1.000
   946.000   1137.000    3.2129    3.2129    3.2129    3.2129   1.000
   902.000   1138.000    4.0107    4.0107    4.0107    4.0107   1.000
   922.000   1138.000    3.2184    3.2184    3.2184    3.2184   1.000
   934.000   1138.000    3.5612    3.5612    3.5612    3.5612   1.000
   930.000   1139.000    2.5038    2.5038    2.5038    2.5038   1.000
   949.000   1139.000    2.1989    2.1989    2.1989    2.1989   1.000
   952.000   1139.000    2.2980    2.2980    2.2980    2.2980   1.000
   915.000   1140.000    3.4831    3.4831    3.4831    3.4831   1.000
   934.000   1140.000    3.3221    3.3221    3.3221    3.3221   1.000
   940.000   1140.000    4.1143    4.1143    4.1143    4.1143   1.000
   947.000   1140.000    2.3833    2.3833    2.3833    2.3833   1.000
   955.000   1140.000    0.9181    0.9181    0.9181    0.9181   1.000
   921.000   1141.000    2.7786    2.7786    2.7786    2.7786   1.000
   931.000   1141.000    3.3910    3.3910    3.3910    3.3910   1.000
   944.000   1141.000    3.1559    3.1559    3.1559    3.1559   1.000
   952.000   1141.000    0.6207    0.6207    0.6207    0.6207   1.000
   903.000   1142.000    3.6449    3.6449    3.6449    3.6449   1.000
   907.000   1142.000    2.9162    2.9162    2.9162    2.9162   1.000
   912.000   1142.000    2.5008    2.5008    2.5008    2.5008   1.000
   926.000   1142.000    4.2070    4.2070    4.2070    4.2070   1.000
   948.000   1143.000    3.1696    3.1696    3.1696    3.1696   1.000
   953.000   1143.000    0.7343    0.7343    0.7343    0.7343   1.000
   910.000   1144.000    1.7983    1.7983    1.7983    1.7983   1.000
   914.000   1144.000    2.6356    2.6356    2.6356    2.6356   1.000
   919.000   1144.000    3.5871    3.5871    3.5871    3.5871   1.000
   926.000   1144.000    1.7344    1.7344    1.7344    1.7344   1.000
   935.000   1144.000    3.7816    3.7816    3.7816    3.7816   1.000
   946.000   1144.000    2.6186    2.6186    2.6186    2.6186   1.000
   951.000   1144.000    2.9343    2.9343    2.9343    2.9343   1.000
   912.000   1145.000    3.0026    3.0026    3.0026    3.0026   1.000
   933.000   1145.000    3.3611    3.3611    3.3611    3.3611   1.000
   914.000   1146.000    2.9915    2.9915    2.9915    2.9915   1.000
   942.000   1146.000    1.3756    1.3756    1.3756    1.3756   1.000
   950.000   1146.000    3.2485    3.2485    3.2485    3.2485   1.000
   917.000   1147.000    3.9272    3.9272    3.9272    3.9272   1.000
   924.000   1147.000    2.4019    2.4019    2.4019    2.4019   1.000
   936.000   1147.000    4.0032    4.0032    4.0032    4.0032   1.000
   975.000   1092.000    2.6215    2.6215    2.6215    2.6215   1.000
   996.000   1092.000    2.7477    2.7477    2.7477    2.7477   1.000
  1002.000   1092.000    3.5851    3.5851    3.5851    3.5851   1.000
  1009.000   1092.000    3.4473    3.4473    3.4473    3.4473   1.000
  1011.000   1092.000    1.9185    1.9185    1.9185    1.9185   1.000
   986.000   1093.000    3.3153    3.3153    3.3153    3.3153   1.000
   988.000   1093.000    2.6814    2.6814    2.6814    2.6814   1.000
  1019.000   1093.000    4.3751    4.3751    4.3751    4.3751   1.000
   978.000   1094.000    3.7763    3.7763    3.7763    3.7763   1.000
   984.000   1094.000    2.5460    2.5460    2.5460    2.5460   1.000
  1005.000   1094.000    3.0463    3.0463    3.0463    3.0463   1.000
   974.000   1095.000    3.8829    3.8829    3.8829    3.8829   1.000
   995.000   1095.000    4.0336    4.0336    4.0336    4.0336   1.000
   997.000   1095.000    3.5639    3.5639    3.5639    3.5639   1.000
  1012.000   1095.000    3.1407    3.1407    3.1407    3.1407   1.000
   964.000   1096.000    4.2090    4.2090    4.2090    4.2090   1.000
  1004.000   1096.000    0.9054    0.9054    0.9054    0.9054   1.000
  1019.000   1096.000    3.4585    3.4585    3.4585    3.4585   1.000
   992.000   1098.000    0.7706    0.7706    0.7706    0.7706   1.000
   994.000   1098.000    3.0739    3.0739    3.0739    3.0739   1.000
  1007.000   1098.000    3.2809    3.2809    3.2809    3.2809   1.000
  1016.000   1098.000    3.3884    3.3884    3.3884    3.3884   1.000
   975.000   1099.000    4.1579    4.1579    4.1579    4.1579   1.000
   988.000   1099.000    3.0277    3.0277    3.0277    3.0277   1.000
  1001.000   1099.000    4.7782    4.7782    4.7782    4.7782   1.000
  1012.000   1099.000    2.5638    2.5638    2.5638    2.5638   1.000
  1003.000   1100.000    2.4564    2.4564    2.4564    2.4564   1.000
   991.000   1101.000    2.0862    2.0862    2.0862    2.0862   1.000
   996.000   1101.000    2.8183    2.8183    2.8183    2.8183   1.000
  1008.000   1101.000    3.2459    3.2459    3.2459    3.2459   1.000
   989.000   1102.000    3.1746    3.1746    3.1746    3.1746   1.000
   994.000   1102.000    3.3014    3.3014    3.3014    3.3014   1.000
   978.000   1103.000    3.4332    3.4332    3.4332    3.4332   1.000
  1008.000   1103.000    3.7139    3.7139    3.7139    3.7139   1.000
   985.000   1104.000    3.9706    3.9706    3.9706    3.9706   1.000
   999.000   1104.000    2.2800    2.2800    2.2800    2.2800   1.000
  1012.000   1104.000    3.4143    3.4143    3.4143    3.4143   1.000
   975.000   1105.000    3.3100    3.3100    3.3100    3.3100   1.000
   977.000   1105.000    2.7252    2.7252    2.7252    2.7252   1.000
   990.000   1105.000    2.8903    2.8903    2.8903    2.8903   1.000
   996.000   1105.000    1.7071    1.7071    1.7071    1.7071   1.000
   971.000   1106.000    3.3221    3.3221    3.3221    3.3221   1.000
   999.000   1106.000    2.6113    2.6113    2.6113    2.6113   1.000
  1008.000   1106.000    1.7359    1.7359    1.7359    1.7359   1.000
   995.000   1107.000    1.3133    1.3133    1.3133    1.3133   1.000
  1003.000   1107.000    2.7837    2.7837    2.7837    2.7837   1.000
  1011.000   1107.000    2.6626    2.6626    2.6626    2.6626   1.000
  1016.000   1107.000    3.5041    3.5041    3.5041    3.5041   1.000
   966.000   1108.000    2.1726    2.1726    2.1726    2.1726   1.000
   980.000   1108.000    0.3527    0.3527    0.3527    0.3527   1.000
   983.000   1108.000    2.9623    2.9623    2.9623    2.9623   1.000
   992.000   1108.000    4.0686    4.0686    4.0686    4.0686   1.000
  1000.000   1108.000    4.0758    4.0758    4.0758    4.0758   1.000
  1006.000   1108.000    2.2261    2.2261    2.2261    2.2261   1.000
  1019.000   1108.000    0.6810    0.6810    0.6810    0.6810   1.000
   970.000   1109.000    2.6248    2.6248    2.6248    2.6248   1.000
   972.000   1109.000    2.8792    2.8792    2.8792    2.8792   1.000
   997.000   1109.000    3.0264    3.0264    3.0264    3.0264   1.000
  1004.000   1109.000    3.7620    3.7620    3.7620    3.7620   1.000
  1012.000   1109.000    2.3028    2.3028    2.3028    2.3028   1.000
   964.000   1110.000    2.4010    2.4010    2.4010    2.4010   1.000
   968.000   1110.000    3.8678    3.8678    3.8678    3.8678   1.000
   975.000   1110.000    3.1594    3.1594    3.1594    3.1594   1.000
   983.000   1110.000    3.2833    3.2833    3.2833    3.2833   1.000
   970.000   1111.000    2.7192    2.7192    2.7192    2.7192   1.000
  1002.000   1111.000    3.1154    3.1154    3.1154    3.1154   1.000
  1013.000   1111.000    3.0166    3.0166    3.0166    3.0166   1.000
   967.000   1112.000    2.2178    2.2178    2.2178    2.2178   1.000
   981.000   1112.000    3.2850    3.2850    3.2850    3.2850   1.000
  1007.000   1112.000   -0.2328   -0.2328   -0.2328   -0.2328   1.000
   970.000   1113.000    2.3494    2.3494    2.3494    2.3494   1.000
   978.000   1113.000    3.4565    3.4565    3.4565    3.4565   1.000
   998.000   1113.000    3.5805    3.5805    3.5805    3.5805   1.000
  1010.000   1113.000    3.8152    3.8152    3.8152    3.8152   1.000
  1018.000   1113.000    0.2450    0.2450    0.2450    0.2450   1.000
   964.000   1114.000    3.7837    3.7837    3.7837    3.7837   1.000
   980.000   1114.000    3.1770    3.1770    3.1770    3.1770   1.000
   991.000   1114.000    2.6811    2.6811    2.6811    2.6811   1.000
   975.000   1115.000    3.6455    3.6455    3.6455    3.6455   1.000
   986.000   1115.000    4.1301    4.1301    4.1301    4.1301   1.000
  1014.000   1115.000    4.0217    4.0217    4.0217    4.0217   1.000
   968.000   1116.000    2.9898    2.9898    2.9898    2.9898   1.000
  1007.000   1116.000    2.5354    2.5354    2.5354    2.5354   1.000
  1009.000   1116.000    2.7351    2.7351    2.7351    2.7351   1.000
   964.000   1117.000    3.3072    3.3072    3.3072    3.3072   1.000
   988.000   1117.000    0.4536    0.4536    0.4536    0.4536   1.000
   993.000   1117.000    3.2513    3.2513    3.2513    3.2513   1.000
  1011.000   1117.000    4.3364    4.3364    4.3364    4.3364   1.000
  1019.000   1117.000    1.6710    1.6710    1.6710    1.6710   1.000
   970.000   1118.000    2.4490    2.4490    2.4490    2.4490   1.000
   979.000   1118.000    3.6991    3.6991    3.6991    3.6991   1.000
  1009.000   1118.000    3.2496    3.2496    3.2496    3.2496   1.000
   987.000   1119.000    1.4003    1.4003    1.4003    1.4003   1.000
  1004.000   1119.000    1.7607    1.7607    1.7607    1.7607   1.000
   968.000   1120.000    3.6856    3.6856    3.6856    3.6856   1.000
   991.000   1120.000    1.9684    1.9684    1.9684    1.9684   1.000
  1012.000   1120.000    3.9173    3.9173    3.9173    3.9173   1.000
   994.000   1121.000    2.6245    2.6245    2.6245    2.6245   1.000
  1017.000   1121.000    3.0448    3.0448    3.0448    3.0448   1.000
   981.000   1122.000    3.2664    3.2664    3.2664    3.2664   1.000
   984.000   1122.000    3.1610    3.1610    3.1610    3.1610   1.000
   990.000   1122.000    2.6562    2.6562    2.6562    2.6562   1.000
   999.000   1122.000    3.4532    3.4532    3.4532    3.4532   1.000
  1005.000   1122.000   -0.0007   -0.0007   -0.0007   -0.0007   1.000
   965.000   1123.000    3.2463    3.2463    3.2463    3.2463   1.000
   979.000   1123.000    3.3342    3.3342    3.3342    3.3342   1.000
   994.000   1123.000    3.8157    3.8157    3.8157    3.8157   1.000
  1009.000   1123.000    2.7374    2.7374    2.7374    2.7374   1.000
   982.000   1124.000    3.2176    3.2176    3.2176    3.2176   1.000
   984.000   1124.000    5.0542    5.0542    5.0542    5.0542   1.000
   986.000   1124.000    2.4423    2.4423    2.4423    2.4423   1.000
   990.000   1124.000    1.7626    1.7626    1.7626    1.7626   1.000
  1003.000   1124.000    3.4636    3.4636    3.4636    3.4636   1.000
   965.000   1125.000    2.1980    2.1980    2.1980    2.1980   1.000
   993.000   1125.000    3.1035    3.1035    3.1035    3.1035   1.000
  1001.000   1125.000    2.5075    2.5075    2.5075    2.5075   1.000
  1007.000   1125.000    2.6206    2.6206    2.6206    2.6206   1.000
  1009.000   1125.000    2.4803    2.4803    2.4803    2.4803   1.000
   984.000   1126.000    3.6136    3.6136    3.6136    3.6136   1.000
   989.000   1126.000    1.6219    1.6219    1.6219    1.6219   1.000
   991.000   1126.000    3.6049    3.6049    3.6049    3.6049   1.000
   997.000   1126.000    3.0364    3.0364    3.0364    3.0364   1.000
  1018.000   1126.000    4.3804    4.3804    4.3804    4.3804   1.000
   967.000   1127.000    3.5848    3.5848    3.5848    3.5848   1.000
   979.000   1127.000    3.2996    3.2996    3.2996    3.2996   1.000
   965.000   1128.000    3.1156    3.1156    3.1156    3.1156   1.000
  1002.000   1128.000    2.6060    2.6060    2.6060    2.6060   1.000
  1004.000   1128.000    2.0193    2.0193    2.0193    2.0193   1.000
  1009.000   1128.000    4.5279    4.5279    4.5279    4.5279   1.000
  1011.000   1128.000    3.3147    3.3147    3.3147    3.3147   1.000
   969.000   1130.000    3.3888    3.3888    3.3888    3.3888   1.000
   978.000   1130.000    2.2005    2.2005    2.2005    2.2005   1.000
   992.000   1130.000    2.1644    2.1644    2.1644    2.1644   1.000
   994.000   1130.000    3.4879    3.4879    3.4879    3.4879   1.000
  1012.000   1130.000    3.3560    3.3560    3.3560    3.3560   1.000
   964.000   1131.000    3.5988    3.5988    3.5988    3.5988   1.000
   975.000   1131.000    3.3874    3.3874    3.3874    3.3874   1.000
   989.000   1131.000    3.2464    3.2464    3.2464    3.2464   1.000
   979.000   1132.000    1.9034    1.9034    1.9034    1.9034   1.000
   991.000   1132.000    2.9847    2.9847    2.9847    2.9847   1.000
  1011.000   1132.000    1.0316    1.0316    1.0316    1.0316   1.000
   966.000   1133.000    4.0118    4.0118    4.0118    4.0118   1.000
   982.000   1133.000    3.1624    3.1624    3.1624    3.1624   1.000
  1005.000   1133.000    2.9790    2.9790    2.9790    2.9790   1.000
  1015.000   1133.000    3.3925    3.3925    3.3925    3.3925   1.000
   992.000   1134.000    3.9817    3.9817    3.9817    3.9817   1.000
  1001.000   1134.000    5.2312    5.2312    5.2312    5.2312   1.000
  1017.000   1134.000    3.9038    3.9038    3.9038    3.9038   1.000
   980.000   1135.000    3.4919    3.4919    3.4919    3.4919   1.000
   994.000   1135.000    3.9025    3.9025    3.9025    3.9025   1.000
  1012.000   1135.000    3.2185    3.2185    3.2185    3.2185   1.000
   984.000   1136.000    3.7065    3.7065    3.7065    3.7065   1.000
   997.000   1136.000    3.5904    3.5904    3.5904    3.5904   1.000
  1009.000   1136.000    2.2514    2.2514    2.2514    2.2514   1.000
  1018.000   1136.000    4.1392    4.1392    4.1392    4.1392   1.000
   980.000   1137.000    3.2947    3.2947    3.2947    3.2947   1.000
   966.000   1138.000    3.5809    3.5809    3.5809    3.5809   1.000
   983.000   1138.000    2.9303    2.9303    2.9303    2.9303   1.000
   985.000   1138.000    2.2847    2.2847    2.2847    2.2847   1.000
   988.000   1138.000    2.6560    2.6560    2.6560    2.6560   1.000
  1003.000   1138.000    4.5439    4.5439    4.5439    4.5439   1.000
   981.000   1139.000    2.5192    2.5192    2.5192    2.5192   1.000
  1011.000   1139.000    2.3453    2.3453    2.3453    2.3453   1.000
   971.000   1140.000    4.0201    4.0201    4.0201    4.0201   1.000
   991.000   1141.000    2.6058    2.6058    2.6058    2.6058   1.000
  1002.000   1141.000    3.4565    3.4565    3.4565    3.4565   1.000
  1010.000   1141.000    2.7008    2.7008    2.7008    2.7008   1.000
  1005.000   1142.000    3.7782    3.7782    3.7782    3.7782   1.000
   981.000   1143.000    4.1019    4.1019    4.1019    4.1019   1.000
   993.000   1143.000    2.1819    2.1819    2.1819    2.1819   1.000
   995.000   1143.000    4.7902    4.7902    4.7902    4.7902   1.000
  1012.000   1143.000    3.8421    3.8421    3.8421    3.8421   1.000
  1014.000   1143.000    3.2760    3.2760    3.2760    3.2760   1.000
   988.000   1144.000    3.4046    3.4046    3.4046    3.4046   1.000
  1003.000   1144.000    2.6608    2.6608    2.6608    2.6608   1.000
  1007.000   1144.000    3.3490    3.3490    3.3490    3.3490   1.000
   974.000   1145.000    3.0244    3.0244    3.0244    3.0244   1.000
   978.000   1145.000    3.6392    3.6392    3.6392    3.6392   1.000
  1001.000   1145.000    3.8297    3.8297    3.8297    3.8297   1.000
  1012.000   1145.000    2.6692    2.6692    2.6692    2.6692   1.000
  1019.000   1145.000    2.2853    2.2853    2.2853    2.2853   1.000
   993.000   1146.000    3.7956    3.7956    3.7956    3.7956   1.000
   998.000   1146.000    3.9836    3.9836    3.9836    3.9836   1.000
   996.000   1147.000    3.4337    3.4337    3.4337    3.4337   1.000
  1006.000   1147.000    3.1482    3.1482    3.1482    3.1482   1.000
  1018.000   1147.000    2.3073    2.3073    2.3073    2.3073   1.000
  1029.000   1092.000    3.9505    3.9505    3.9505    3.9505   1.000
  1062.000   1092.000    2.9732    2.9732    2.9732    2.9732   1.000
  1064.000   1092.000    3.7117    3.7117    3.7117    3.7117   1.000
  1076.000   1092.000    3.3700    3.3700    3.3700    3.3700   1.000
  1080.000   1092.000    3.0783    3.0783    3.0783    3.0783   1.000
  1072.000   1093.000    0.7979    0.7979    0.7979    0.7979   1.000
  1078.000   1093.000    3.5813    3.5813    3.5813    3.5813   1.000
  1036.000   1094.000    3.5102    3.5102    3.5102    3.5102   1.000
  1047.000   1094.000    3.3889    3.3889    3.3889    3.3889   1.000
  1053.000   1094.000    4.0808    4.0808    4.0808    4.0808   1.000
  1059.000   1094.000    2.3258    2.3258    2.3258    2.3258   1.000
  1070.000   1094.000    1.0275    1.0275    1.0275    1.0275   1.000
  1075.000   1094.000    3.1390    3.1390    3.1390    3.1390   1.000
  1043.000   1095.000    3.0667    3.0667    3.0667    3.0667   1.000
  1061.000   1095.000    2.6142    2.6142    2.6142    2.6142   1.000
  1034.000   1096.000    2.4406    2.4406    2.4406    2.4406   1.000
  1057.000   1096.000    3.7345    3.7345    3.7345    3.7345   1.000
  1028.000   1097.000    3.6338    3.6338    3.6338    3.6338   1.000
  1044.000   1097.000    3.3024    3.3024    3.3024    3.3024   1.000
  1070.000   1097.000    2.3678    2.3678    2.3678    2.3678   1.000
  1078.000   1097.000    2.7881    2.7881    2.7881    2.7881   1.000
  1080.000   1097.000    3.9140    3.9140    3.9140    3.9140   1.000
  1082.000   1098.000    3.7883    3.7883    3.7883    3.7883   1.000
  1038.000   1099.000    2.5083    2.5083    2.5083    2.5083   1.000
  1061.000   1099.000    3.5690    3.5690    3.5690    3.5690   1.000
  1070.000   1099.000    1.9284    1.9284    1.9284    1.9284   1.000
  1072.000   1099.000    2.4763    2.4763    2.4763    2.4763   1.000
  1057.000   1100.000    5.1289    5.1289    5.1289    5.1289   1.000
  1037.000   1101.000    2.6006    2.6006    2.6006    2.6006   1.000
  1041.000   1101.000    2.5115    2.5115    2.5115    2.5115   1.000
  1059.000   1101.000    3.8015    3.8015    3.8015    3.8015   1.000
  1079.000   1101.000    2.3667    2.3667    2.3667    2.3667   1.000
  1030.000   1102.000    3.1458    3.1458    3.1458    3.1458   1.000
  1034.000   1102.000    2.6081    2.6081    2.6081    2.6081   1.000
  1049.000   1102.000    3.3643    3.3643    3.3643    3.3643   1.000
  1069.000   1102.000    0.8742    0.8742    0.8742    0.8742   1.000
  1073.000   1102.000    3.4277    3.4277    3.4277    3.4277   1.000
  1082.000   1102.000    2.6193    2.6193    2.6193    2.6193   1.000
  1044.000   1103.000    3.6983    3.6983    3.6983    3.6983   1.000
  1060.000   1103.000    2.6691    2.6691    2.6691    2.6691   1.000
  1064.000   1103.000    4.4481    4.4481    4.4481    4.4481   1.000
  1028.000   1104.000    3.1439    3.1439    3.1439    3.1439   1.000
  1047.000   1104.000    3.8801    3.8801    3.8801    3.8801   1.000
  1067.000   1104.000    2.8507    2.8507    2.8507    2.8507   1.000
  1036.000   1105.000    3.7923    3.7923    3.7923    3.7923   1.000
  1038.000   1105.000    3.3444    3.3444    3.3444    3.3444   1.000
  1042.000   1106.000    2.7436    2.7436    2.7436    2.7436   1.000
  1044.000   1106.000    4.4561    4.4561    4.4561    4.4561   1.000
  1063.000   1106.000    2.7758    2.7758    2.7758    2.7758   1.000
  1077.000   1106.000    3.4461    3.4461    3.4461    3.4461   1.000
  1079.000   1106.000    3.3609    3.3609    3.3609    3.3609   1.000
  1029.000   1107.000    0.2705    0.2705    0.2705    0.2705   1.000
  1048.000   1107.000    2.1841    2.1841    2.1841    2.1841   1.000
  1059.000   1107.000    3.4900    3.4900    3.4900    3.4900   1.000
  1039.000   1108.000    3.1346    3.1346    3.1346    3.1346   1.000
  1061.000   1108.000    2.4867    2.4867    2.4867    2.4867   1.000
  1082.000   1108.000    2.3860    2.3860    2.3860    2.3860   1.000
  1031.000   1109.000    1.8590    1.8590    1.8590    1.8590   1.000
  1045.000   1109.000    2.3274    2.3274    2.3274    2.3274   1.000
  1028.000   1110.000   -0.0626   -0.0626   -0.0626   -0.0626   1.000
  1041.000   1110.000    2.5241    2.5241    2.5241    2.5241   1.000
  1054.000   1110.000    3.4976    3.4976    3.4976    3.4976   1.000
  1060.000   1110.000    1.0772    1.0772    1.0772    1.0772   1.000
  1083.000   1110.000    2.2265    2.2265    2.2265    2.2265   1.000
  1062.000   1111.000    1.6900    1.6900    1.6900    1.6900   1.000
  1032.000   1112.000    2.5777    2.5777    2.5777    2.5777   1.000
  1028.000   1113.000    1.7808    1.7808    1.7808    1.7808   1.000
  1038.000   1113.000    3.3104    3.3104    3.3104    3.3104   1.000
  1049.000   1113.000    3.4051    3.4051    3.4051    3.4051   1.000
  1074.000   1113.000    3.6239    3.6239    3.6239    3.6239   1.000
  1044.000   1114.000    3.0987    3.0987    3.0987    3.0987   1.000
  1054.000   1114.000    3.5365    3.5365    3.5365    3.5365   1.000
  1056.000   1114.000    3.4505    3.4505    3.4505    3.4505   1.000
  1067.000   1114.000    2.7459    2.7459    2.7459    2.7459   1.000
  1072.000   1114.000    1.8102    1.8102    1.8102    1.8102   1.000
  1081.000   1114.000    2.9640    2.9640    2.9640    2.9640   1.000
  1028.000   1115.000    3.6249    3.6249    3.6249    3.6249   1.000
  1058.000   1115.000    2.7460    2.7460    2.7460    2.7460   1.000
  1033.000   1116.000    4.1067    4.1067    4.1067    4.1067   1.000
  1071.000   1116.000    1.6566    1.6566    1.6566    1.6566   1.000
  1079.000   1116.000    2.6463    2.6463    2.6463    2.6463   1.000
  1029.000   1117.000    2.5918    2.5918    2.5918    2.5918   1.000
  1044.000   1117.000    3.2093    3.2093    3.2093    3.2093   1.000
  1046.000   1117.000    3.5204    3.5204    3.5204    3.5204   1.000
  1050.000   1117.000    3.3887    3.3887    3.3887    3.3887   1.000
  1066.000   1117.000    2.7874    2.7874    2.7874    2.7874   1.000
  1038.000   1118.000    3.4925    3.4925    3.4925    3.4925   1.000
  1075.000   1118.000    3.6148    3.6148    3.6148    3.6148   1.000
  1055.000   1119.000   -0.2900   -0.2900   -0.2900   -0.2900   1.000
  1066.000   1119.000    2.8607    2.8607    2.8607    2.8607   1.000
  1028.000   1120.000    3.6053    3.6053    3.6053    3.6053   1.000
  1030.000   1120.000    3.9934    3.9934    3.9934    3.9934   1.000
  1032.000   1120.000    3.4594    3.4594    3.4594    3.4594   1.000
  1043.000   1120.000    3.4424    3.4424    3.4424    3.4424   1.000
  1049.000   1120.000    2.9619    2.9619    2.9619    2.9619   1.000
  1059.000   1120.000    2.6514    2.6514    2.6514    2.6514   1.000
  1071.000   1120.000    1.2966    1.2966    1.2966    1.2966   1.000
  1076.000   1120.000    3.2246    3.2246    3.2246    3.2246   1.000
  1083.000   1120.000    4.3366    4.3366    4.3366    4.3366   1.000
  1045.000   1121.000    3.5741    3.5741    3.5741    3.5741   1.000
  1056.000   1121.000    2.8071    2.8071    2.8071    2.8071   1.000
  1074.000   1121.000    2.4406    2.4406    2.4406    2.4406   1.000
  1032.000   1122.000    3.9619    3.9619    3.9619    3.9619   1.000
  1050.000   1122.000    4.0686    4.0686    4.0686    4.0686   1.000
  1052.000   1122.000    3.9430    3.9430    3.9430    3.9430   1.000
  1061.000   1122.000    4.2523    4.2523    4.2523    4.2523   1.000
  1068.000   1122.000    2.9296    2.9296    2.9296    2.9296   1.000
  1029.000   1123.000    2.9191    2.9191    2.9191    2.9191   1.000
  1043.000   1123.000    3.8227    3.8227    3.8227    3.8227   1.000
  1045.000   1123.000    3.5644    3.5644    3.5644    3.5644   1.000
  1057.000   1123.000    2.5201    2.5201    2.5201    2.5201   1.000
  1070.000   1123.000    1.5392    1.5392    1.5392    1.5392   1.000
  1077.000   1123.000    3.6516    3.6516    3.6516    3.6516   1.000
  1081.000   1123.000    4.0961    4.0961    4.0961    4.0961   1.000
  1048.000   1124.000    3.6316    3.6316    3.6316    3.6316   1.000
  1066.000   1124.000    3.3036    3.3036    3.3036    3.3036   1.000
  1030.000   1125.000    2.0540    2.0540    2.0540    2.0540   1.000
  1036.000   1125.000    3.2491    3.2491    3.2491    3.2491   1.000
  1053.000   1125.000    3.6046    3.6046    3.6046    3.6046   1.000
  1077.000   1125.000    2.9898    2.9898    2.9898    2.9898   1.000
  1074.000   1126.000    3.6155    3.6155    3.6155    3.6155   1.000
  1029.000   1128.000    2.6823    2.6823    2.6823    2.6823   1.000
  1031.000   1128.000    2.3564    2.3564    2.3564    2.3564   1.000
  1048.000   1128.000    3.6960    3.6960    3.6960    3.6960   1.000
  1073.000   1128.000    3.5413    3.5413    3.5413    3.5413   1.000
  1081.000   1128.000    4.3143    4.3143    4.3143    4.3143   1.000
  1041.000   1129.000    3.5372    3.5372    3.5372    3.5372   1.000
  1071.000   1129.000    3.2777    3.2777    3.2777    3.2777   1.000
  1064.000   1130.000    2.7089    2.7089    2.7089    2.7089   1.000
  1078.000   1130.000    4.1384    4.1384    4.1384    4.1384   1.000
  1059.000   1131.000    3.8516    3.8516    3.8516    3.8516   1.000
  1080.000   1131.000    3.2697    3.2697    3.2697    3.2697   1.000
  1029.000   1132.000   -0.0988   -0.0988   -0.0988   -0.0988   1.000
  1044.000   1132.000    3.0624    3.0624    3.0624    3.0624   1.000
  1053.000   1132.000    3.3279    3.3279    3.3279    3.3279   1.000
  1057.000   1132.000    4.8985    4.8985    4.8985    4.8985   1.000
  1063.000   1132.000    2.8460    2.8460    2.8460    2.8460   1.000
  1047.000   1133.000    4.4085    4.4085    4.4085    4.4085   1.000
  1050.000   1133.000    3.8764    3.8764    3.8764    3.8764   1.000
  1079.000   1133.000    3.5957    3.5957    3.5957    3.5957   1.000
  1033.000   1134.000    3.6939    3.6939    3.6939    3.6939   1.000
  1042.000   1134.000    3.1749    3.1749    3.1749    3.1749   1.000
  1057.000   1134.000    3.8591    3.8591    3.8591    3.8591   1.000
  1067.000   1134.000    2.7757    2.7757    2.7757    2.7757   1.000
  1070.000   1134.000    3.9889    3.9889    3.9889    3.9889   1.000
  1028.000   1135.000    1.8614    1.8614    1.8614    1.8614   1.000
  1045.000   1135.000    3.4934    3.4934    3.4934    3.4934   1.000
  1050.000   1135.000    4.1481    4.1481    4.1481    4.1481   1.000
  1052.000   1135.000    4.1402    4.1402    4.1402    4.1402   1.000
  1059.000   1135.000    1.9319    1.9319    1.9319    1.9319   1.000
  1061.000   1135.000    2.9311    2.9311    2.9311    2.9311   1.000
  1078.000   1135.000    2.0186    2.0186    2.0186    2.0186   1.000
  1040.000   1136.000    3.1189    3.1189    3.1189    3.1189   1.000
  1054.000   1136.000    2.6807    2.6807    2.6807    2.6807   1.000
  1057.000   1136.000    2.5796    2.5796    2.5796    2.5796   1.000
  1070.000   1136.000    3.0482    3.0482    3.0482    3.0482   1.000
  1072.000   1136.000    3.7325    3.7325    3.7325    3.7325   1.000
  1083.000   1136.000    3.5359    3.5359    3.5359    3.5359   1.000
  1030.000   1137.000    2.6790    2.6790    2.6790    2.6790   1.000
  1032.000   1137.000    2.7445    2.7445    2.7445    2.7445   1.000
  1051.000   1137.000    3.8911    3.8911    3.8911    3.8911   1.000
  1068.000   1137.000    2.5897    2.5897    2.5897    2.5897   1.000
  1075.000   1137.000    2.8594    2.8594    2.8594    2.8594   1.000
  1061.000   1138.000    1.7226    1.7226    1.7226    1.7226   1.000
  1029.000   1139.000    3.3486    3.3486    3.3486    3.3486   1.000
  1032.000   1139.000    2.9998    2.9998    2.9998    2.9998   1.000
  1037.000   1139.000    3.8301    3.8301    3.8301    3.8301   1.000
  1058.000   1139.000    2.0969    2.0969    2.0969    2.0969   1.000
  1067.000   1139.000    3.6409    3.6409    3.6409    3.6409   1.000
  1034.000   1140.000    2.5848    2.5848    2.5848    2.5848   1.000
  1052.000   1140.000    2.0191    2.0191    2.0191    2.0191   1.000
  1056.000   1140.000    2.3079    2.3079    2.3079    2.3079   1.000
  1076.000   1140.000    3.4092    3.4092    3.4092    3.4092   1.000
  1032.000   1141.000    2.2881    2.2881    2.2881    2.2881   1.000
  1037.000   1141.000    2.8802    2.8802    2.8802    2.8802   1.000
  1066.000   1141.000    4.3173    4.3173    4.3173    4.3173   1.000
  1042.000   1142.000    3.2874    3.2874    3.2874    3.2874   1.000
  1052.000   1142.000    3.5920    3.5920    3.5920    3.5920   1.000
  1056.000   1142.000    0.5935    0.5935    0.5935    0.5935   1.000
  1071.000   1142.000    3.7441    3.7441    3.7441    3.7441   1.000
  1081.000   1142.000    3.4272    3.4272    3.4272    3.4272   1.000
  1073.000   1143.000    3.5273    3.5273    3.5273    3.5273   1.000
  1040.000   1144.000    2.3264    2.3264    2.3264    2.3264   1.000
  1052.000   1144.000    3.2102    3.2102    3.2102    3.2102   1.000
  1057.000   1144.000    1.7507    1.7507    1.7507    1.7507   1.000
  1030.000   1145.000    3.1046    3.1046    3.1046    3.1046   1.000
  1083.000   1145.000    3.4966    3.4966    3.4966    3.4966   1.000
  1032.000   1146.000    3.4494    3.4494    3.4494    3.4494   1.000
  1036.000   1146.000    3.7072    3.7072    3.7072    3.7072   1.000
  1060.000   1146.000    3.8520    3.8520    3.8520    3.8520   1.000
  1071.000   1146.000    3.7783    3.7783    3.7783    3.7783   1.000
  1078.000   1146.000    3.9146    3.9146    3.9146    3.9146   1.000
  1097.000   1092.000    3.8772    3.8772    3.8772    3.8772   1.000
  1104.000   1092.000    3.8142    3.8142    3.8142    3.8142   1.000
  1109.000   1092.000    1.8105    1.8105    1.8105    1.8105   1.000
  1129.000   1092.000    3.2220    3.2220    3.2220    3.2220   1.000
  1133.000   1092.000    2.2619    2.2619    2.2619    2.2619   1.000
  1140.000   1092.000    4.1165    4.1165    4.1165    4.1165   1.000
  1093.000   1093.000    4.0325    4.0325    4.0325    4.0325   1.000
  1113.000   1093.000    1.8573    1.8573    1.8573    1.8573   1.000
  1135.000   1093.000    3.7592    3.7592    3.7592    3.7592   1.000
  1109.000   1094.000    2.8964    2.8964    2.8964    2.8964   1.000
  1121.000   1094.000    2.9000    2.9000    2.9000    2.9000   1.000
  1119.000   1095.000    1.9414    1.9414    1.9414    1.9414   1.000
  1130.000   1095.000    3.5191    3.5191    3.5191    3.5191   1.000
  1147.000   1095.000    2.8469    2.8469    2.8469    2.8469   1.000
  1096.000   1096.000    3.6728    3.6728    3.6728    3.6728   1.000
  1098.000   1096.000    2.9861    2.9861    2.9861    2.9861   1.000
  1114.000   1096.000    2.5053    2.5053    2.5053    2.5053   1.000
  1116.000   1096.000    3.3976    3.3976    3.3976    3.3976   1.000
  1122.000   1096.000    3.1321    3.1321    3.1321    3.1321   1.000
  1135.000   1097.000    2.4296    2.4296    2.4296    2.4296   1.000
  1141.000   1097.000    1.9534    1.9534    1.9534    1.9534   1.000
  1094.000   1098.000    3.7765    3.7765    3.7765    3.7765   1.000
  1097.000   1098.000    2.3043    2.3043    2.3043    2.3043   1.000
  1101.000   1098.000    3.0025    3.0025    3.0025    3.0025   1.000
  1139.000   1098.000    2.4746    2.4746    2.4746    2.4746   1.000
  1110.000   1099.000    3.9034    3.9034    3.9034    3.9034   1.000
  1113.000   1099.000    3.3525    3.3525    3.3525    3.3525   1.000
  1145.000   1099.000    1.1705    1.1705    1.1705    1.1705   1.000
  1105.000   1100.000    3.5097    3.5097    3.5097    3.5097   1.000
  1121.000   1100.000    3.1437    3.1437    3.1437    3.1437   1.000
  1132.000   1100.000    3.3510    3.3510    3.3510    3.3510   1.000
  1147.000   1100.000    1.9009    1.9009    1.9009    1.9009   1.000
  1098.000   1101.000    3.5376    3.5376    3.5376    3.5376   1.000
  1102.000   1101.000    3.7514    3.7514    3.7514    3.7514   1.000
  1114.000   1101.000    3.0521    3.0521    3.0521    3.0521   1.000
  1116.000   1101.000    3.8079    3.8079    3.8079    3.8079   1.000
  1134.000   1101.000    1.8616    1.8616    1.8616    1.8616   1.000
  1138.000   1101.000    2.6036    2.6036    2.6036    2.6036   1.000
  1145.000   1101.000    0.2453    0.2453    0.2453    0.2453   1.000
  1121.000   1102.000    3.9682    3.9682    3.9682    3.9682   1.000
  1136.000   1102.000    0.2104    0.2104    0.2104    0.2104   1.000
  1140.000   1102.000    2.8294    2.8294    2.8294    2.8294   1.000
  1142.000   1102.000    3.0301    3.0301    3.0301    3.0301   1.000
  1103.000   1103.000    2.7475    2.7475    2.7475    2.7475   1.000
  1092.000   1104.000    1.9710    1.9710    1.9710    1.9710   1.000
  1115.000   1104.000    3.7030    3.7030    3.7030    3.7030   1.000
  1130.000   1104.000    3.8481    3.8481    3.8481    3.8481   1.000
  1134.000   1104.000   -0.2209   -0.2209   -0.2209   -0.2209   1.000
  1140.000   1104.000    3.5292    3.5292    3.5292    3.5292   1.000
  1105.000   1105.000    2.3964    2.3964    2.3964    2.3964   1.000
  1109.000   1106.000    0.9489    0.9489    0.9489    0.9489   1.000
  1115.000   1106.000    3.8603    3.8603    3.8603    3.8603   1.000
  1129.000   1106.000    3.7169    3.7169    3.7169    3.7169   1.000
  1139.000   1106.000    2.2649    2.2649    2.2649    2.2649   1.000
  1136.000   1107.000    2.6587    2.6587    2.6587    2.6587   1.000
  1098.000   1108.000    2.9140    2.9140    2.9140    2.9140   1.000
  1100.000   1108.000    3.3634    3.3634    3.3634    3.3634   1.000
  1123.000   1108.000    3.5907    3.5907    3.5907    3.5907   1.000
  1129.000   1108.000    4.4754    4.4754    4.4754    4.4754   1.000
  1131.000   1108.000    3.4152    3.4152    3.4152    3.4152   1.000
  1135.000   1109.000    2.4126    2.4126    2.4126    2.4126   1.000
  1098.000   1110.000    4.2064    4.2064    4.2064    4.2064   1.000
  1100.000   1110.000    2.4078    2.4078    2.4078    2.4078   1.000
  1121.000   1110.000    4.0830    4.0830    4.0830    4.0830   1.000
  1133.000   1110.000    3.5098    3.5098    3.5098    3.5098   1.000
  1137.000   1110.000    3.1217    3.1217    3.1217    3.1217   1.000
  1109.000   1111.000    2.9239    2.9239    2.9239    2.9239   1.000
  1111.000   1111.000    3.1773    3.1773    3.1773    3.1773   1.000
  1095.000   1112.000    1.1506    1.1506    1.1506    1.1506   1.000
  1140.000   1112.000    3.0108    3.0108    3.0108    3.0108   1.000
  1097.000   1113.000    0.5227    0.5227    0.5227    0.5227   1.000
  1100.000   1113.000    2.2125    2.2125    2.2125    2.2125   1.000
  1136.000   1113.000    3.4772    3.4772    3.4772    3.4772   1.000
  1117.000   1114.000    3.9898    3.9898    3.9898    3.9898   1.000
  1128.000   1114.000    3.4729    3.4729    3.4729    3.4729   1.000
  1132.000   1114.000    3.7899    3.7899    3.7899    3.7899   1.000
  1105.000   1115.000    4.0965    4.0965    4.0965    4.0965   1.000
  1121.000   1115.000    3.4267    3.4267    3.4267    3.4267   1.000
  1124.000   1115.000    4.2407    4.2407    4.2407    4.2407   1.000
  1095.000   1116.000    2.9840    2.9840    2.9840    2.9840   1.000
  1101.000   1116.000    2.9859    2.9859    2.9859    2.9859   1.000
  1139.000   1116.000    2.2486    2.2486    2.2486    2.2486   1.000
  1105.000   1117.000    3.6906    3.6906    3.6906    3.6906   1.000
  1112.000   1117.000    2.4131    2.4131    2.4131    2.4131   1.000
  1143.000   1117.000    3.1496    3.1496    3.1496    3.1496   1.000
  1099.000   1118.000    2.6114    2.6114    2.6114    2.6114   1.000
  1109.000   1118.000    3.6785    3.6785    3.6785    3.6785   1.000
  1122.000   1118.000    4.7386    4.7386    4.7386    4.7386   1.000
  1131.000   1118.000    3.6904    3.6904    3.6904    3.6904   1.000
  1092.000   1119.000    3.4690    3.4690    3.4690    3.4690   1.000
  1114.000   1119.000    3.3812    3.3812    3.3812    3.3812   1.000
  1116.000   1119.000    3.8038    3.8038    3.8038    3.8038   1.000
  1096.000   1120.000    3.7653    3.7653    3.7653    3.7653   1.000
  1098.000   1120.000    3.2163    3.2163    3.2163    3.2163   1.000
  1106.000   1120.000    2.4985    2.4985    2.4985    2.4985   1.000
  1109.000   1120.000    3.7842    3.7842    3.7842    3.7842   1.000
  1123.000   1120.000    3.9599    3.9599    3.9599    3.9599   1.000
  1134.000   1120.000    2.9544    2.9544    2.9544    2.9544   1.000
  1147.000   1120.000    3.4530    3.4530    3.4530    3.4530   1.000
  1112.000   1121.000    3.4952    3.4952    3.4952    3.4952   1.000
  1116.000   1121.000    3.4786    3.4786    3.4786    3.4786   1.000
  1109.000   1122.000    3.4304    3.4304    3.4304    3.4304   1.000
  1121.000   1122.000    4.0286    4.0286    4.0286    4.0286   1.000
  1133.000   1122.000    4.0242    4.0242    4.0242    4.0242   1.000
  1140.000   1122.000    2.9042    2.9042    2.9042    2.9042   1.000
  1146.000   1122.000    1.9930    1.9930    1.9930    1.9930   1.000
  1101.000   1123.000    2.8873    2.8873    2.8873    2.8873   1.000
  1106.000   1123.000    2.7857    2.7857    2.7857    2.7857   1.000
  1097.000   1124.000    3.7716    3.7716    3.7716    3.7716   1.000
  1109.000   1124.000    2.2621    2.2621    2.2621    2.2621   1.000
  1134.000   1125.000    1.8560    1.8560    1.8560    1.8560   1.000
  1108.000   1126.000    4.0646    4.0646    4.0646    4.0646   1.000
  1117.000   1126.000    2.2366    2.2366    2.2366    2.2366   1.000
  1123.000   1126.000    3.8395    3.8395    3.8395    3.8395   1.000
  1138.000   1126.000    2.9871    2.9871    2.9871    2.9871   1.000
  1140.000   1126.000    3.3251    3.3251    3.3251    3.3251   1.000
  1111.000   1127.000    3.2163    3.2163    3.2163    3.2163   1.000
  1113.000   1127.000    4.2566    4.2566    4.2566    4.2566   1.000
  1128.000   1127.000    3.4075    3.4075    3.4075    3.4075   1.000
  1132.000   1127.000    3.0870    3.0870    3.0870    3.0870   1.000
  1135.000   1127.000    3.0647    3.0647    3.0647    3.0647   1.000
  1100.000   1128.000    2.8917    2.8917    2.8917    2.8917   1.000
  1108.000   1128.000    3.2325    3.2325    3.2325    3.2325   1.000
  1118.000   1128.000    3.0185    3.0185    3.0185    3.0185   1.000
  1146.000   1128.000    3.5712    3.5712    3.5712    3.5712   1.000
  1133.000   1129.000    2.6711    2.6711    2.6711    2.6711   1.000
  1143.000   1129.000    2.9463    2.9463    2.9463    2.9463   1.000
  1093.000   1130.000    4.0320    4.0320    4.0320    4.0320   1.000
  1130.000   1130.000    3.6374    3.6374    3.6374    3.6374   1.000
  1138.000   1130.000    0.2908    0.2908    0.2908    0.2908   1.000
  1096.000   1131.000    3.6562    3.6562    3.6562    3.6562   1.000
  1101.000   1131.000    4.0038    4.0038    4.0038    4.0038   1.000
  1103.000   1131.000    3.6375    3.6375    3.6375    3.6375   1.000
  1142.000   1131.000    3.9858    3.9858    3.9858    3.9858   1.000
  1108.000   1132.000    3.7269    3.7269    3.7269    3.7269   1.000
  1114.000   1132.000    3.8331    3.8331    3.8331    3.8331   1.000
  1117.000   1132.000    3.5886    3.5886    3.5886    3.5886   1.000
  1120.000   1132.000    4.2177    4.2177    4.2177    4.2177   1.000
  1128.000   1132.000    4.0823    4.0823    4.0823    4.0823   1.000
  1099.000   1133.000    3.4873    3.4873    3.4873    3.4873   1.000
  1112.000   1133.000    3.9138    3.9138    3.9138    3.9138   1.000
  1138.000   1133.000    2.1968    2.1968    2.1968    2.1968   1.000
  1142.000   1133.000    4.0578    4.0578    4.0578    4.0578   1.000
  1146.000   1133.000    2.0296    2.0296    2.0296    2.0296   1.000
  1097.000   1134.000    2.9458    2.9458    2.9458    2.9458   1.000
  1109.000   1134.000    4.7999    4.7999    4.7999    4.7999   1.000
  1132.000   1134.000    3.6239    3.6239    3.6239    3.6239   1.000
  1114.000   1135.000    3.6027    3.6027    3.6027    3.6027   1.000
  1138.000   1135.000    3.9422    3.9422    3.9422    3.9422   1.000
  1146.000   1135.000    3.4732    3.4732    3.4732    3.4732   1.000
  1093.000   1136.000    3.7163    3.7163    3.7163    3.7163   1.000
  1097.000   1136.000    3.0142    3.0142    3.0142    3.0142   1.000
  1100.000   1136.000    3.2349    3.2349    3.2349    3.2349   1.000
  1105.000   1136.000    4.5729    4.5729    4.5729    4.5729   1.000
  1122.000   1136.000    3.2330    3.2330    3.2330    3.2330   1.000
  1141.000   1136.000    3.1351    3.1351    3.1351    3.1351   1.000
  1139.000   1137.000    3.2335    3.2335    3.2335    3.2335   1.000
  1145.000   1137.000    2.7945    2.7945    2.7945    2.7945   1.000
  1092.000   1138.000    2.0610    2.0610    2.0610    2.0610   1.000
  1100.000   1138.000    3.5873    3.5873    3.5873    3.5873   1.000
  1094.000   1139.000    3.8818    3.8818    3.8818    3.8818   1.000
  1096.000   1139.000    3.0008    3.0008    3.0008    3.0008   1.000
  1098.000   1139.000    4.1528    4.1528    4.1528    4.1528   1.000
  1138.000   1139.000    1.0798    1.0798    1.0798    1.0798   1.000
  1113.000   1140.000    3.6430    3.6430    3.6430    3.6430   1.000
  1120.000   1140.000    3.7735    3.7735    3.7735    3.7735   1.000
  1129.000   1140.000    3.2664    3.2664    3.2664    3.2664   1.000
  1142.000   1140.000    3.6972    3.6972    3.6972    3.6972   1.000
  1100.000   1141.000    4.4646    4.4646    4.4646    4.4646   1.000
  1108.000   1141.000    3.8657    3.8657    3.8657    3.8657   1.000
  1110.000   1141.000    3.8573    3.8573    3.8573    3.8573   1.000
  1146.000   1141.000    3.3006    3.3006    3.3006    3.3006   1.000
  1127.000   1142.000    3.3702    3.3702    3.3702    3.3702   1.000
  1132.000   1142.000    3.7513    3.7513    3.7513    3.7513   1.000
  1093.000   1143.000    3.3040    3.3040    3.3040    3.3040   1.000
  1147.000   1143.000    3.3675    3.3675    3.3675    3.3675   1.000
  1118.000   1144.000    3.7097    3.7097    3.7097    3.7097   1.000
  1123.000   1144.000    3.4390    3.4390    3.4390    3.4390   1.000
  1099.000   1145.000    2.9098    2.9098    2.9098    2.9098   1.000
  1110.000   1145.000    2.3404    2.3404    2.3404    2.3404   1.000
  1113.000   1145.000    3.6154    3.6154    3.6154    3.6154   1.000
  1108.000   1146.000    2.6474    2.6474    2.6474    2.6474   1.000
  1129.000   1146.000    4.1218    4.1218    4.1218    4.1218   1.000
  1110.000   1147.000    2.5615    2.5615    2.5615    2.5615   1.000
  1117.000   1147.000    3.7914    3.7914    3.7914    3.7914   1.000
  1147.000   1147.000    2.0813    2.0813    2.0813    2.0813   1.000
  1197.000   1092.000    1.8435    1.8435    1.8435    1.8435   1.000
  1203.000   1092.000    3.0746    3.0746    3.0746    3.0746   1.000
  1205.000   1092.000    3.1035    3.1035    3.1035    3.1035   1.000
  1160.000   1093.000    3.4852    3.4852    3.4852    3.4852   1.000
  1180.000   1093.000    3.3269    3.3269    3.3269    3.3269   1.000
  1186.000   1093.000    4.2152    4.2152    4.2152    4.2152   1.000
  1166.000   1095.000    3.2435    3.2435    3.2435    3.2435   1.000
  1186.000   1095.000    3.1824    3.1824    3.1824    3.1824   1.000
  1200.000   1095.000    3.2146    3.2146    3.2146    3.2146   1.000
  1157.000   1096.000    2.7871    2.7871    2.7871    2.7871   1.000
  1161.000   1096.000    4.0419    4.0419    4.0419    4.0419   1.000
  1171.000   1096.000    3.3770    3.3770    3.3770    3.3770   1.000
  1179.000   1096.000    3.4469    3.4469    3.4469    3.4469   1.000
  1189.000   1096.000    0.1774    0.1774    0.1774    0.1774   1.000
  1203.000   1096.000    3.6633    3.6633    3.6633    3.6633   1.000
  1208.000   1096.000    3.3339    3.3339    3.3339    3.3339   1.000
  1167.000   1097.000    4.2067    4.2067    4.2067    4.2067   1.000
  1183.000   1097.000    3.4880    3.4880    3.4880    3.4880   1.000
  1185.000   1097.000    2.6106    2.6106    2.6106    2.6106   1.000
  1205.000   1097.000    2.0629    2.0629    2.0629    2.0629   1.000
  1181.000   1098.000    3.6074    3.6074    3.6074    3.6074   1.000
  1203.000   1098.000    3.5350    3.5350    3.5350    3.5350   1.000
  1208.000   1098.000    4.0688    4.0688    4.0688    4.0688   1.000
  1175.000   1099.000    3.7870    3.7870    3.7870    3.7870   1.000
  1177.000   1099.000    4.1780    4.1780    4.1780    4.1780   1.000
  1191.000   1099.000    2.9321    2.9321    2.9321    2.9321   1.000
  1198.000   1099.000    3.7495    3.7495    3.7495    3.7495   1.000
  1211.000   1099.000    2.6836    2.6836    2.6836    2.6836   1.000
  1156.000   1100.000    3.5914    3.5914    3.5914    3.5914   1.000
  1164.000   1100.000    3.0115    3.0115    3.0115    3.0115   1.000
  1182.000   1100.000    3.9480    3.9480    3.9480    3.9480   1.000
  1188.000   1100.000    2.3346    2.3346    2.3346    2.3346   1.000
  1171.000   1101.000    3.8047    3.8047    3.8047    3.8047   1.000
  1174.000   1101.000    3.3154    3.3154    3.3154    3.3154   1.000
  1176.000   1101.000    3.3136    3.3136    3.3136    3.3136   1.000
  1178.000   1101.000    2.2754    2.2754    2.2754    2.2754   1.000
  1185.000   1101.000    2.9240    2.9240    2.9240    2.9240   1.000
  1198.000   1101.000    3.7787    3.7787    3.7787    3.7787   1.000
  1206.000   1101.000    3.1667    3.1667    3.1667    3.1667   1.000
  1167.000   1102.000    4.7235    4.7235    4.7235    4.7235   1.000
  1180.000   1102.000    2.4562    2.4562    2.4562    2.4562   1.000
  1211.000   1102.000    2.3906    2.3906    2.3906    2.3906   1.000
  1177.000   1103.000    2.7935    2.7935    2.7935    2.7935   1.000
  1156.000   1104.000    5.1592    5.1592    5.1592    5.1592   1.000
  1166.000   1104.000    2.8769    2.8769    2.8769    2.8769   1.000
  1169.000   1105.000    2.8193    2.8193    2.8193    2.8193   1.000
  1172.000   1105.000    3.5853    3.5853    3.5853    3.5853   1.000
  1198.000   1105.000    4.1885    4.1885    4.1885    4.1885   1.000
  1158.000   1106.000    2.7796    2.7796    2.7796    2.7796   1.000
  1163.000   1106.000    3.1386    3.1386    3.1386    3.1386   1.000
  1165.000   1106.000    3.9689    3.9689    3.9689    3.9689   1.000
  1184.000   1106.000    3.9981    3.9981    3.9981    3.9981   1.000
  1186.000   1106.000    3.9921    3.9921    3.9921    3.9921   1.000
  1196.000   1106.000    3.5036    3.5036    3.5036    3.5036   1.000
  1205.000   1107.000    2.6537    2.6537    2.6537    2.6537   1.000
  1166.000   1108.000    4.3801    4.3801    4.3801    4.3801   1.000
  1170.000   1108.000    3.6159    3.6159    3.6159    3.6159   1.000
  1178.000   1108.000    3.7127    3.7127    3.7127    3.7127   1.000
  1186.000   1108.000    3.5236    3.5236    3.5236    3.5236   1.000
  1200.000   1108.000    3.5865    3.5865    3.5865    3.5865   1.000
  1172.000   1109.000    3.6408    3.6408    3.6408    3.6408   1.000
  1174.000   1109.000    3.7773    3.7773    3.7773    3.7773   1.000
  1200.000   1110.000    3.1959    3.1959    3.1959    3.1959   1.000
  1204.000   1110.000    3.7603    3.7603    3.7603    3.7603   1.000
  1157.000   1111.000    1.9000    1.9000    1.9000    1.9000   1.000
  1185.000   1111.000    3.2395    3.2395    3.2395    3.2395   1.000
  1195.000   1111.000    4.0050    4.0050    4.0050    4.0050   1.000
  1202.000   1111.000    2.2374    2.2374    2.2374    2.2374   1.000
  1177.000   1112.000    3.0803    3.0803    3.0803    3.0803   1.000
  1183.000   1112.000    2.9827    2.9827    2.9827    2.9827   1.000
  1158.000   1113.000    1.0499    1.0499    1.0499    1.0499   1.000
  1172.000   1113.000    2.9850    2.9850    2.9850    2.9850   1.000
  1175.000   1113.000    3.3177    3.3177    3.3177    3.3177   1.000
  1163.000   1114.000    4.0419    4.0419    4.0419    4.0419   1.000
  1170.000   1114.000    3.2276    3.2276    3.2276    3.2276   1.000
  1180.000   1114.000    4.3368    4.3368    4.3368    4.3368   1.000
  1182.000   1114.000    3.1157    3.1157    3.1157    3.1157   1.000
  1198.000   1114.000    4.2434    4.2434    4.2434    4.2434   1.000
  1203.000   1114.000    3.6637    3.6637    3.6637    3.6637   1.000
  1210.000   1114.000    3.3231    3.3231    3.3231    3.3231   1.000
  1175.000   1115.000    3.3952    3.3952    3.3952    3.3952   1.000
  1191.000   1115.000    3.6175    3.6175    3.6175    3.6175   1.000
  1194.000   1115.000    3.9167    3.9167    3.9167    3.9167   1.000
  1168.000   1116.000    3.8024    3.8024    3.8024    3.8024   1.000
  1177.000   1116.000    3.1581    3.1581    3.1581    3.1581   1.000
  1188.000   1116.000    3.1061    3.1061    3.1061    3.1061   1.000
  1197.000   1116.000    3.7537    3.7537    3.7537    3.7537   1.000
  1160.000   1117.000    2.6615    2.6615    2.6615    2.6615   1.000
  1183.000   1117.000    4.0153    4.0153    4.0153    4.0153   1.000
  1205.000   1117.000    4.0134    4.0134    4.0134    4.0134   1.000
  1178.000   1118.000    3.2396    3.2396    3.2396    3.2396   1.000
  1186.000   1118.000    2.3422    2.3422    2.3422    2.3422   1.000
  1191.000   1118.000    3.6204    3.6204    3.6204    3.6204   1.000
  1201.000   1118.000    3.6001    3.6001    3.6001    3.6001   1.000
  1162.000   1119.000    3.9534    3.9534    3.9534    3.9534   1.000
  1165.000   1119.000    3.9983    3.9983    3.9983    3.9983   1.000
  1169.000   1119.000    2.6002    2.6002    2.6002    2.6002   1.000
  1183.000   1119.000    3.4884    3.4884    3.4884    3.4884   1.000
  1210.000   1119.000    2.7203    2.7203    2.7203    2.7203   1.000
  1157.000   1120.000    0.0381    0.0381    0.0381    0.0381   1.000
  1172.000   1120.000    2.5665    2.5665    2.5665    2.5665   1.000
  1189.000   1120.000    2.7457    2.7457    2.7457    2.7457   1.000
  1193.000   1120.000    2.3788    2.3788    2.3788    2.3788   1.000
  1195.000   1120.000    3.9253    3.9253    3.9253    3.9253   1.000
  1208.000   1120.000    3.2583    3.2583    3.2583    3.2583   1.000
  1168.000   1121.000    1.8452    1.8452    1.8452    1.8452   1.000
  1175.000   1121.000    3.5162    3.5162    3.5162    3.5162   1.000
  1181.000   1121.000    2.0661    2.0661    2.0661    2.0661   1.000
  1183.000   1121.000    2.1369    2.1369    2.1369    2.1369   1.000
  1187.000   1121.000    3.5145    3.5145    3.5145    3.5145   1.000
  1211.000   1121.000    2.4892    2.4892    2.4892    2.4892   1.000
  1160.000   1122.000    3.6802    3.6802    3.6802    3.6802   1.000
  1166.000   1122.000    1.7190    1.7190    1.7190    1.7190   1.000
  1172.000   1122.000    2.4000    2.4000    2.4000    2.4000   1.000
  1156.000   1123.000    2.3629    2.3629    2.3629    2.3629   1.000
  1162.000   1123.000    2.4816    2.4816    2.4816    2.4816   1.000
  1175.000   1123.000    4.1846    4.1846    4.1846    4.1846   1.000
  1177.000   1123.000    2.9744    2.9744    2.9744    2.9744   1.000
  1187.000   1123.000    2.2639    2.2639    2.2639    2.2639   1.000
  1165.000   1124.000    2.9925    2.9925    2.9925    2.9925   1.000
  1171.000   1124.000    3.2532    3.2532    3.2532    3.2532   1.000
  1179.000   1124.000    2.2218    2.2218    2.2218    2.2218   1.000
  1196.000   1124.000    5.0453    5.0453    5.0453    5.0453   1.000
  1200.000   1124.000    3.4553    3.4553    3.4553    3.4553   1.000
  1205.000   1124.000    2.8146    2.8146    2.8146    2.8146   1.000
  1159.000   1125.000    2.3903    2.3903    2.3903    2.3903   1.000
  1173.000   1125.000    3.6962    3.6962    3.6962    3.6962   1.000
  1175.000   1125.000    3.0287    3.0287    3.0287    3.0287   1.000
  1161.000   1126.000    2.7336    2.7336    2.7336    2.7336   1.000
  1169.000   1126.000    1.9745    1.9745    1.9745    1.9745   1.000
  1180.000   1126.000    3.0022    3.0022    3.0022    3.0022   1.000
  1188.000   1126.000    3.3226    3.3226    3.3226    3.3226   1.000
  1190.000   1126.000    4.2434    4.2434    4.2434    4.2434   1.000
  1195.000   1126.000    3.7001    3.7001    3.7001    3.7001   1.000
  1207.000   1126.000    3.8182    3.8182    3.8182    3.8182   1.000
  1157.000   1127.000    3.9921    3.9921    3.9921    3.9921   1.000
  1159.000   1127.000    3.7227    3.7227    3.7227    3.7227   1.000
  1175.000   1127.000    3.6802    3.6802    3.6802    3.6802   1.000
  1183.000   1127.000    2.4415    2.4415    2.4415    2.4415   1.000
  1200.000   1127.000    4.3596    4.3596    4.3596    4.3596   1.000
  1203.000   1127.000    0.3191    0.3191    0.3191    0.3191   1.000
  1163.000   1128.000    4.0670    4.0670    4.0670    4.0670   1.000
  1207.000   1128.000    3.2071    3.2071    3.2071    3.2071   1.000
  1174.000   1129.000    3.6542    3.6542    3.6542    3.6542   1.000
  1176.000   1129.000    3.7111    3.7111    3.7111    3.7111   1.000
  1178.000   1129.000    2.8780    2.8780    2.8780    2.8780   1.000
  1191.000   1129.000    4.4890    4.4890    4.4890    4.4890   1.000
  1211.000   1129.000    3.4370    3.4370    3.4370    3.4370   1.000
  1159.000   1130.000    3.4210    3.4210    3.4210    3.4210   1.000
  1172.000   1130.000    3.3208    3.3208    3.3208    3.3208   1.000
  1203.000   1130.000    3.8461    3.8461    3.8461    3.8461   1.000
  1170.000   1131.000    3.8609    3.8609    3.8609    3.8609   1.000
  1177.000   1131.000    3.3968    3.3968    3.3968    3.3968   1.000
  1185.000   1131.000    2.8169    2.8169    2.8169    2.8169   1.000
  1192.000   1131.000    4.3090    4.3090    4.3090    4.3090   1.000
  1194.000   1131.000    4.3996    4.3996    4.3996    4.3996   1.000
  1198.000   1131.000    3.0032    3.0032    3.0032    3.0032   1.000
  1159.000   1132.000    3.7980    3.7980    3.7980    3.7980   1.000
  1181.000   1132.000    3.4785    3.4785    3.4785    3.4785   1.000
  1187.000   1132.000    3.2052    3.2052    3.2052    3.2052   1.000
  1190.000   1132.000    3.4922    3.4922    3.4922    3.4922   1.000
  1169.000   1133.000    4.0916    4.0916    4.0916    4.0916   1.000
  1173.000   1133.000    3.1537    3.1537    3.1537    3.1537   1.000
  1207.000   1133.000    4.1454    4.1454    4.1454    4.1454   1.000
  1158.000   1134.000    3.4617    3.4617    3.4617    3.4617   1.000
  1162.000   1134.000    3.6535    3.6535    3.6535    3.6535   1.000
  1179.000   1134.000    3.4018    3.4018    3.4018    3.4018   1.000
  1195.000   1134.000    3.9724    3.9724    3.9724    3.9724   1.000
  1198.000   1134.000    3.9306    3.9306    3.9306    3.9306   1.000
  1200.000   1134.000    3.0619    3.0619    3.0619    3.0619   1.000
  1211.000   1134.000    3.5303    3.5303    3.5303    3.5303   1.000
  1191.000   1135.000    4.7622    4.7622    4.7622    4.7622   1.000
  1193.000   1135.000    4.0905    4.0905    4.0905    4.0905   1.000
  1159.000   1136.000    2.9881    2.9881    2.9881    2.9881   1.000
  1164.000   1136.000    3.5082    3.5082    3.5082    3.5082   1.000
  1173.000   1136.000    4.0471    4.0471    4.0471    4.0471   1.000
  1200.000   1136.000    3.7082    3.7082    3.7082    3.7082   1.000
  1208.000   1136.000    1.8165    1.8165    1.8165    1.8165   1.000
  1157.000   1138.000    2.8240    2.8240    2.8240    2.8240   1.000
  1173.000   1138.000    4.9971    4.9971    4.9971    4.9971   1.000
  1184.000   1138.000    1.6485    1.6485    1.6485    1.6485   1.000
  1186.000   1138.000    2.5379    2.5379    2.5379    2.5379   1.000
  1195.000   1138.000    3.3753    3.3753    3.3753    3.3753   1.000
  1206.000   1138.000    2.8268    2.8268    2.8268    2.8268   1.000
  1164.000   1139.000    2.9897    2.9897    2.9897    2.9897   1.000
  1203.000   1139.000    3.7413    3.7413    3.7413    3.7413   1.000
  1166.000   1140.000    2.6724    2.6724    2.6724    2.6724   1.000
  1173.000   1140.000    4.8924    4.8924    4.8924    4.8924   1.000
  1182.000   1140.000    2.1245    2.1245    2.1245    2.1245   1.000
  1186.000   1140.000    3.2806    3.2806    3.2806    3.2806   1.000
  1211.000   1140.000    4.6061    4.6061    4.6061    4.6061   1.000
  1199.000   1141.000    3.5628    3.5628    3.5628    3.5628   1.000
  1203.000   1141.000    3.8588    3.8588    3.8588    3.8588   1.000
  1172.000   1142.000    3.7488    3.7488    3.7488    3.7488   1.000
  1182.000   1142.000    2.4829    2.4829    2.4829    2.4829   1.000
  1184.000   1142.000    4.2634    4.2634    4.2634    4.2634   1.000
  1186.000   1142.000    4.3741    4.3741    4.3741    4.3741   1.000
  1188.000   1142.000    3.2070    3.2070    3.2070    3.2070   1.000
  1192.000   1143.000    3.5880    3.5880    3.5880    3.5880   1.000
  1204.000   1143.000    4.2457    4.2457    4.2457    4.2457   1.000
  1168.000   1144.000    1.1651    1.1651    1.1651    1.1651   1.000
  1174.000   1144.000    0.5488    0.5488    0.5488    0.5488   1.000
  1181.000   1144.000    2.9720    2.9720    2.9720    2.9720   1.000
  1192.000   1145.000    3.6912    3.6912    3.6912    3.6912   1.000
  1167.000   1146.000    2.2420    2.2420    2.2420    2.2420   1.000
  1211.000   1146.000    3.9188    3.9188    3.9188    3.9188   1.000
  1169.000   1147.000    3.5711    3.5711    3.5711    3.5711   1.000
  1173.000   1147.000    2.8107    2.8107    2.8107    2.8107   1.000
  1246.000   1092.000    4.2144    4.2144    4.2144    4.2144   1.000
  1264.000   1092.000    3.5165    3.5165    3.5165    3.5165   1.000
  1224.000   1093.000    2.6565    2.6565    2.6565    2.6565   1.000
  1234.000   1093.000    3.2568    3.2568    3.2568    3.2568   1.000
  1251.000   1093.000    3.3505    3.3505    3.3505    3.3505   1.000
  1246.000   1094.000    2.4623    2.4623    2.4623    2.4623   1.000
  1223.000   1095.000    3.6093    3.6093    3.6093    3.6093   1.000
  1227.000   1095.000    2.7508    2.7508    2.7508    2.7508   1.000
  1258.000   1095.000    4.0491    4.0491    4.0491    4.0491   1.000
  1262.000   1095.000    3.7638    3.7638    3.7638    3.7638   1.000
  1232.000   1096.000    2.5711    2.5711    2.5711    2.5711   1.000
  1242.000   1096.000    3.7820    3.7820    3.7820    3.7820   1.000
  1246.000   1096.000    3.8020    3.8020    3.8020    3.8020   1.000
  1252.000   1096.000    3.9470    3.9470    3.9470    3.9470   1.000
  1265.000   1096.000    3.4594    3.4594    3.4594    3.4594   1.000
  1228.000   1097.000    3.9516    3.9516    3.9516    3.9516   1.000
  1230.000   1097.000    4.8293    4.8293    4.8293    4.8293   1.000
  1235.000   1097.000    3.6985    3.6985    3.6985    3.6985   1.000
  1261.000   1097.000    3.0465    3.0465    3.0465    3.0465   1.000
  1233.000   1098.000    3.1132    3.1132    3.1132    3.1132   1.000
  1237.000   1098.000    3.1776    3.1776    3.1776    3.1776   1.000
  1250.000   1098.000    2.7854    2.7854    2.7854    2.7854   1.000
  1259.000   1098.000    2.1546    2.1546    2.1546    2.1546   1.000
  1224.000   1100.000    3.1883    3.1883    3.1883    3.1883   1.000
  1227.000   1100.000    4.3319    4.3319    4.3319    4.3319   1.000
  1238.000   1100.000    4.2902    4.2902    4.2902    4.2902   1.000
  1241.000   1100.000    3.5192    3.5192    3.5192    3.5192   1.000
  1247.000   1100.000    3.6058    3.6058    3.6058    3.6058   1.000
  1271.000   1100.000    2.2331    2.2331    2.2331    2.2331   1.000
  1260.000   1101.000    3.5125    3.5125    3.5125    3.5125   1.000
  1243.000   1102.000    4.3450    4.3450    4.3450    4.3450   1.000
  1253.000   1102.000    2.9237    2.9237    2.9237    2.9237   1.000
  1264.000   1102.000    3.8286    3.8286    3.8286    3.8286   1.000
  1270.000   1102.000    2.3835    2.3835    2.3835    2.3835   1.000
  1245.000   1103.000    2.8610    2.8610    2.8610    2.8610   1.000
  1258.000   1103.000    3.8726    3.8726    3.8726    3.8726   1.000
  1261.000   1103.000    4.6121    4.6121    4.6121    4.6121   1.000
  1233.000   1104.000    4.0507    4.0507    4.0507    4.0507   1.000
  1236.000   1104.000    4.6481    4.6481    4.6481    4.6481   1.000
  1239.000   1104.000    3.3293    3.3293    3.3293    3.3293   1.000
  1247.000   1104.000    2.8493    2.8493    2.8493    2.8493   1.000
  1254.000   1104.000    4.0197    4.0197    4.0197    4.0197   1.000
  1263.000   1104.000    3.1518    3.1518    3.1518    3.1518   1.000
  1256.000   1105.000    4.6938    4.6938    4.6938    4.6938   1.000
  1271.000   1105.000    4.2795    4.2795    4.2795    4.2795   1.000
  1231.000   1106.000    4.2721    4.2721    4.2721    4.2721   1.000
  1236.000   1106.000    4.0619    4.0619    4.0619    4.0619   1.000
  1254.000   1106.000    3.8456    3.8456    3.8456    3.8456   1.000
  1262.000   1106.000    2.7304    2.7304    2.7304    2.7304   1.000
  1275.000   1106.000    4.7673    4.7673    4.7673    4.7673   1.000
  1223.000   1107.000    3.3015    3.3015    3.3015    3.3015   1.000
  1229.000   1107.000    4.5425    4.5425    4.5425    4.5425   1.000
  1256.000   1107.000    3.3591    3.3591    3.3591    3.3591   1.000
  1233.000   1108.000    3.1945    3.1945    3.1945    3.1945   1.000
  1235.000   1108.000    4.3544    4.3544    4.3544    4.3544   1.000
  1240.000   1108.000    4.0577    4.0577    4.0577    4.0577   1.000
  1254.000   1108.000    3.1084    3.1084    3.1084    3.1084   1.000
  1266.000   1108.000    3.4914    3.4914    3.4914    3.4914   1.000
  1220.000   1109.000    3.7384    3.7384    3.7384    3.7384   1.000
  1226.000   1109.000    3.4218    3.4218    3.4218    3.4218   1.000
  1248.000   1109.000    2.2678    2.2678    2.2678    2.2678   1.000
  1233.000   1110.000    4.3957    4.3957    4.3957    4.3957   1.000
  1252.000   1110.000    4.1380    4.1380    4.1380    4.1380   1.000
  1268.000   1110.000    1.2217    1.2217    1.2217    1.2217   1.000
  1235.000   1111.000    2.6760    2.6760    2.6760    2.6760   1.000
  1237.000   1111.000    2.8049    2.8049    2.8049    2.8049   1.000
  1249.000   1111.000    3.7378    3.7378    3.7378    3.7378   1.000
  1260.000   1111.000    2.6888    2.6888    2.6888    2.6888   1.000
  1265.000   1111.000    3.4307    3.4307    3.4307    3.4307   1.000
  1270.000   1111.000    3.3569    3.3569    3.3569    3.3569   1.000
  1221.000   1112.000    3.1982    3.1982    3.1982    3.1982   1.000
  1252.000   1112.000    2.8025    2.8025    2.8025    2.8025   1.000
  1254.000   1112.000    3.0823    3.0823    3.0823    3.0823   1.000
  1258.000   1112.000    2.3462    2.3462    2.3462    2.3462   1.000
  1275.000   1112.000    3.8921    3.8921    3.8921    3.8921   1.000
  1229.000   1113.000    3.4758    3.4758    3.4758    3.4758   1.000
  1222.000   1114.000    3.5649    3.5649    3.5649    3.5649   1.000
  1247.000   1114.000    3.0519    3.0519    3.0519    3.0519   1.000
  1251.000   1114.000    3.7481    3.7481    3.7481    3.7481   1.000
  1254.000   1114.000    3.7763    3.7763    3.7763    3.7763   1.000
  1257.000   1114.000    3.6850    3.6850    3.6850    3.6850   1.000
  1261.000   1114.000    3.8566    3.8566    3.8566    3.8566   1.000
  1263.000   1114.000    3.7271    3.7271    3.7271    3.7271   1.000
  1245.000   1115.000    2.4194    2.4194    2.4194    2.4194   1.000
  1270.000   1115.000    4.3586    4.3586    4.3586    4.3586   1.000
  1220.000   1116.000    3.4733    3.4733    3.4733    3.4733   1.000
  1237.000   1116.000    2.6067    2.6067    2.6067    2.6067   1.000
  1259.000   1116.000    2.0513    2.0513    2.0513    2.0513   1.000
  1267.000   1116.000    4.9576    4.9576    4.9576    4.9576   1.000
  1275.000   1116.000    3.0467    3.0467    3.0467    3.0467   1.000
  1222.000   1117.000    1.9850    1.9850    1.9850    1.9850   1.000
  1236.000   1118.000    3.8027    3.8027    3.8027    3.8027   1.000
  1264.000   1118.000    3.8397    3.8397    3.8397    3.8397   1.000
  1266.000   1118.000    3.6064    3.6064    3.6064    3.6064   1.000
  1227.000   1119.000    3.4713    3.4713    3.4713    3.4713   1.000
  1258.000   1119.000    3.1621    3.1621    3.1621    3.1621   1.000
  1260.000   1119.000    2.7329    2.7329    2.7329    2.7329   1.000
  1251.000   1120.000    4.7763    4.7763    4.7763    4.7763   1.000
  1262.000   1120.000    3.4715    3.4715    3.4715    3.4715   1.000
  1275.000   1120.000    3.0703    3.0703    3.0703    3.0703   1.000
  1237.000   1121.000    3.5034    3.5034    3.5034    3.5034   1.000
  1259.000   1121.000    1.9721    1.9721    1.9721    1.9721   1.000
  1232.000   1122.000    3.5648    3.5648    3.5648    3.5648   1.000
  1241.000   1122.000    2.8377    2.8377    2.8377    2.8377   1.000
  1252.000   1122.000    4.1477    4.1477    4.1477    4.1477   1.000
  1262.000   1122.000    3.0416    3.0416    3.0416    3.0416   1.000
  1222.000   1123.000    2.9636    2.9636    2.9636    2.9636   1.000
  1225.000   1123.000    3.5411    3.5411    3.5411    3.5411   1.000
  1256.000   1123.000    3.5008    3.5008    3.5008    3.5008   1.000
  1273.000   1123.000    3.6945    3.6945    3.6945    3.6945   1.000
  1235.000   1124.000    2.7814    2.7814    2.7814    2.7814   1.000
  1238.000   1124.000    3.6736    3.6736    3.6736    3.6736   1.000
  1242.000   1124.000    4.1726    4.1726    4.1726    4.1726   1.000
  1261.000   1124.000    3.0294    3.0294    3.0294    3.0294   1.000
  1246.000   1125.000    3.2139    3.2139    3.2139    3.2139   1.000
  1251.000   1125.000    3.5136    3.5136    3.5136    3.5136   1.000
  1253.000   1125.000    3.5364    3.5364    3.5364    3.5364   1.000
  1264.000   1125.000    2.5306    2.5306    2.5306    2.5306   1.000
  1266.000   1125.000    3.4131    3.4131    3.4131    3.4131   1.000
  1271.000   1125.000    5.0573    5.0573    5.0573    5.0573   1.000
  1224.000   1126.000    3.5391    3.5391    3.5391    3.5391   1.000
  1226.000   1127.000    3.5071    3.5071    3.5071    3.5071   1.000
  1233.000   1127.000    3.5923    3.5923    3.5923    3.5923   1.000
  1271.000   1127.000    2.9475    2.9475    2.9475    2.9475   1.000
  1224.000   1128.000    3.6692    3.6692    3.6692    3.6692   1.000
  1236.000   1128.000    3.8645    3.8645    3.8645    3.8645   1.000
  1252.000   1128.000    3.2887    3.2887    3.2887    3.2887   1.000
  1254.000   1128.000    3.8387    3.8387    3.8387    3.8387   1.000
  1269.000   1128.000    3.6552    3.6552    3.6552    3.6552   1.000
  1238.000   1129.000    3.6832    3.6832    3.6832    3.6832   1.000
  1273.000   1129.000    3.5093    3.5093    3.5093    3.5093   1.000
  1236.000   1130.000    3.5358    3.5358    3.5358    3.5358   1.000
  1241.000   1130.000    3.0013    3.0013    3.0013    3.0013   1.000
  1252.000   1130.000    3.6560    3.6560    3.6560    3.6560   1.000
  1270.000   1130.000    1.9283    1.9283    1.9283    1.9283   1.000
  1275.000   1130.000    4.0398    4.0398    4.0398    4.0398   1.000
  1231.000   1131.000    3.1961    3.1961    3.1961    3.1961   1.000
  1234.000   1131.000    2.7441    2.7441    2.7441    2.7441   1.000
  1244.000   1131.000    3.2764    3.2764    3.2764    3.2764   1.000
  1247.000   1131.000    3.3814    3.3814    3.3814    3.3814   1.000
  1260.000   1131.000    4.6568    4.6568    4.6568    4.6568   1.000
  1220.000   1132.000    3.2494    3.2494    3.2494    3.2494   1.000
  1222.000   1132.000    2.6084    2.6084    2.6084    2.6084   1.000
  1268.000   1132.000    2.8606    2.8606    2.8606    2.8606   1.000
  1275.000   1132.000    3.5509    3.5509    3.5509    3.5509   1.000
  1247.000   1133.000    2.5955    2.5955    2.5955    2.5955   1.000
  1266.000   1133.000    4.1034    4.1034    4.1034    4.1034   1.000
  1273.000   1133.000    2.7042    2.7042    2.7042    2.7042   1.000
  1220.000   1134.000    2.8093    2.8093    2.8093    2.8093   1.000
  1222.000   1134.000    2.9737    2.9737    2.9737    2.9737   1.000
  1239.000   1134.000    3.0367    3.0367    3.0367    3.0367   1.000
  1256.000   1134.000    3.5019    3.5019    3.5019    3.5019   1.000
  1261.000   1134.000    3.1033    3.1033    3.1033    3.1033   1.000
  1263.000   1134.000    3.3863    3.3863    3.3863    3.3863   1.000
  1270.000   1134.000    3.9465    3.9465    3.9465    3.9465   1.000
  1227.000   1135.000    3.0692    3.0692    3.0692    3.0692   1.000
  1235.000   1135.000    3.6141    3.6141    3.6141    3.6141   1.000
  1222.000   1136.000    2.7019    2.7019    2.7019    2.7019   1.000
  1241.000   1136.000    1.5277    1.5277    1.5277    1.5277   1.000
  1249.000   1136.000    4.1938    4.1938    4.1938    4.1938   1.000
  1272.000   1136.000    2.7709    2.7709    2.7709    2.7709   1.000
  1235.000   1137.000    3.5436    3.5436    3.5436    3.5436   1.000
  1269.000   1137.000    3.3363    3.3363    3.3363    3.3363   1.000
  1231.000   1138.000    3.3086    3.3086    3.3086    3.3086   1.000
  1237.000   1138.000    3.8847    3.8847    3.8847    3.8847   1.000
  1263.000   1138.000    2.9145    2.9145    2.9145    2.9145   1.000
  1259.000   1139.000    1.4173    1.4173    1.4173    1.4173   1.000
  1270.000   1139.000    3.0222    3.0222    3.0222    3.0222   1.000
  1272.000   1139.000    3.4312    3.4312    3.4312    3.4312   1.000
  1226.000   1140.000    4.9906    4.9906    4.9906    4.9906   1.000
  1234.000   1140.000    3.5526    3.5526    3.5526    3.5526   1.000
  1236.000   1140.000    3.3285    3.3285    3.3285    3.3285   1.000
  1238.000   1140.000    4.0920    4.0920    4.0920    4.0920   1.000
  1274.000   1140.000    3.8987    3.8987    3.8987    3.8987   1.000
  1230.000   1141.000    2.9918    2.9918    2.9918    2.9918   1.000
  1256.000   1141.000    3.3376    3.3376    3.3376    3.3376   1.000
  1236.000   1142.000    4.0353    4.0353    4.0353    4.0353   1.000
  1269.000   1142.000    3.2351    3.2351    3.2351    3.2351   1.000
  1229.000   1143.000    4.0454    4.0454    4.0454    4.0454   1.000
  1233.000   1143.000    3.7693    3.7693    3.7693    3.7693   1.000
  1257.000   1143.000    4.8083    4.8083    4.8083    4.8083   1.000
  1271.000   1143.000    3.5190    3.5190    3.5190    3.5190   1.000
  1273.000   1143.000    2.9420    2.9420    2.9420    2.9420   1.000
  1223.000   1144.000    3.5475    3.5475    3.5475    3.5475   1.000
  1237.000   1144.000    2.8929    2.8929    2.8929    2.8929   1.000
  1267.000   1144.000    2.8656    2.8656    2.8656    2.8656   1.000
  1269.000   1144.000    3.8053    3.8053    3.8053    3.8053   1.000
  1239.000   1145.000    1.3774    1.3774    1.3774    1.3774   1.000
  1272.000   1145.000    3.5574    3.5574    3.5574    3.5574   1.000
  1244.000   1146.000    3.3034    3.3034    3.3034    3.3034   1.000
  1249.000   1146.000    3.4704    3.4704    3.4704    3.4704   1.000
  1274.000   1146.000    3.4510    3.4510    3.4510    3.4510   1.000
  1220.000   1147.000    2.6732    2.6732    2.6732    2.6732   1.000
  1264.000   1147.000    3.4433    3.4433    3.4433    3.4433   1.000
   805.000   1156.000    3.4726    3.4726    3.4726    3.4726   1.000
   814.000   1156.000    0.5443    0.5443    0.5443    0.5443   1.000
   817.000   1157.000    2.8291    2.8291    2.8291    2.8291   1.000
   776.000   1158.000    1.3753    1.3753    1.3753    1.3753   1.000
   791.000   1158.000    3.1103    3.1103    3.1103    3.1103   1.000
   799.000   1158.000    2.7794    2.7794    2.7794    2.7794   1.000
   809.000   1158.000    2.7637    2.7637    2.7637    2.7637   1.000
   811.000   1158.000    2.4593    2.4593    2.4593    2.4593   1.000
   781.000   1159.000    2.7860    2.7860    2.7860    2.7860   1.000
   814.000   1159.000    1.8522    1.8522    1.8522    1.8522   1.000
   774.000   1160.000    4.7557    4.7557    4.7557    4.7557   1.000
   778.000   1160.000    4.0203    4.0203    4.0203    4.0203   1.000
   787.000   1160.000    0.4633    0.4633    0.4633    0.4633   1.000
   803.000   1160.000    4.2072    4.2072    4.2072    4.2072   1.000
   806.000   1161.000    3.9577    3.9577    3.9577    3.9577   1.000
   783.000   1162.000    3.9063    3.9063    3.9063    3.9063   1.000
   792.000   1162.000    3.1487    3.1487    3.1487    3.1487   1.000
   801.000   1162.000    3.2917    3.2917    3.2917    3.2917   1.000
   804.000   1162.000    3.5235    3.5235    3.5235    3.5235   1.000
   812.000   1162.000    2.7701    2.7701    2.7701    2.7701   1.000
   779.000   1163.000    3.4384    3.4384    3.4384    3.4384   1.000
   789.000   1163.000    3.1464    3.1464    3.1464    3.1464   1.000
   797.000   1163.000    1.7832    1.7832    1.7832    1.7832   1.000
   821.000   1164.000    2.8588    2.8588    2.8588    2.8588   1.000
   781.000   1165.000    0.8908    0.8908    0.8908    0.8908   1.000
   789.000   1165.000    2.8630    2.8630    2.8630    2.8630   1.000
   808.000   1165.000    3.2972    3.2972    3.2972    3.2972   1.000
   811.000   1165.000    3.4088    3.4088    3.4088    3.4088   1.000
   804.000   1166.000    3.9941    3.9941    3.9941    3.9941   1.000
   814.000   1166.000    3.4305    3.4305    3.4305    3.4305   1.000
   786.000   1167.000    2.2689    2.2689    2.2689    2.2689   1.000
   799.000   1167.000    3.4535    3.4535    3.4535    3.4535   1.000
   779.000   1168.000    2.1367    2.1367    2.1367    2.1367   1.000
   820.000   1168.000    0.4961    0.4961    0.4961    0.4961   1.000
   822.000   1168.000    2.3340    2.3340    2.3340    2.3340   1.000
   776.000   1169.000    3.1464    3.1464    3.1464    3.1464   1.000
   788.000   1169.000    2.1964    2.1964    2.1964    2.1964   1.000
   791.000   1169.000    4.8996    4.8996    4.8996    4.8996   1.000
   778.000   1170.000    2.5446    2.5446    2.5446    2.5446   1.000
   783.000   1170.000    3.2813    3.2813    3.2813    3.2813   1.000
   808.000   1170.000    1.0059    1.0059    1.0059    1.0059   1.000
   813.000   1170.000    2.0258    2.0258    2.0258    2.0258   1.000
   821.000   1170.000    1.7825    1.7825    1.7825    1.7825   1.000
   774.000   1171.000    4.2315    4.2315    4.2315    4.2315   1.000
   776.000   1171.000    3.2756    3.2756    3.2756    3.2756   1.000
   805.000   1171.000    3.1625    3.1625    3.1625    3.1625   1.000
   823.000   1171.000    3.6480    3.6480    3.6480    3.6480   1.000
   779.000   1172.000    3.2089    3.2089    3.2089    3.2089   1.000
   787.000   1172.000    3.1992    3.1992    3.1992    3.1992   1.000
   792.000   1172.000    3.0399    3.0399    3.0399    3.0399   1.000
   796.000   1172.000    3.2019    3.2019    3.2019    3.2019   1.000
   819.000   1172.000    3.5978    3.5978    3.5978    3.5978   1.000
   785.000   1173.000    3.5803    3.5803    3.5803    3.5803   1.000
   800.000   1173.000    4.2767    4.2767    4.2767    4.2767   1.000
   787.000   1174.000    3.3143    3.3143    3.3143    3.3143   1.000
   798.000   1174.000    3.1442    3.1442    3.1442    3.1442   1.000
   774.000   1175.000    3.6130    3.6130    3.6130    3.6130   1.000
   784.000   1175.000    3.4739    3.4739    3.4739    3.4739   1.000
   795.000   1175.000    3.8058    3.8058    3.8058    3.8058   1.000
   821.000   1175.000    3.9564    3.9564    3.9564    3.9564   1.000
   776.000   1176.000    2.9826    2.9826    2.9826    2.9826   1.000
   782.000   1176.000    2.6897    2.6897    2.6897    2.6897   1.000
   798.000   1176.000    2.5047    2.5047    2.5047    2.5047   1.000
   817.000   1176.000    3.6605    3.6605    3.6605    3.6605   1.000
   793.000   1177.000    0.6084    0.6084    0.6084    0.6084   1.000
   824.000   1177.000    3.1389    3.1389    3.1389    3.1389   1.000
   826.000   1177.000    3.6900    3.6900    3.6900    3.6900   1.000
   798.000   1178.000    3.5452    3.5452    3.5452    3.5452   1.000
   800.000   1179.000    2.3005    2.3005    2.3005    2.3005   1.000
   808.000   1179.000    2.6114    2.6114    2.6114    2.6114   1.000
   816.000   1179.000    4.0802    4.0802    4.0802    4.0802   1.000
   781.000   1180.000    3.5026    3.5026    3.5026    3.5026   1.000
   821.000   1180.000    3.1556    3.1556    3.1556    3.1556   1.000
   777.000   1181.000    3.2404    3.2404    3.2404    3.2404   1.000
   784.000   1181.000    4.3339    4.3339    4.3339    4.3339   1.000
   811.000   1181.000    4.7415    4.7415    4.7415    4.7415   1.000
   815.000   1182.000    4.0210    4.0210    4.0210    4.0210   1.000
   818.000   1182.000    3.3620    3.3620    3.3620    3.3620   1.000
   820.000   1182.000    3.6961    3.6961    3.6961    3.6961   1.000
   783.000   1183.000    3.0670    3.0670    3.0670    3.0670   1.000
   797.000   1183.000    1.4055    1.4055    1.4055    1.4055   1.000
   805.000   1183.000    3.5626    3.5626    3.5626    3.5626   1.000
   825.000   1183.000    2.1657    2.1657    2.1657    2.1657   1.000
   809.000   1184.000    4.0168    4.0168    4.0168    4.0168   1.000
   811.000   1184.000    3.9848    3.9848    3.9848    3.9848   1.000
   827.000   1184.000    2.5245    2.5245    2.5245    2.5245   1.000
   781.000   1185.000    0.1096    0.1096    0.1096    0.1096   1.000
   825.000   1185.000    1.8285    1.8285    1.8285    1.8285   1.000
   773.000   1186.000    2.8667    2.8667    2.8667    2.8667   1.000
   777.000   1186.000    0.4340    0.4340    0.4340    0.4340   1.000
   785.000   1186.000    3.6637    3.6637    3.6637    3.6637   1.000
   796.000   1186.000    1.8871    1.8871    1.8871    1.8871   1.000
   805.000   1186.000    3.9229    3.9229    3.9229    3.9229   1.000
   783.000   1187.000    2.5318    2.5318    2.5318    2.5318   1.000
   817.000   1187.000    0.0407    0.0407    0.0407    0.0407   1.000
   822.000   1187.000    2.8795    2.8795    2.8795    2.8795   1.000
   788.000   1188.000    3.1593    3.1593    3.1593    3.1593   1.000
   801.000   1188.000    3.2550    3.2550    3.2550    3.2550   1.000
   814.000   1188.000    3.1715    3.1715    3.1715    3.1715   1.000
   775.000   1189.000    4.1744    4.1744    4.1744    4.1744   1.000
   784.000   1189.000    4.0746    4.0746    4.0746    4.0746   1.000
   793.000   1189.000    4.4893    4.4893    4.4893    4.4893   1.000
   821.000   1189.000    3.1975    3.1975    3.1975    3.1975   1.000
   826.000   1189.000    3.7025    3.7025    3.7025    3.7025   1.000
   773.000   1190.000    0.4636    0.4636    0.4636    0.4636   1.000
   782.000   1190.000    3.6566    3.6566    3.6566    3.6566   1.000
   790.000   1190.000    3.6184    3.6184    3.6184    3.6184   1.000
   796.000   1190.000    2.9073    2.9073    2.9073    2.9073   1.000
   804.000   1190.000    3.9818    3.9818    3.9818    3.9818   1.000
   814.000   1190.000    2.7638    2.7638    2.7638    2.7638   1.000
   817.000   1190.000    2.4528    2.4528    2.4528    2.4528   1.000
   776.000   1191.000    3.5286    3.5286    3.5286    3.5286   1.000
   778.000   1191.000    3.1303    3.1303    3.1303    3.1303   1.000
   807.000   1191.000    3.6104    3.6104    3.6104    3.6104   1.000
   802.000   1192.000    3.9452    3.9452    3.9452    3.9452   1.000
   812.000   1192.000    3.4317    3.4317    3.4317    3.4317   1.000
   819.000   1192.000    2.2503    2.2503    2.2503    2.2503   1.000
   776.000   1193.000    3.3278    3.3278    3.3278    3.3278   1.000
   788.000   1193.000    2.7284    2.7284    2.7284    2.7284   1.000
   825.000   1193.000    3.8619    3.8619    3.8619    3.8619   1.000
   782.000   1194.000    4.4547    4.4547    4.4547    4.4547   1.000
   818.000   1194.000    2.7549    2.7549    2.7549    2.7549   1.000
   774.000   1195.000    2.6008    2.6008    2.6008    2.6008   1.000
   787.000   1195.000    2.5697    2.5697    2.5697    2.5697   1.000
   804.000   1195.000    3.7459    3.7459    3.7459    3.7459   1.000
   821.000   1195.000    3.6409    3.6409    3.6409    3.6409   1.000
   823.000   1195.000    4.0794    4.0794    4.0794    4.0794   1.000
   780.000   1196.000    3.6485    3.6485    3.6485    3.6485   1.000
   796.000   1196.000    3.5539    3.5539    3.5539    3.5539   1.000
   800.000   1196.000    3.1139    3.1139    3.1139    3.1139   1.000
   807.000   1196.000    3.7269    3.7269    3.7269    3.7269   1.000
   826.000   1196.000    4.5560    4.5560    4.5560    4.5560   1.000
   774.000   1197.000    2.6174    2.6174    2.6174    2.6174   1.000
   783.000   1197.000    3.0576    3.0576    3.0576    3.0576   1.000
   813.000   1197.000    3.5684    3.5684    3.5684    3.5684   1.000
   817.000   1197.000    2.6641    2.6641    2.6641    2.6641   1.000
   820.000   1197.000    3.3493    3.3493    3.3493    3.3493   1.000
   790.000   1198.000    3.5254    3.5254    3.5254    3.5254   1.000
   797.000   1198.000    2.2386    2.2386    2.2386    2.2386   1.000
   807.000   1198.000    4.1193    4.1193    4.1193    4.1193   1.000
   773.000   1200.000    3.8781    3.8781    3.8781    3.8781   1.000
   776.000   1200.000    3.5775    3.5775    3.5775    3.5775   1.000
   797.000   1200.000    2.4205    2.4205    2.4205    2.4205   1.000
   800.000   1200.000    1.9841    1.9841    1.9841    1.9841   1.000
   786.000   1201.000    3.5716    3.5716    3.5716    3.5716   1.000
   789.000   1201.000    4.0566    4.0566    4.0566    4.0566   1.000
   817.000   1201.000    2.9413    2.9413    2.9413    2.9413   1.000
   781.000   1202.000    3.4411    3.4411    3.4411    3.4411   1.000
   798.000   1202.000    2.6328    2.6328    2.6328    2.6328   1.000
   805.000   1202.000    4.0587    4.0587    4.0587    4.0587   1.000
   807.000   1202.000    4.2111    4.2111    4.2111    4.2111   1.000
   819.000   1202.000    3.0613    3.0613    3.0613    3.0613   1.000
   777.000   1203.000    4.0214    4.0214    4.0214    4.0214   1.000
   796.000   1203.000    2.8209    2.8209    2.8209    2.8209   1.000
   816.000   1203.000    2.1747    2.1747    2.1747    2.1747   1.000
   825.000   1203.000    3.9687    3.9687    3.9687    3.9687   1.000
   779.000   1205.000    3.2957    3.2957    3.2957    3.2957   1.000
   786.000   1205.000    3.9296    3.9296    3.9296    3.9296   1.000
   808.000   1205.000    4.0262    4.0262    4.0262    4.0262   1.000
   774.000   1206.000    2.4227    2.4227    2.4227    2.4227   1.000
   797.000   1206.000   -0.2585   -0.2585   -0.2585   -0.2585   1.000
   813.000   1206.000    2.7493    2.7493    2.7493    2.7493   1.000
   816.000   1206.000    3.5321    3.5321    3.5321    3.5321   1.000
   822.000   1206.000    3.2021    3.2021    3.2021    3.2021   1.000
   776.000   1208.000    3.2716    3.2716    3.2716    3.2716   1.000
   793.000   1208.000    3.6863    3.6863    3.6863    3.6863   1.000
   801.000   1208.000    1.9199    1.9199    1.9199    1.9199   1.000
   814.000   1208.000    4.8336    4.8336    4.8336    4.8336   1.000
   816.000   1208.000    3.3171    3.3171    3.3171    3.3171   1.000
   821.000   1208.000    3.3056    3.3056    3.3056    3.3056   1.000
   825.000   1208.000    3.4628    3.4628    3.4628    3.4628   1.000
   786.000   1209.000    3.7158    3.7158    3.7158    3.7158   1.000
   799.000   1209.000    2.8344    2.8344    2.8344    2.8344   1.000
   772.000   1210.000    3.0309    3.0309    3.0309    3.0309   1.000
   802.000   1210.000    2.3400    2.3400    2.3400    2.3400   1.000
   810.000   1210.000    2.9543    2.9543    2.9543    2.9543   1.000
   817.000   1210.000    2.5380    2.5380    2.5380    2.5380   1.000
   822.000   1210.000    3.7346    3.7346    3.7346    3.7346   1.000
   778.000   1211.000    3.9794    3.9794    3.9794    3.9794   1.000
   793.000   1211.000    3.7993    3.7993    3.7993    3.7993   1.000
   800.000   1211.000    2.5058    2.5058    2.5058    2.5058   1.000
   815.000   1211.000    1.8816    1.8816    1.8816    1.8816   1.000
   882.000   1156.000    2.9477    2.9477    2.9477    2.9477   1.000
   891.000   1156.000    4.5158    4.5158    4.5158    4.5158   1.000
   846.000   1157.000    4.0255    4.0255    4.0255    4.0255   1.000
   854.000   1157.000    2.3704    2.3704    2.3704    2.3704   1.000
   858.000   1157.000    3.2414    3.2414    3.2414    3.2414   1.000
   880.000   1157.000    3.4120    3.4120    3.4120    3.4120   1.000
   836.000   1158.000    2.8093    2.8093    2.8093    2.8093   1.000
   851.000   1158.000    4.0309    4.0309    4.0309    4.0309   1.000
   869.000   1158.000    1.7464    1.7464    1.7464    1.7464   1.000
   873.000   1158.000    2.8600    2.8600    2.8600    2.8600   1.000
   865.000   1159.000    3.9513    3.9513    3.9513    3.9513   1.000
   891.000   1159.000    4.2444    4.2444    4.2444    4.2444   1.000
   839.000   1160.000    3.7353    3.7353    3.7353    3.7353   1.000
   854.000   1160.000    3.1452    3.1452    3.1452    3.1452   1.000
   857.000   1160.000    4.3182    4.3182    4.3182    4.3182   1.000
   862.000   1160.000    3.0492    3.0492    3.0492    3.0492   1.000
   870.000   1160.000    2.2229    2.2229    2.2229    2.2229   1.000
   875.000   1160.000    3.1970    3.1970    3.1970    3.1970   1.000
   877.000   1160.000    3.6071    3.6071    3.6071    3.6071   1.000
   865.000   1161.000    3.3842    3.3842    3.3842    3.3842   1.000
   867.000   1161.000    2.8341    2.8341    2.8341    2.8341   1.000
   879.000   1161.000    3.0074    3.0074    3.0074    3.0074   1.000
   881.000   1161.000    3.2551    3.2551    3.2551    3.2551   1.000
   890.000   1161.000    2.1876    2.1876    2.1876    2.1876   1.000
   862.000   1162.000    4.5827    4.5827    4.5827    4.5827   1.000
   872.000   1162.000    2.9600    2.9600    2.9600    2.9600   1.000
   841.000   1163.000    3.1872    3.1872    3.1872    3.1872   1.000
   875.000   1163.000    3.5656    3.5656    3.5656    3.5656   1.000
   854.000   1164.000    3.7680    3.7680    3.7680    3.7680   1.000
   859.000   1164.000    4.1755    4.1755    4.1755    4.1755   1.000
   870.000   1165.000    3.4333    3.4333    3.4333    3.4333   1.000
   880.000   1165.000    2.0062    2.0062    2.0062    2.0062   1.000
   852.000   1166.000    3.2213    3.2213    3.2213    3.2213   1.000
   866.000   1166.000    3.0741    3.0741    3.0741    3.0741   1.000
   849.000   1167.000    3.3226    3.3226    3.3226    3.3226   1.000
   856.000   1167.000    3.0259    3.0259    3.0259    3.0259   1.000
   874.000   1167.000    3.8755    3.8755    3.8755    3.8755   1.000
   880.000   1168.000    3.1070    3.1070    3.1070    3.1070   1.000
   888.000   1168.000    3.5920    3.5920    3.5920    3.5920   1.000
   878.000   1169.000    3.6294    3.6294    3.6294    3.6294   1.000
   856.000   1170.000    2.1778    2.1778    2.1778    2.1778   1.000
   863.000   1170.000    0.9030    0.9030    0.9030    0.9030   1.000
   867.000   1170.000    4.9331    4.9331    4.9331    4.9331   1.000
   876.000   1170.000    3.0691    3.0691    3.0691    3.0691   1.000
   881.000   1170.000    3.5835    3.5835    3.5835    3.5835   1.000
   836.000   1171.000    4.2704    4.2704    4.2704    4.2704   1.000
   853.000   1171.000    0.1215    0.1215    0.1215    0.1215   1.000
   887.000   1171.000    3.2521    3.2521    3.2521    3.2521   1.000
   861.000   1172.000    3.1838    3.1838    3.1838    3.1838   1.000
   864.000   1172.000    4.4156    4.4156    4.4156    4.4156   1.000
   891.000   1172.000    1.9251    1.9251    1.9251    1.9251   1.000
   838.000   1173.000    2.3796    2.3796    2.3796    2.3796   1.000
   843.000   1173.000    3.2781    3.2781    3.2781    3.2781   1.000
   851.000   1173.000    6.4249    6.4249    6.4249    6.4249   1.000
   866.000   1173.000    2.9136    2.9136    2.9136    2.9136   1.000
   880.000   1173.000    4.7733    4.7733    4.7733    4.7733   1.000
   882.000   1173.000    3.8400    3.8400    3.8400    3.8400   1.000
   840.000   1174.000    1.7695    1.7695    1.7695    1.7695   1.000
   849.000   1174.000    3.9221    3.9221    3.9221    3.9221   1.000
   855.000   1174.000    4.2652    4.2652    4.2652    4.2652   1.000
   857.000   1174.000    4.5912    4.5912    4.5912    4.5912   1.000
   875.000   1174.000    3.7171    3.7171    3.7171    3.7171   1.000
   888.000   1174.000    2.0159    2.0159    2.0159    2.0159   1.000
   890.000   1174.000    1.5131    1.5131    1.5131    1.5131   1.000
   862.000   1175.000    3.6110    3.6110    3.6110    3.6110   1.000
   868.000   1175.000    3.9628    3.9628    3.9628    3.9628   1.000
   870.000   1175.000    4.0086    4.0086    4.0086    4.0086   1.000
   843.000   1176.000    2.0652    2.0652    2.0652    2.0652   1.000
   848.000   1176.000    3.4329    3.4329    3.4329    3.4329   1.000
   852.000   1176.000    3.5311    3.5311    3.5311    3.5311   1.000
   855.000   1176.000    3.5300    3.5300    3.5300    3.5300   1.000
   864.000   1176.000    1.0045    1.0045    1.0045    1.0045   1.000
   882.000   1176.000    2.6042    2.6042    2.6042    2.6042   1.000
   891.000   1176.000    2.5889    2.5889    2.5889    2.5889   1.000
   846.000   1177.000    1.9840    1.9840    1.9840    1.9840   1.000
   867.000   1177.000    2.4450    2.4450    2.4450    2.4450   1.000
   879.000   1177.000    3.9388    3.9388    3.9388    3.9388   1.000
   873.000   1178.000    3.1861    3.1861    3.1861    3.1861   1.000
   847.000   1179.000    1.4675    1.4675    1.4675    1.4675   1.000
   850.000   1179.000    3.9937    3.9937    3.9937    3.9937   1.000
   862.000   1179.000    3.3512    3.3512    3.3512    3.3512   1.000
   865.000   1179.000    0.9673    0.9673    0.9673    0.9673   1.000
   877.000   1179.000    3.3488    3.3488    3.3488    3.3488   1.000
   887.000   1179.000    2.7662    2.7662    2.7662    2.7662   1.000
   845.000   1180.000    1.7245    1.7245    1.7245    1.7245   1.000
   868.000   1180.000    2.3756    2.3756    2.3756    2.3756   1.000
   874.000   1180.000    2.6613    2.6613    2.6613    2.6613   1.000
   882.000   1180.000    3.4952    3.4952    3.4952    3.4952   1.000
   889.000   1180.000    3.6944    3.6944    3.6944    3.6944   1.000
   836.000   1181.000    2.9145    2.9145    2.9145    2.9145   1.000
   850.000   1181.000    3.5074    3.5074    3.5074    3.5074   1.000
   866.000   1181.000    3.7539    3.7539    3.7539    3.7539   1.000
   838.000   1182.000    3.8061    3.8061    3.8061    3.8061   1.000
   862.000   1182.000    4.3520    4.3520    4.3520    4.3520   1.000
   877.000   1182.000    2.5357    2.5357    2.5357    2.5357   1.000
   836.000   1183.000    3.7948    3.7948    3.7948    3.7948   1.000
   855.000   1183.000    4.1398    4.1398    4.1398    4.1398   1.000
   873.000   1183.000    1.3380    1.3380    1.3380    1.3380   1.000
   838.000   1184.000    3.6702    3.6702    3.6702    3.6702   1.000
   877.000   1184.000    3.9239    3.9239    3.9239    3.9239   1.000
   885.000   1184.000    4.1916    4.1916    4.1916    4.1916   1.000
   890.000   1184.000    3.6109    3.6109    3.6109    3.6109   1.000
   855.000   1185.000    3.3427    3.3427    3.3427    3.3427   1.000
   868.000   1185.000    3.2891    3.2891    3.2891    3.2891   1.000
   880.000   1185.000    3.5655    3.5655    3.5655    3.5655   1.000
   840.000   1186.000    2.9883    2.9883    2.9883    2.9883   1.000
   847.000   1186.000    3.8266    3.8266    3.8266    3.8266   1.000
   852.000   1186.000    2.7179    2.7179    2.7179    2.7179   1.000
   863.000   1186.000    0.7853    0.7853    0.7853    0.7853   1.000
   873.000   1186.000    2.2559    2.2559    2.2559    2.2559   1.000
   877.000   1186.000    4.1394    4.1394    4.1394    4.1394   1.000
   885.000   1186.000    3.9853    3.9853    3.9853    3.9853   1.000
   890.000   1186.000    3.0133    3.0133    3.0133    3.0133   1.000
   836.000   1187.000    2.4226    2.4226    2.4226    2.4226   1.000
   851.000   1188.000    1.6080    1.6080    1.6080    1.6080   1.000
   872.000   1188.000    2.9931    2.9931    2.9931    2.9931   1.000
   879.000   1188.000    3.7212    3.7212    3.7212    3.7212   1.000
   887.000   1188.000    2.0331    2.0331    2.0331    2.0331   1.000
   837.000   1189.000    3.6138    3.6138    3.6138    3.6138   1.000
   842.000   1189.000    3.7013    3.7013    3.7013    3.7013   1.000
   853.000   1189.000    2.3042    2.3042    2.3042    2.3042   1.000
   882.000   1189.000    2.7254    2.7254    2.7254    2.7254   1.000
   861.000   1190.000    3.9668    3.9668    3.9668    3.9668   1.000
   872.000   1190.000    2.2664    2.2664    2.2664    2.2664   1.000
   886.000   1190.000    1.9250    1.9250    1.9250    1.9250   1.000
   891.000   1190.000    3.4117    3.4117    3.4117    3.4117   1.000
   865.000   1191.000    3.3314    3.3314    3.3314    3.3314   1.000
   879.000   1191.000    3.9251    3.9251    3.9251    3.9251   1.000
   867.000   1192.000    2.9419    2.9419    2.9419    2.9419   1.000
   876.000   1192.000    2.9246    2.9246    2.9246    2.9246   1.000
   886.000   1192.000    1.6597    1.6597    1.6597    1.6597   1.000
   891.000   1192.000    3.7030    3.7030    3.7030    3.7030   1.000
   856.000   1193.000    3.9064    3.9064    3.9064    3.9064   1.000
   859.000   1193.000    4.2066    4.2066    4.2066    4.2066   1.000
   871.000   1193.000    3.9488    3.9488    3.9488    3.9488   1.000
   888.000   1193.000    1.9158    1.9158    1.9158    1.9158   1.000
   837.000   1194.000    3.7279    3.7279    3.7279    3.7279   1.000
   873.000   1194.000    2.6212    2.6212    2.6212    2.6212   1.000
   875.000   1194.000    3.0092    3.0092    3.0092    3.0092   1.000
   881.000   1194.000    3.2254    3.2254    3.2254    3.2254   1.000
   843.000   1195.000    2.6433    2.6433    2.6433    2.6433   1.000
   856.000   1195.000    4.7855    4.7855    4.7855    4.7855   1.000
   871.000   1195.000    3.9243    3.9243    3.9243    3.9243   1.000
   862.000   1196.000    3.4799    3.4799    3.4799    3.4799   1.000
   886.000   1196.000    2.0757    2.0757    2.0757    2.0757   1.000
   837.000   1197.000    3.3010    3.3010    3.3010    3.3010   1.000
   839.000   1197.000    3.2853    3.2853    3.2853    3.2853   1.000
   883.000   1197.000    1.7969    1.7969    1.7969    1.7969   1.000
   869.000   1198.000    4.3490    4.3490    4.3490    4.3490   1.000
   872.000   1198.000    4.0235    4.0235    4.0235    4.0235   1.000
   880.000   1198.000    3.0378    3.0378    3.0378    3.0378   1.000
   837.000   1199.000    2.9228    2.9228    2.9228    2.9228   1.000
   840.000   1199.000    2.5637    2.5637    2.5637    2.5637   1.000
   863.000   1199.000    4.2215    4.2215    4.2215    4.2215   1.000
   885.000   1199.000    1.7158    1.7158    1.7158    1.7158   1.000
   872.000   1200.000    3.6067    3.6067    3.6067    3.6067   1.000
   878.000   1200.000    4.0207    4.0207    4.0207    4.0207   1.000
   847.000   1201.000    3.1667    3.1667    3.1667    3.1667   1.000
   849.000   1201.000    4.0530    4.0530    4.0530    4.0530   1.000
   875.000   1201.000    3.0833    3.0833    3.0833    3.0833   1.000
   841.000   1202.000    3.5082    3.5082    3.5082    3.5082   1.000
   866.000   1202.000    3.7786    3.7786    3.7786    3.7786   1.000
   868.000   1202.000    2.9606    2.9606    2.9606    2.9606   1.000
   871.000   1202.000    3.4384    3.4384    3.4384    3.4384   1.000
   873.000   1202.000    4.5151    4.5151    4.5151    4.5151   1.000
   877.000   1202.000    4.6781    4.6781    4.6781    4.6781   1.000
   879.000   1202.000    1.9917    1.9917    1.9917    1.9917   1.000
   883.000   1202.000   -0.9749   -0.9749   -0.9749   -0.9749   1.000
   886.000   1202.000    2.0597    2.0597    2.0597    2.0597   1.000
   848.000   1203.000    4.1612    4.1612    4.1612    4.1612   1.000
   850.000   1203.000    3.8579    3.8579    3.8579    3.8579   1.000
   859.000   1203.000    4.3142    4.3142    4.3142    4.3142   1.000
   855.000   1204.000    3.1886    3.1886    3.1886    3.1886   1.000
   882.000   1204.000   -0.1049   -0.1049   -0.1049   -0.1049   1.000
   886.000   1204.000    2.2080    2.2080    2.2080    2.2080   1.000
   849.000   1205.000    3.4710    3.4710    3.4710    3.4710   1.000
   874.000   1205.000    3.8206    3.8206    3.8206    3.8206   1.000
   879.000   1205.000    1.8396    1.8396    1.8396    1.8396   1.000
   884.000   1205.000    1.5822    1.5822    1.5822    1.5822   1.000
   845.000   1206.000    3.6078    3.6078    3.6078    3.6078   1.000
   864.000   1206.000    3.8687    3.8687    3.8687    3.8687   1.000
   872.000   1206.000    3.2945    3.2945    3.2945    3.2945   1.000
   881.000   1206.000    2.4489    2.4489    2.4489    2.4489   1.000
   869.000   1207.000    3.3053    3.3053    3.3053    3.3053   1.000
   877.000   1207.000    4.8379    4.8379    4.8379    4.8379   1.000
   891.000   1207.000    2.1509    2.1509    2.1509    2.1509   1.000
   839.000   1208.000    3.1497    3.1497    3.1497    3.1497   1.000
   842.000   1208.000    3.8486    3.8486    3.8486    3.8486   1.000
   881.000   1208.000    2.6452    2.6452    2.6452    2.6452   1.000
   883.000   1208.000    2.5645    2.5645    2.5645    2.5645   1.000
   885.000   1208.000    2.9694    2.9694    2.9694    2.9694   1.000
   849.000   1209.000    1.6931    1.6931    1.6931    1.6931   1.000
   887.000   1209.000    3.0579    3.0579    3.0579    3.0579   1.000
   890.000   1209.000    2.1273    2.1273    2.1273    2.1273   1.000
   837.000   1210.000    3.4934    3.4934    3.4934    3.4934   1.000
   844.000   1211.000    3.1832    3.1832    3.1832    3.1832   1.000
   852.000   1211.000    3.5808    3.5808    3.5808    3.5808   1.000
   879.000   1211.000    5.0992    5.0992    5.0992    5.0992   1.000
   890.000   1211.000    2.1826    2.1826    2.1826    2.1826   1.000
   902.000   1156.000    2.8241    2.8241    2.8241    2.8241   1.000
   908.000   1156.000    3.9668    3.9668    3.9668    3.9668   1.000
   921.000   1156.000    3.6527    3.6527    3.6527    3.6527   1.000
   954.000   1156.000    1.9269    1.9269    1.9269    1.9269   1.000
   914.000   1157.000    3.1354    3.1354    3.1354    3.1354   1.000
   906.000   1158.000    2.9056    2.9056    2.9056    2.9056   1.000
   908.000   1158.000    3.2744    3.2744    3.2744    3.2744   1.000
   922.000   1158.000    3.4065    3.4065    3.4065    3.4065   1.000
   928.000   1158.000    4.0434    4.0434    4.0434    4.0434   1.000
   944.000   1158.000    2.4611    2.4611    2.4611    2.4611   1.000
   951.000   1158.000    3.2652    3.2652    3.2652    3.2652   1.000
   946.000   1159.000    2.6420    2.6420    2.6420    2.6420   1.000
   948.000   1159.000    3.1304    3.1304    3.1304    3.1304   1.000
   902.000   1160.000    3.0404    3.0404    3.0404    3.0404   1.000
   905.000   1160.000    3.9823    3.9823    3.9823    3.9823   1.000
   910.000   1160.000    3.7273    3.7273    3.7273    3.7273   1.000
   931.000   1160.000    3.3536    3.3536    3.3536    3.3536   1.000
   936.000   1160.000    3.4213    3.4213    3.4213    3.4213   1.000
   938.000   1160.000    3.8038    3.8038    3.8038    3.8038   1.000
   952.000   1160.000    3.1204    3.1204    3.1204    3.1204   1.000
   949.000   1161.000    3.5161    3.5161    3.5161    3.5161   1.000
   910.000   1162.000    3.5888    3.5888    3.5888    3.5888   1.000
   915.000   1162.000    2.5881    2.5881    2.5881    2.5881   1.000
   933.000   1162.000    2.5337    2.5337    2.5337    2.5337   1.000
   939.000   1162.000    2.2182    2.2182    2.2182    2.2182   1.000
   943.000   1162.000    3.3682    3.3682    3.3682    3.3682   1.000
   945.000   1162.000    2.8230    2.8230    2.8230    2.8230   1.000
   913.000   1163.000    0.8916    0.8916    0.8916    0.8916   1.000
   935.000   1163.000    3.1501    3.1501    3.1501    3.1501   1.000
   941.000   1163.000    2.2869    2.2869    2.2869    2.2869   1.000
   951.000   1163.000    2.5008    2.5008    2.5008    2.5008   1.000
   908.000   1164.000    1.8315    1.8315    1.8315    1.8315   1.000
   916.000   1164.000    3.1701    3.1701    3.1701    3.1701   1.000
   922.000   1164.000    3.0346    3.0346    3.0346    3.0346   1.000
   903.000   1165.000    3.1705    3.1705    3.1705    3.1705   1.000
   942.000   1165.000    2.5335    2.5335    2.5335    2.5335   1.000
   948.000   1165.000    2.6891    2.6891    2.6891    2.6891   1.000
   950.000   1165.000    3.4051    3.4051    3.4051    3.4051   1.000
   955.000   1165.000    4.0319    4.0319    4.0319    4.0319   1.000
   913.000   1166.000    2.8523    2.8523    2.8523    2.8523   1.000
   920.000   1166.000    3.1347    3.1347    3.1347    3.1347   1.000
   923.000   1166.000    2.1942    2.1942    2.1942    2.1942   1.000
   953.000   1166.000    4.7485    4.7485    4.7485    4.7485   1.000
   925.000   1167.000    2.8539    2.8539    2.8539    2.8539   1.000
   933.000   1167.000    3.2511    3.2511    3.2511    3.2511   1.000
   939.000   1167.000   -0.0963   -0.0963   -0.0963   -0.0963   1.000
   948.000   1167.000    4.6889    4.6889    4.6889    4.6889   1.000
   903.000   1168.000    2.5760    2.5760    2.5760    2.5760   1.000
   905.000   1168.000    2.4145    2.4145    2.4145    2.4145   1.000
   909.000   1168.000    0.4425    0.4425    0.4425    0.4425   1.000
   913.000   1168.000    1.9127    1.9127    1.9127    1.9127   1.000
   915.000   1168.000    2.8984    2.8984    2.8984    2.8984   1.000
   920.000   1168.000    2.8835    2.8835    2.8835    2.8835   1.000
   942.000   1169.000    2.7131    2.7131    2.7131    2.7131   1.000
   947.000   1169.000    3.8438    3.8438    3.8438    3.8438   1.000
   906.000   1170.000    2.3536    2.3536    2.3536    2.3536   1.000
   936.000   1170.000    3.9763    3.9763    3.9763    3.9763   1.000
   944.000   1170.000    2.3997    2.3997    2.3997    2.3997   1.000
   951.000   1170.000    1.4681    1.4681    1.4681    1.4681   1.000
   933.000   1171.000    3.1852    3.1852    3.1852    3.1852   1.000
   953.000   1171.000    2.8276    2.8276    2.8276    2.8276   1.000
   905.000   1172.000    2.9137    2.9137    2.9137    2.9137   1.000
   911.000   1172.000   -0.4013   -0.4013   -0.4013   -0.4013   1.000
   916.000   1172.000    2.7992    2.7992    2.7992    2.7992   1.000
   918.000   1172.000    3.6611    3.6611    3.6611    3.6611   1.000
   920.000   1172.000    3.6950    3.6950    3.6950    3.6950   1.000
   924.000   1172.000    2.8368    2.8368    2.8368    2.8368   1.000
   930.000   1172.000    2.1817    2.1817    2.1817    2.1817   1.000
   939.000   1172.000    3.2834    3.2834    3.2834    3.2834   1.000
   941.000   1172.000    2.2429    2.2429    2.2429    2.2429   1.000
   949.000   1172.000    3.7758    3.7758    3.7758    3.7758   1.000
   901.000   1173.000    0.0137    0.0137    0.0137    0.0137   1.000
   907.000   1173.000    1.8526    1.8526    1.8526    1.8526   1.000
   933.000   1173.000    3.6786    3.6786    3.6786    3.6786   1.000
   909.000   1174.000    2.5623    2.5623    2.5623    2.5623   1.000
   915.000   1174.000    2.0932    2.0932    2.0932    2.0932   1.000
   924.000   1174.000    2.8065    2.8065    2.8065    2.8065   1.000
   928.000   1174.000    3.2790    3.2790    3.2790    3.2790   1.000
   950.000   1174.000    3.8304    3.8304    3.8304    3.8304   1.000
   907.000   1175.000    2.6091    2.6091    2.6091    2.6091   1.000
   913.000   1175.000    1.5975    1.5975    1.5975    1.5975   1.000
   936.000   1175.000    3.8599    3.8599    3.8599    3.8599   1.000
   945.000   1175.000    3.6591    3.6591    3.6591    3.6591   1.000
   904.000   1176.000    2.7955    2.7955    2.7955    2.7955   1.000
   909.000   1176.000    2.8715    2.8715    2.8715    2.8715   1.000
   930.000   1176.000    3.2515    3.2515    3.2515    3.2515   1.000
   948.000   1176.000    3.1982    3.1982    3.1982    3.1982   1.000
   913.000   1177.000    2.9940    2.9940    2.9940    2.9940   1.000
   922.000   1177.000    3.1731    3.1731    3.1731    3.1731   1.000
   942.000   1177.000    3.2677    3.2677    3.2677    3.2677   1.000
   906.000   1178.000    3.5845    3.5845    3.5845    3.5845   1.000
   920.000   1178.000    3.5794    3.5794    3.5794    3.5794   1.000
   924.000   1178.000    2.7271    2.7271    2.7271    2.7271   1.000
   933.000   1178.000    3.5781    3.5781    3.5781    3.5781   1.000
   947.000   1178.000    4.4856    4.4856    4.4856    4.4856   1.000
   952.000   1178.000    3.8259    3.8259    3.8259    3.8259   1.000
   909.000   1179.000    3.1575    3.1575    3.1575    3.1575   1.000
   911.000   1179.000    2.4285    2.4285    2.4285    2.4285   1.000
   914.000   1179.000    3.6833    3.6833    3.6833    3.6833   1.000
   939.000   1180.000    3.6087    3.6087    3.6087    3.6087   1.000
   944.000   1180.000    5.6637    5.6637    5.6637    5.6637   1.000
   947.000   1180.000    4.6980    4.6980    4.6980    4.6980   1.000
   955.000   1181.000    2.9679    2.9679    2.9679    2.9679   1.000
   906.000   1182.000    2.8084    2.8084    2.8084    2.8084   1.000
   913.000   1182.000    3.0526    3.0526    3.0526    3.0526   1.000
   936.000   1182.000    3.8903    3.8903    3.8903    3.8903   1.000
   922.000   1183.000    2.6251    2.6251    2.6251    2.6251   1.000
   928.000   1183.000    3.2408    3.2408    3.2408    3.2408   1.000
   912.000   1184.000    3.5130    3.5130    3.5130    3.5130   1.000
   925.000   1184.000    3.0613    3.0613    3.0613    3.0613   1.000
   941.000   1184.000    3.0223    3.0223    3.0223    3.0223   1.000
   943.000   1184.000    2.9699    2.9699    2.9699    2.9699   1.000
   946.000   1184.000    5.0287    5.0287    5.0287    5.0287   1.000
   948.000   1184.000    4.0262    4.0262    4.0262    4.0262   1.000
   951.000   1184.000    3.2236    3.2236    3.2236    3.2236   1.000
   901.000   1186.000    2.7801    2.7801    2.7801    2.7801   1.000
   906.000   1186.000    2.4597    2.4597    2.4597    2.4597   1.000
   943.000   1186.000    2.7035    2.7035    2.7035    2.7035   1.000
   911.000   1187.000    2.3787    2.3787    2.3787    2.3787   1.000
   913.000   1187.000    3.2126    3.2126    3.2126    3.2126   1.000
   915.000   1187.000    3.4625    3.4625    3.4625    3.4625   1.000
   920.000   1187.000    3.3687    3.3687    3.3687    3.3687   1.000
   931.000   1187.000    3.1971    3.1971    3.1971    3.1971   1.000
   904.000   1188.000    4.2451    4.2451    4.2451    4.2451   1.000
   923.000   1188.000    3.5878    3.5878    3.5878    3.5878   1.000
   933.000   1188.000    3.4197    3.4197    3.4197    3.4197   1.000
   947.000   1188.000    4.1795    4.1795    4.1795    4.1795   1.000
   955.000   1188.000    3.2134    3.2134    3.2134    3.2134   1.000
   926.000   1189.000    2.4611    2.4611    2.4611    2.4611   1.000
   952.000   1189.000    2.8216    2.8216    2.8216    2.8216   1.000
   900.000   1190.000    3.5713    3.5713    3.5713    3.5713   1.000
   904.000   1190.000    2.9746    2.9746    2.9746    2.9746   1.000
   914.000   1190.000    3.8469    3.8469    3.8469    3.8469   1.000
   923.000   1190.000    3.1435    3.1435    3.1435    3.1435   1.000
   935.000   1190.000    4.0469    4.0469    4.0469    4.0469   1.000
   942.000   1190.000    3.6773    3.6773    3.6773    3.6773   1.000
   947.000   1190.000    4.9195    4.9195    4.9195    4.9195   1.000
   901.000   1192.000    3.3822    3.3822    3.3822    3.3822   1.000
   907.000   1192.000    1.8086    1.8086    1.8086    1.8086   1.000
   914.000   1192.000    3.8441    3.8441    3.8441    3.8441   1.000
   931.000   1192.000    2.6622    2.6622    2.6622    2.6622   1.000
   938.000   1193.000    3.1708    3.1708    3.1708    3.1708   1.000
   946.000   1193.000    3.7493    3.7493    3.7493    3.7493   1.000
   923.000   1194.000    4.1419    4.1419    4.1419    4.1419   1.000
   934.000   1194.000    3.7023    3.7023    3.7023    3.7023   1.000
   943.000   1194.000    2.5226    2.5226    2.5226    2.5226   1.000
   930.000   1195.000    3.8015    3.8015    3.8015    3.8015   1.000
   937.000   1195.000    3.6332    3.6332    3.6332    3.6332   1.000
   918.000   1196.000    3.8231    3.8231    3.8231    3.8231   1.000
   942.000   1196.000    2.9869    2.9869    2.9869    2.9869   1.000
   953.000   1196.000    3.6999    3.6999    3.6999    3.6999   1.000
   904.000   1197.000    0.0125    0.0125    0.0125    0.0125   1.000
   909.000   1197.000    3.0810    3.0810    3.0810    3.0810   1.000
   946.000   1197.000    3.2005    3.2005    3.2005    3.2005   1.000
   950.000   1197.000    3.6921    3.6921    3.6921    3.6921   1.000
   900.000   1198.000    2.8331    2.8331    2.8331    2.8331   1.000
   916.000   1198.000    3.5260    3.5260    3.5260    3.5260   1.000
   920.000   1198.000    4.0639    4.0639    4.0639    4.0639   1.000
   933.000   1198.000    3.1053    3.1053    3.1053    3.1053   1.000
   938.000   1198.000    3.8920    3.8920    3.8920    3.8920   1.000
   953.000   1198.000    3.7778    3.7778    3.7778    3.7778   1.000
   900.000   1200.000    2.9481    2.9481    2.9481    2.9481   1.000
   930.000   1200.000    3.8220    3.8220    3.8220    3.8220   1.000
   932.000   1200.000    3.4640    3.4640    3.4640    3.4640   1.000
   950.000   1200.000    3.7997    3.7997    3.7997    3.7997   1.000
   912.000   1201.000    2.5870    2.5870    2.5870    2.5870   1.000
   935.000   1201.000    3.4191    3.4191    3.4191    3.4191   1.000
   909.000   1202.000    3.5237    3.5237    3.5237    3.5237   1.000
   932.000   1202.000    3.4295    3.4295    3.4295    3.4295   1.000
   946.000   1202.000    1.8903    1.8903    1.8903    1.8903   1.000
   900.000   1203.000    3.2151    3.2151    3.2151    3.2151   1.000
   914.000   1203.000    3.5139    3.5139    3.5139    3.5139   1.000
   929.000   1203.000    3.8658    3.8658    3.8658    3.8658   1.000
   941.000   1203.000    2.9971    2.9971    2.9971    2.9971   1.000
   944.000   1203.000    2.7486    2.7486    2.7486    2.7486   1.000
   938.000   1204.000    3.4726    3.4726    3.4726    3.4726   1.000
   949.000   1204.000    4.1120    4.1120    4.1120    4.1120   1.000
   911.000   1205.000    3.0206    3.0206    3.0206    3.0206   1.000
   928.000   1205.000    3.9095    3.9095    3.9095    3.9095   1.000
   943.000   1205.000    3.2192    3.2192    3.2192    3.2192   1.000
   916.000   1206.000    0.5663    0.5663    0.5663    0.5663   1.000
   930.000   1206.000    4.6864    4.6864    4.6864    4.6864   1.000
   937.000   1206.000    3.1500    3.1500    3.1500    3.1500   1.000
   901.000   1208.000    2.2667    2.2667    2.2667    2.2667   1.000
   905.000   1208.000    2.8978    2.8978    2.8978    2.8978   1.000
   911.000   1208.000    3.2631    3.2631    3.2631    3.2631   1.000
   921.000   1208.000    3.2518    3.2518    3.2518    3.2518   1.000
   923.000   1208.000    3.4469    3.4469    3.4469    3.4469   1.000
   907.000   1210.000    2.9193    2.9193    2.9193    2.9193   1.000
   912.000   1210.000    3.0317    3.0317    3.0317    3.0317   1.000
   917.000   1210.000    1.9838    1.9838    1.9838    1.9838   1.000
   931.000   1210.000    3.8977    3.8977    3.8977    3.8977   1.000
   947.000   1210.000    3.1288    3.1288    3.1288    3.1288   1.000
   955.000   1210.000    3.2358    3.2358    3.2358    3.2358   1.000
   904.000   1211.000    4.0860    4.0860    4.0860    4.0860   1.000
   940.000   1211.000    3.2113    3.2113    3.2113    3.2113   1.000
   949.000   1211.000    2.6317    2.6317    2.6317    2.6317   1.000
   975.000   1156.000    2.5267    2.5267    2.5267    2.5267   1.000
   979.000   1156.000    1.9001    1.9001    1.9001    1.9001   1.000
   991.000   1156.000    2.9680    2.9680    2.9680    2.9680   1.000
  1014.000   1156.000    3.3891    3.3891    3.3891    3.3891   1.000
  1018.000   1156.000    3.4847    3.4847    3.4847    3.4847   1.000
   994.000   1157.000    3.1098    3.1098    3.1098    3.1098   1.000
  1005.000   1157.000    2.7945    2.7945    2.7945    2.7945   1.000
   971.000   1158.000    3.2461    3.2461    3.2461    3.2461   1.000
   981.000   1158.000    2.9384    2.9384    2.9384    2.9384   1.000
   989.000   1158.000    3.3453    3.3453    3.3453    3.3453   1.000
   992.000   1158.000    3.1053    3.1053    3.1053    3.1053   1.000
  1017.000   1158.000    3.4563    3.4563    3.4563    3.4563   1.000
   966.000   1159.000    3.9350    3.9350    3.9350    3.9350   1.000
   975.000   1159.000    3.3217    3.3217    3.3217    3.3217   1.000
  1008.000   1159.000    2.3572    2.3572    2.3572    2.3572   1.000
   968.000   1160.000    3.8468    3.8468    3.8468    3.8468   1.000
   996.000   1160.000    4.2444    4.2444    4.2444    4.2444   1.000
  1017.000   1160.000    3.5293    3.5293    3.5293    3.5293   1.000
   979.000   1161.000    2.7773    2.7773    2.7773    2.7773   1.000
   991.000   1161.000    3.2891    3.2891    3.2891    3.2891   1.000
  1003.000   1161.000    3.1745    3.1745    3.1745    3.1745   1.000
  1007.000   1162.000    3.2103    3.2103    3.2103    3.2103   1.000
  1016.000   1162.000    3.2640    3.2640    3.2640    3.2640   1.000
   982.000   1163.000    3.6246    3.6246    3.6246    3.6246   1.000
   994.000   1163.000    2.8408    2.8408    2.8408    2.8408   1.000
   965.000   1164.000    2.6489    2.6489    2.6489    2.6489   1.000
   970.000   1164.000    2.7853    2.7853    2.7853    2.7853   1.000
  1015.000   1164.000    4.1507    4.1507    4.1507    4.1507   1.000
  1017.000   1164.000    3.6257    3.6257    3.6257    3.6257   1.000
   966.000   1166.000    4.0347    4.0347    4.0347    4.0347   1.000
   981.000   1166.000    3.9387    3.9387    3.9387    3.9387   1.000
   993.000   1166.000    3.1259    3.1259    3.1259    3.1259   1.000
  1005.000   1166.000    3.8448    3.8448    3.8448    3.8448   1.000
   997.000   1167.000    3.4059    3.4059    3.4059    3.4059   1.000
   999.000   1167.000    3.4006    3.4006    3.4006    3.4006   1.000
  1018.000   1167.000    2.8424    2.8424    2.8424    2.8424   1.000
   964.000   1168.000    3.6822    3.6822    3.6822    3.6822   1.000
   971.000   1168.000    3.4114    3.4114    3.4114    3.4114   1.000
   973.000   1168.000    2.7659    2.7659    2.7659    2.7659   1.000
  1011.000   1168.000    2.7791    2.7791    2.7791    2.7791   1.000
  1014.000   1168.000    4.1195    4.1195    4.1195    4.1195   1.000
   967.000   1169.000    0.9616    0.9616    0.9616    0.9616   1.000
   969.000   1169.000    1.2756    1.2756    1.2756    1.2756   1.000
   995.000   1169.000    3.6719    3.6719    3.6719    3.6719   1.000
   987.000   1170.000    3.8597    3.8597    3.8597    3.8597   1.000
   989.000   1170.000    2.6431    2.6431    2.6431    2.6431   1.000
   967.000   1171.000    1.2785    1.2785    1.2785    1.2785   1.000
   974.000   1171.000    3.6322    3.6322    3.6322    3.6322   1.000
   985.000   1171.000    3.4743    3.4743    3.4743    3.4743   1.000
   991.000   1171.000    3.8223    3.8223    3.8223    3.8223   1.000
   995.000   1171.000    4.0210    4.0210    4.0210    4.0210   1.000
   997.000   1171.000    1.6804    1.6804    1.6804    1.6804   1.000
  1019.000   1171.000    3.6803    3.6803    3.6803    3.6803   1.000
   999.000   1172.000    1.7593    1.7593    1.7593    1.7593   1.000
   975.000   1173.000    3.3119    3.3119    3.3119    3.3119   1.000
   995.000   1173.000    3.3305    3.3305    3.3305    3.3305   1.000
  1004.000   1173.000    3.9997    3.9997    3.9997    3.9997   1.000
   969.000   1174.000    4.8735    4.8735    4.8735    4.8735   1.000
   971.000   1174.000    2.8226    2.8226    2.8226    2.8226   1.000
   990.000   1174.000    3.8550    3.8550    3.8550    3.8550   1.000
   997.000   1174.000    2.7982    2.7982    2.7982    2.7982   1.000
  1016.000   1174.000    3.2225    3.2225    3.2225    3.2225   1.000
   966.000   1175.000    3.8363    3.8363    3.8363    3.8363   1.000
   979.000   1175.000    0.2168    0.2168    0.2168    0.2168   1.000
   986.000   1176.000    3.3416    3.3416    3.3416    3.3416   1.000
   972.000   1177.000    2.3089    2.3089    2.3089    2.3089   1.000
   982.000   1177.000    2.1629    2.1629    2.1629    2.1629   1.000
   990.000   1177.000    3.9096    3.9096    3.9096    3.9096   1.000
   997.000   1177.000    2.9244    2.9244    2.9244    2.9244   1.000
   965.000   1178.000    3.4790    3.4790    3.4790    3.4790   1.000
   974.000   1178.000    2.7290    2.7290    2.7290    2.7290   1.000
   984.000   1178.000    2.9678    2.9678    2.9678    2.9678   1.000
  1011.000   1178.000    3.8142    3.8142    3.8142    3.8142   1.000
  1014.000   1178.000    1.5459    1.5459    1.5459    1.5459   1.000
  1016.000   1178.000    2.2452    2.2452    2.2452    2.2452   1.000
   967.000   1179.000    3.3008    3.3008    3.3008    3.3008   1.000
   980.000   1179.000    2.9327    2.9327    2.9327    2.9327   1.000
   990.000   1179.000    2.8236    2.8236    2.8236    2.8236   1.000
  1009.000   1179.000    2.3699    2.3699    2.3699    2.3699   1.000
   970.000   1180.000    2.7538    2.7538    2.7538    2.7538   1.000
   966.000   1181.000    4.0283    4.0283    4.0283    4.0283   1.000
   968.000   1181.000    3.1930    3.1930    3.1930    3.1930   1.000
   991.000   1181.000    3.3100    3.3100    3.3100    3.3100   1.000
   997.000   1181.000    3.1605    3.1605    3.1605    3.1605   1.000
  1014.000   1181.000    2.8946    2.8946    2.8946    2.8946   1.000
  1018.000   1181.000    2.9421    2.9421    2.9421    2.9421   1.000
   970.000   1182.000    3.5272    3.5272    3.5272    3.5272   1.000
   973.000   1182.000    4.3673    4.3673    4.3673    4.3673   1.000
   976.000   1182.000    3.3136    3.3136    3.3136    3.3136   1.000
   979.000   1182.000    2.6699    2.6699    2.6699    2.6699   1.000
   987.000   1182.000    2.1180    2.1180    2.1180    2.1180   1.000
  1003.000   1182.000    2.9103    2.9103    2.9103    2.9103   1.000
  1012.000   1182.000    2.8292    2.8292    2.8292    2.8292   1.000
   966.000   1183.000    2.7946    2.7946    2.7946    2.7946   1.000
   985.000   1184.000    4.0194    4.0194    4.0194    4.0194   1.000
   989.000   1184.000   -0.2158   -0.2158   -0.2158   -0.2158   1.000
   994.000   1184.000    3.2679    3.2679    3.2679    3.2679   1.000
   999.000   1184.000    3.2853    3.2853    3.2853    3.2853   1.000
  1001.000   1184.000    3.2905    3.2905    3.2905    3.2905   1.000
  1009.000   1184.000    3.0244    3.0244    3.0244    3.0244   1.000
  1012.000   1184.000    3.7235    3.7235    3.7235    3.7235   1.000
   980.000   1185.000    1.7243    1.7243    1.7243    1.7243   1.000
   966.000   1186.000    3.9966    3.9966    3.9966    3.9966   1.000
   970.000   1186.000    2.9994    2.9994    2.9994    2.9994   1.000
   984.000   1186.000    2.6902    2.6902    2.6902    2.6902   1.000
   992.000   1186.000    3.0258    3.0258    3.0258    3.0258   1.000
  1003.000   1186.000    2.3939    2.3939    2.3939    2.3939   1.000
  1014.000   1186.000    1.8307    1.8307    1.8307    1.8307   1.000
  1010.000   1187.000    3.3049    3.3049    3.3049    3.3049   1.000
   974.000   1188.000    2.5003    2.5003    2.5003    2.5003   1.000
   983.000   1188.000    2.7718    2.7718    2.7718    2.7718   1.000
   991.000   1188.000    2.5357    2.5357    2.5357    2.5357   1.000
  1001.000   1188.000    3.4188    3.4188    3.4188    3.4188   1.000
  1003.000   1188.000    2.8914    2.8914    2.8914    2.8914   1.000
   965.000   1189.000    3.9188    3.9188    3.9188    3.9188   1.000
   995.000   1189.000    2.9431    2.9431    2.9431    2.9431   1.000
   972.000   1190.000    3.5806    3.5806    3.5806    3.5806   1.000
   974.000   1190.000    2.7079    2.7079    2.7079    2.7079   1.000
   978.000   1190.000    4.6535    4.6535    4.6535    4.6535   1.000
   990.000   1190.000    2.4568    2.4568    2.4568    2.4568   1.000
   969.000   1191.000   -0.2394   -0.2394   -0.2394   -0.2394   1.000
   988.000   1191.000    2.4390    2.4390    2.4390    2.4390   1.000
   997.000   1191.000    3.2821    3.2821    3.2821    3.2821   1.000
  1008.000   1191.000    3.4426    3.4426    3.4426    3.4426   1.000
  1013.000   1191.000    2.1779    2.1779    2.1779    2.1779   1.000
  1015.000   1191.000    2.9216    2.9216    2.9216    2.9216   1.000
   976.000   1192.000    3.2667    3.2667    3.2667    3.2667   1.000
   994.000   1193.000    2.2151    2.2151    2.2151    2.2151   1.000
  1008.000   1193.000    3.7326    3.7326    3.7326    3.7326   1.000
   970.000   1194.000    2.9531    2.9531    2.9531    2.9531   1.000
   973.000   1194.000    3.6574    3.6574    3.6574    3.6574   1.000
   996.000   1194.000    2.2271    2.2271    2.2271    2.2271   1.000
  1012.000   1194.000    3.9390    3.9390    3.9390    3.9390   1.000
  1014.000   1194.000    3.6841    3.6841    3.6841    3.6841   1.000
   968.000   1195.000    2.5145    2.5145    2.5145    2.5145   1.000
   983.000   1195.000    3.7874    3.7874    3.7874    3.7874   1.000
   987.000   1196.000    3.5806    3.5806    3.5806    3.5806   1.000
   992.000   1196.000    2.4447    2.4447    2.4447    2.4447   1.000
   995.000   1196.000    4.2300    4.2300    4.2300    4.2300   1.000
  1009.000   1196.000    2.6073    2.6073    2.6073    2.6073   1.000
   964.000   1197.000    2.8817    2.8817    2.8817    2.8817   1.000
   999.000   1197.000    3.5517    3.5517    3.5517    3.5517   1.000
  1006.000   1197.000    3.2992    3.2992    3.2992    3.2992   1.000
  1015.000   1197.000    2.7877    2.7877    2.7877    2.7877   1.000
   966.000   1198.000    3.1759    3.1759    3.1759    3.1759   1.000
   982.000   1198.000    3.2470    3.2470    3.2470    3.2470   1.000
   994.000   1198.000    4.8329    4.8329    4.8329    4.8329   1.000
  1002.000   1198.000    3.7308    3.7308    3.7308    3.7308   1.000
  1012.000   1198.000    3.4139    3.4139    3.4139    3.4139   1.000
   973.000   1199.000    4.1053    4.1053    4.1053    4.1053   1.000
  1006.000   1199.000    3.5703    3.5703    3.5703    3.5703   1.000
   982.000   1200.000    4.2206    4.2206    4.2206    4.2206   1.000
  1009.000   1200.000    3.6654    3.6654    3.6654    3.6654   1.000
   964.000   1201.000    3.0641    3.0641    3.0641    3.0641   1.000
   979.000   1201.000    3.9250    3.9250    3.9250    3.9250   1.000
   990.000   1201.000    2.6862    2.6862    2.6862    2.6862   1.000
  1011.000   1202.000    3.3689    3.3689    3.3689    3.3689   1.000
  1013.000   1202.000    3.1183    3.1183    3.1183    3.1183   1.000
  1017.000   1202.000    3.5883    3.5883    3.5883    3.5883   1.000
   981.000   1203.000    2.9292    2.9292    2.9292    2.9292   1.000
   998.000   1204.000    3.6468    3.6468    3.6468    3.6468   1.000
  1009.000   1204.000    2.2410    2.2410    2.2410    2.2410   1.000
  1014.000   1204.000    4.0115    4.0115    4.0115    4.0115   1.000
   974.000   1205.000    4.3108    4.3108    4.3108    4.3108   1.000
  1006.000   1205.000    1.8685    1.8685    1.8685    1.8685   1.000
   990.000   1206.000    3.9618    3.9618    3.9618    3.9618   1.000
   999.000   1206.000    3.4255    3.4255    3.4255    3.4255   1.000
  1009.000   1206.000    3.4797    3.4797    3.4797    3.4797   1.000
   967.000   1207.000    3.2110    3.2110    3.2110    3.2110   1.000
   969.000   1207.000    4.5147    4.5147    4.5147    4.5147   1.000
   987.000   1207.000    3.6851    3.6851    3.6851    3.6851   1.000
   965.000   1208.000    3.0136    3.0136    3.0136    3.0136   1.000
  1009.000   1208.000    3.5458    3.5458    3.5458    3.5458   1.000
  1017.000   1208.000    3.0968    3.0968    3.0968    3.0968   1.000
   987.000   1209.000    3.0403    3.0403    3.0403    3.0403   1.000
   966.000   1210.000    4.0210    4.0210    4.0210    4.0210   1.000
   968.000   1211.000    2.9701    2.9701    2.9701    2.9701   1.000
   987.000   1211.000    3.4494    3.4494    3.4494    3.4494   1.000
   989.000   1211.000    3.4930    3.4930    3.4930    3.4930   1.000
  1051.000   1156.000    3.3557    3.3557    3.3557    3.3557   1.000
  1074.000   1156.000    3.8102    3.8102    3.8102    3.8102   1.000
  1078.000   1156.000    3.2351    3.2351    3.2351    3.2351   1.000
  1035.000   1157.000    3.6119    3.6119    3.6119    3.6119   1.000
  1038.000   1157.000    1.9209    1.9209    1.9209    1.9209   1.000
  1042.000   1157.000    3.8665    3.8665    3.8665    3.8665   1.000
  1055.000   1157.000    0.2705    0.2705    0.2705    0.2705   1.000
  1066.000   1157.000    3.4725    3.4725    3.4725    3.4725   1.000
  1040.000   1158.000    4.4049    4.4049    4.4049    4.4049   1.000
  1050.000   1158.000    3.0308    3.0308    3.0308    3.0308   1.000
  1060.000   1158.000    2.2374    2.2374    2.2374    2.2374   1.000
  1028.000   1159.000    4.9547    4.9547    4.9547    4.9547   1.000
  1032.000   1159.000    3.1473    3.1473    3.1473    3.1473   1.000
  1054.000   1159.000    0.7205    0.7205    0.7205    0.7205   1.000
  1062.000   1159.000    2.5540    2.5540    2.5540    2.5540   1.000
  1077.000   1159.000    2.6597    2.6597    2.6597    2.6597   1.000
  1041.000   1160.000    1.7844    1.7844    1.7844    1.7844   1.000
  1046.000   1160.000    2.9343    2.9343    2.9343    2.9343   1.000
  1049.000   1160.000    2.8091    2.8091    2.8091    2.8091   1.000
  1051.000   1160.000    2.6839    2.6839    2.6839    2.6839   1.000
  1057.000   1160.000    2.3451    2.3451    2.3451    2.3451   1.000
  1079.000   1160.000    3.4009    3.4009    3.4009    3.4009   1.000
  1081.000   1160.000    4.0736    4.0736    4.0736    4.0736   1.000
  1062.000   1161.000    1.5015    1.5015    1.5015    1.5015   1.000
  1032.000   1162.000    3.8477    3.8477    3.8477    3.8477   1.000
  1038.000   1162.000    3.2720    3.2720    3.2720    3.2720   1.000
  1040.000   1162.000    3.3832    3.3832    3.3832    3.3832   1.000
  1074.000   1162.000    2.2505    2.2505    2.2505    2.2505   1.000
  1080.000   1162.000    3.2263    3.2263    3.2263    3.2263   1.000
  1036.000   1163.000    3.5557    3.5557    3.5557    3.5557   1.000
  1072.000   1163.000    4.0020    4.0020    4.0020    4.0020   1.000
  1078.000   1163.000    2.8529    2.8529    2.8529    2.8529   1.000
  1040.000   1164.000    3.5321    3.5321    3.5321    3.5321   1.000
  1044.000   1164.000    0.3927    0.3927    0.3927    0.3927   1.000
  1049.000   1164.000    3.1640    3.1640    3.1640    3.1640   1.000
  1074.000   1165.000    3.8059    3.8059    3.8059    3.8059   1.000
  1037.000   1166.000    3.9741    3.9741    3.9741    3.9741   1.000
  1039.000   1166.000    3.7887    3.7887    3.7887    3.7887   1.000
  1051.000   1166.000    2.0445    2.0445    2.0445    2.0445   1.000
  1080.000   1166.000    3.3830    3.3830    3.3830    3.3830   1.000
  1032.000   1168.000    2.7858    2.7858    2.7858    2.7858   1.000
  1042.000   1168.000    3.4987    3.4987    3.4987    3.4987   1.000
  1047.000   1168.000    3.1229    3.1229    3.1229    3.1229   1.000
  1057.000   1168.000    3.5604    3.5604    3.5604    3.5604   1.000
  1064.000   1168.000    3.8160    3.8160    3.8160    3.8160   1.000
  1068.000   1168.000    3.9053    3.9053    3.9053    3.9053   1.000
  1075.000   1168.000    3.8220    3.8220    3.8220    3.8220   1.000
  1077.000   1168.000    3.5371    3.5371    3.5371    3.5371   1.000
  1053.000   1169.000    3.3911    3.3911    3.3911    3.3911   1.000
  1059.000   1169.000    4.0467    4.0467    4.0467    4.0467   1.000
  1034.000   1170.000    3.8108    3.8108    3.8108    3.8108   1.000
  1040.000   1170.000    3.9595    3.9595    3.9595    3.9595   1.000
  1051.000   1170.000    3.3346    3.3346    3.3346    3.3346   1.000
  1055.000   1170.000    3.9739    3.9739    3.9739    3.9739   1.000
  1074.000   1170.000    3.4503    3.4503    3.4503    3.4503   1.000
  1048.000   1171.000    3.2297    3.2297    3.2297    3.2297   1.000
  1063.000   1171.000    3.4279    3.4279    3.4279    3.4279   1.000
  1036.000   1172.000    3.6386    3.6386    3.6386    3.6386   1.000
  1056.000   1172.000    3.5261    3.5261    3.5261    3.5261   1.000
  1041.000   1173.000    3.6981    3.6981    3.6981    3.6981   1.000
  1071.000   1173.000    3.5023    3.5023    3.5023    3.5023   1.000
  1075.000   1173.000    3.0167    3.0167    3.0167    3.0167   1.000
  1082.000   1173.000    3.2357    3.2357    3.2357    3.2357   1.000
  1028.000   1174.000    3.6283    3.6283    3.6283    3.6283   1.000
  1037.000   1174.000    2.7844    2.7844    2.7844    2.7844   1.000
  1050.000   1174.000    2.1260    2.1260    2.1260    2.1260   1.000
  1060.000   1174.000    2.8715    2.8715    2.8715    2.8715   1.000
  1062.000   1174.000    2.7648    2.7648    2.7648    2.7648   1.000
  1069.000   1174.000    2.1877    2.1877    2.1877    2.1877   1.000
  1043.000   1175.000    4.2118    4.2118    4.2118    4.2118   1.000
  1065.000   1175.000    3.9459    3.9459    3.9459    3.9459   1.000
  1034.000   1176.000    2.4591    2.4591    2.4591    2.4591   1.000
  1038.000   1176.000    2.6645    2.6645    2.6645    2.6645   1.000
  1051.000   1176.000    0.0143    0.0143    0.0143    0.0143   1.000
  1054.000   1176.000    3.6904    3.6904    3.6904    3.6904   1.000
  1072.000   1176.000    2.0264    2.0264    2.0264    2.0264   1.000
  1040.000   1177.000    2.6405    2.6405    2.6405    2.6405   1.000
  1048.000   1177.000    2.2891    2.2891    2.2891    2.2891   1.000
  1068.000   1177.000    3.6864    3.6864    3.6864    3.6864   1.000
  1081.000   1177.000    3.2522    3.2522    3.2522    3.2522   1.000
  1030.000   1178.000    2.5502    2.5502    2.5502    2.5502   1.000
  1055.000   1178.000    2.8588    2.8588    2.8588    2.8588   1.000
  1061.000   1178.000    3.7211    3.7211    3.7211    3.7211   1.000
  1072.000   1178.000    2.5963    2.5963    2.5963    2.5963   1.000
  1065.000   1179.000    3.5507    3.5507    3.5507    3.5507   1.000
  1068.000   1179.000    1.5039    1.5039    1.5039    1.5039   1.000
  1044.000   1180.000    4.1377    4.1377    4.1377    4.1377   1.000
  1048.000   1180.000    1.2646    1.2646    1.2646    1.2646   1.000
  1050.000   1180.000   -0.0019   -0.0019   -0.0019   -0.0019   1.000
  1058.000   1180.000    2.5064    2.5064    2.5064    2.5064   1.000
  1074.000   1180.000    1.7163    1.7163    1.7163    1.7163   1.000
  1031.000   1181.000    0.1024    0.1024    0.1024    0.1024   1.000
  1053.000   1181.000    2.3559    2.3559    2.3559    2.3559   1.000
  1044.000   1182.000    3.4146    3.4146    3.4146    3.4146   1.000
  1051.000   1182.000    2.6458    2.6458    2.6458    2.6458   1.000
  1057.000   1182.000    2.4559    2.4559    2.4559    2.4559   1.000
  1068.000   1182.000    3.0989    3.0989    3.0989    3.0989   1.000
  1077.000   1182.000    3.9619    3.9619    3.9619    3.9619   1.000
  1061.000   1183.000    3.9806    3.9806    3.9806    3.9806   1.000
  1074.000   1183.000    2.0656    2.0656    2.0656    2.0656   1.000
  1033.000   1184.000    3.3998    3.3998    3.3998    3.3998   1.000
  1046.000   1184.000    2.9328    2.9328    2.9328    2.9328   1.000
  1050.000   1184.000    3.1949    3.1949    3.1949    3.1949   1.000
  1052.000   1184.000    2.7388    2.7388    2.7388    2.7388   1.000
  1070.000   1184.000    3.2186    3.2186    3.2186    3.2186   1.000
  1077.000   1184.000    3.6993    3.6993    3.6993    3.6993   1.000
  1055.000   1185.000    2.3475    2.3475    2.3475    2.3475   1.000
  1060.000   1185.000    3.7983    3.7983    3.7983    3.7983   1.000
  1033.000   1186.000    3.4802    3.4802    3.4802    3.4802   1.000
  1041.000   1186.000    3.6674    3.6674    3.6674    3.6674   1.000
  1050.000   1186.000    2.7065    2.7065    2.7065    2.7065   1.000
  1053.000   1186.000    2.7686    2.7686    2.7686    2.7686   1.000
  1081.000   1186.000    2.6745    2.6745    2.6745    2.6745   1.000
  1031.000   1187.000    2.0964    2.0964    2.0964    2.0964   1.000
  1037.000   1187.000    3.7195    3.7195    3.7195    3.7195   1.000
  1073.000   1187.000    4.5113    4.5113    4.5113    4.5113   1.000
  1076.000   1187.000    2.7358    2.7358    2.7358    2.7358   1.000
  1048.000   1188.000    3.4789    3.4789    3.4789    3.4789   1.000
  1052.000   1188.000    3.7756    3.7756    3.7756    3.7756   1.000
  1058.000   1188.000    2.7292    2.7292    2.7292    2.7292   1.000
  1079.000   1188.000    3.5736    3.5736    3.5736    3.5736   1.000
  1068.000   1189.000    3.9294    3.9294    3.9294    3.9294   1.000
  1032.000   1190.000    3.1950    3.1950    3.1950    3.1950   1.000
  1043.000   1190.000    3.0320    3.0320    3.0320    3.0320   1.000
  1055.000   1190.000    2.6539    2.6539    2.6539    2.6539   1.000
  1057.000   1190.000    3.1160    3.1160    3.1160    3.1160   1.000
  1060.000   1190.000    2.5421    2.5421    2.5421    2.5421   1.000
  1065.000   1190.000    3.8404    3.8404    3.8404    3.8404   1.000
  1070.000   1191.000    3.7268    3.7268    3.7268    3.7268   1.000
  1041.000   1192.000    4.3580    4.3580    4.3580    4.3580   1.000
  1083.000   1192.000    2.7648    2.7648    2.7648    2.7648   1.000
  1044.000   1193.000    4.2016    4.2016    4.2016    4.2016   1.000
  1048.000   1193.000   -0.0789   -0.0789   -0.0789   -0.0789   1.000
  1053.000   1193.000    2.4845    2.4845    2.4845    2.4845   1.000
  1030.000   1194.000    2.7920    2.7920    2.7920    2.7920   1.000
  1039.000   1194.000    3.6386    3.6386    3.6386    3.6386   1.000
  1051.000   1194.000    3.0630    3.0630    3.0630    3.0630   1.000
  1067.000   1194.000    3.4628    3.4628    3.4628    3.4628   1.000
  1082.000   1194.000    3.3195    3.3195    3.3195    3.3195   1.000
  1049.000   1196.000    1.6037    1.6037    1.6037    1.6037   1.000
  1053.000   1196.000    3.1209    3.1209    3.1209    3.1209   1.000
  1044.000   1197.000    2.7506    2.7506    2.7506    2.7506   1.000
  1081.000   1197.000    4.0606    4.0606    4.0606    4.0606   1.000
  1032.000   1198.000    2.9848    2.9848    2.9848    2.9848   1.000
  1034.000   1198.000    3.1020    3.1020    3.1020    3.1020   1.000
  1049.000   1198.000    1.7747    1.7747    1.7747    1.7747   1.000
  1046.000   1199.000    2.7861    2.7861    2.7861    2.7861   1.000
  1056.000   1199.000    2.4266    2.4266    2.4266    2.4266   1.000
  1072.000   1199.000    3.9346    3.9346    3.9346    3.9346   1.000
  1044.000   1200.000    1.6173    1.6173    1.6173    1.6173   1.000
  1074.000   1201.000    3.9661    3.9661    3.9661    3.9661   1.000
  1035.000   1202.000    2.8981    2.8981    2.8981    2.8981   1.000
  1037.000   1202.000    2.6633    2.6633    2.6633    2.6633   1.000
  1045.000   1202.000    3.2965    3.2965    3.2965    3.2965   1.000
  1051.000   1202.000    3.1439    3.1439    3.1439    3.1439   1.000
  1053.000   1202.000    3.5761    3.5761    3.5761    3.5761   1.000
  1064.000   1202.000    3.8479    3.8479    3.8479    3.8479   1.000
  1068.000   1202.000    3.5189    3.5189    3.5189    3.5189   1.000
  1076.000   1202.000    3.8962    3.8962    3.8962    3.8962   1.000
  1082.000   1202.000    3.5683    3.5683    3.5683    3.5683   1.000
  1072.000   1203.000    3.7773    3.7773    3.7773    3.7773   1.000
  1074.000   1203.000    2.9122    2.9122    2.9122    2.9122   1.000
  1028.000   1204.000    4.2461    4.2461    4.2461    4.2461   1.000
  1037.000   1204.000    3.4953    3.4953    3.4953    3.4953   1.000
  1056.000   1204.000    2.0137    2.0137    2.0137    2.0137   1.000
  1060.000   1204.000    3.7648    3.7648    3.7648    3.7648   1.000
  1079.000   1204.000    3.0143    3.0143    3.0143    3.0143   1.000
  1045.000   1205.000    3.2436    3.2436    3.2436    3.2436   1.000
  1062.000   1205.000    3.5840    3.5840    3.5840    3.5840   1.000
  1028.000   1206.000    3.2217    3.2217    3.2217    3.2217   1.000
  1032.000   1206.000    3.7177    3.7177    3.7177    3.7177   1.000
  1034.000   1206.000    3.5972    3.5972    3.5972    3.5972   1.000
  1064.000   1206.000    3.0440    3.0440    3.0440    3.0440   1.000
  1066.000   1206.000    2.7655    2.7655    2.7655    2.7655   1.000
  1069.000   1206.000    3.1937    3.1937    3.1937    3.1937   1.000
  1073.000   1206.000    0.2154    0.2154    0.2154    0.2154   1.000
  1079.000   1206.000    3.0542    3.0542    3.0542    3.0542   1.000
  1045.000   1207.000    3.4214    3.4214    3.4214    3.4214   1.000
  1061.000   1207.000    3.7415    3.7415    3.7415    3.7415   1.000
  1076.000   1207.000    2.1253    2.1253    2.1253    2.1253   1.000
  1050.000   1208.000    3.0731    3.0731    3.0731    3.0731   1.000
  1069.000   1208.000    2.7373    2.7373    2.7373    2.7373   1.000
  1047.000   1209.000    2.8292    2.8292    2.8292    2.8292   1.000
  1055.000   1209.000    3.1770    3.1770    3.1770    3.1770   1.000
  1075.000   1209.000    2.4215    2.4215    2.4215    2.4215   1.000
  1044.000   1210.000    4.9436    4.9436    4.9436    4.9436   1.000
  1064.000   1210.000    2.7054    2.7054    2.7054    2.7054   1.000
  1073.000   1210.000    2.1751    2.1751    2.1751    2.1751   1.000
  1083.000   1210.000    1.4930    1.4930    1.4930    1.4930   1.000
  1032.000   1211.000    1.6391    1.6391    1.6391    1.6391   1.000
  1068.000   1211.000    2.5786    2.5786    2.5786    2.5786   1.000
  1094.000   1156.000    3.8157    3.8157    3.8157    3.8157   1.000
  1115.000   1156.000    3.3797    3.3797    3.3797    3.3797   1.000
  1129.000   1156.000    3.0016    3.0016    3.0016    3.0016   1.000
  1137.000   1156.000    1.4502    1.4502    1.4502    1.4502   1.000
  1099.000   1157.000    5.7823    5.7823    5.7823    5.7823   1.000
  1101.000   1157.000    2.8548    2.8548    2.8548    2.8548   1.000
  1104.000   1157.000    4.2404    4.2404    4.2404    4.2404   1.000
  1106.000   1157.000    4.5727    4.5727    4.5727    4.5727   1.000
  1127.000   1157.000    2.1737    2.1737    2.1737    2.1737   1.000
  1133.000   1157.000    1.0110    1.0110    1.0110    1.0110   1.000
  1108.000   1158.000    4.1719    4.1719    4.1719    4.1719   1.000
  1117.000   1158.000    4.9237    4.9237    4.9237    4.9237   1.000
  1130.000   1158.000    1.5669    1.5669    1.5669    1.5669   1.000
  1144.000   1158.000    3.8765    3.8765    3.8765    3.8765   1.000
  1146.000   1158.000    3.0912    3.0912    3.0912    3.0912   1.000
  1101.000   1160.000    4.1996    4.1996    4.1996    4.1996   1.000
  1121.000   1160.000    2.9957    2.9957    2.9957    2.9957   1.000
  1125.000   1160.000    2.0118    2.0118    2.0118    2.0118   1.000
  1132.000   1160.000    1.4714    1.4714    1.4714    1.4714   1.000
  1111.000   1161.000    3.1502    3.1502    3.1502    3.1502   1.000
  1146.000   1161.000    3.8182    3.8182    3.8182    3.8182   1.000
  1103.000   1162.000    3.0743    3.0743    3.0743    3.0743   1.000
  1121.000   1162.000    4.0349    4.0349    4.0349    4.0349   1.000
  1128.000   1162.000   -0.9251   -0.9251   -0.9251   -0.9251   1.000
  1136.000   1162.000    3.1730    3.1730    3.1730    3.1730   1.000
  1138.000   1162.000    3.4970    3.4970    3.4970    3.4970   1.000
  1096.000   1163.000    3.1489    3.1489    3.1489    3.1489   1.000
  1100.000   1163.000    2.3983    2.3983    2.3983    2.3983   1.000
  1118.000   1163.000    3.9602    3.9602    3.9602    3.9602   1.000
  1124.000   1163.000    1.7051    1.7051    1.7051    1.7051   1.000
  1131.000   1163.000    2.1668    2.1668    2.1668    2.1668   1.000
  1144.000   1163.000    3.9414    3.9414    3.9414    3.9414   1.000
  1134.000   1164.000    3.7878    3.7878    3.7878    3.7878   1.000
  1138.000   1164.000    3.8414    3.8414    3.8414    3.8414   1.000
  1099.000   1165.000    2.0169    2.0169    2.0169    2.0169   1.000
  1126.000   1165.000    3.4985    3.4985    3.4985    3.4985   1.000
  1130.000   1165.000    2.7055    2.7055    2.7055    2.7055   1.000
  1113.000   1166.000    4.3749    4.3749    4.3749    4.3749   1.000
  1138.000   1166.000    3.8513    3.8513    3.8513    3.8513   1.000
  1126.000   1167.000    3.6539    3.6539    3.6539    3.6539   1.000
  1131.000   1167.000    3.1735    3.1735    3.1735    3.1735   1.000
  1097.000   1168.000    3.7669    3.7669    3.7669    3.7669   1.000
  1129.000   1168.000    2.7563    2.7563    2.7563    2.7563   1.000
  1133.000   1168.000    4.5041    4.5041    4.5041    4.5041   1.000
  1143.000   1168.000    3.3518    3.3518    3.3518    3.3518   1.000
  1102.000   1169.000    2.9928    2.9928    2.9928    2.9928   1.000
  1120.000   1169.000    3.1667    3.1667    3.1667    3.1667   1.000
  1127.000   1169.000    3.4512    3.4512    3.4512    3.4512   1.000
  1136.000   1169.000    2.7068    2.7068    2.7068    2.7068   1.000
  1110.000   1170.000    3.0891    3.0891    3.0891    3.0891   1.000
  1129.000   1170.000    3.3831    3.3831    3.3831    3.3831   1.000
  1139.000   1170.000    2.6590    2.6590    2.6590    2.6590   1.000
  1144.000   1170.000    2.7569    2.7569    2.7569    2.7569   1.000
  1105.000   1171.000    4.0714    4.0714    4.0714    4.0714   1.000
  1108.000   1171.000    3.0518    3.0518    3.0518    3.0518   1.000
  1115.000   1171.000    4.5183    4.5183    4.5183    4.5183   1.000
  1142.000   1171.000    2.0895    2.0895    2.0895    2.0895   1.000
  1121.000   1172.000    3.7909    3.7909    3.7909    3.7909   1.000
  1139.000   1172.000    3.2040    3.2040    3.2040    3.2040   1.000
  1096.000   1173.000    3.1536    3.1536    3.1536    3.1536   1.000
  1105.000   1173.000    2.5971    2.5971    2.5971    2.5971   1.000
  1111.000   1173.000    3.6763    3.6763    3.6763    3.6763   1.000
  1113.000   1173.000    2.8606    2.8606    2.8606    2.8606   1.000
  1123.000   1173.000    3.7012    3.7012    3.7012    3.7012   1.000
  1141.000   1173.000    2.9040    2.9040    2.9040    2.9040   1.000
  1102.000   1174.000    4.1137    4.1137    4.1137    4.1137   1.000
  1121.000   1174.000    2.8332    2.8332    2.8332    2.8332   1.000
  1127.000   1174.000    4.2304    4.2304    4.2304    4.2304   1.000
  1129.000   1174.000    2.7971    2.7971    2.7971    2.7971   1.000
  1139.000   1174.000    3.8247    3.8247    3.8247    3.8247   1.000
  1096.000   1175.000    3.7557    3.7557    3.7557    3.7557   1.000
  1099.000   1175.000    0.6665    0.6665    0.6665    0.6665   1.000
  1111.000   1175.000    3.4585    3.4585    3.4585    3.4585   1.000
  1137.000   1175.000    2.9830    2.9830    2.9830    2.9830   1.000
  1105.000   1176.000    3.3711    3.3711    3.3711    3.3711   1.000
  1124.000   1176.000    4.2060    4.2060    4.2060    4.2060   1.000
  1126.000   1176.000    4.2552    4.2552    4.2552    4.2552   1.000
  1130.000   1176.000    2.0056    2.0056    2.0056    2.0056   1.000
  1144.000   1176.000    3.5726    3.5726    3.5726    3.5726   1.000
  1101.000   1177.000    1.2379    1.2379    1.2379    1.2379   1.000
  1103.000   1177.000    2.7838    2.7838    2.7838    2.7838   1.000
  1118.000   1177.000    2.7780    2.7780    2.7780    2.7780   1.000
  1099.000   1178.000    2.4112    2.4112    2.4112    2.4112   1.000
  1111.000   1178.000   -0.0991   -0.0991   -0.0991   -0.0991   1.000
  1114.000   1178.000    3.8761    3.8761    3.8761    3.8761   1.000
  1122.000   1178.000    3.5044    3.5044    3.5044    3.5044   1.000
  1124.000   1178.000    4.0249    4.0249    4.0249    4.0249   1.000
  1140.000   1178.000    4.0531    4.0531    4.0531    4.0531   1.000
  1094.000   1179.000    2.9356    2.9356    2.9356    2.9356   1.000
  1118.000   1179.000    2.7446    2.7446    2.7446    2.7446   1.000
  1138.000   1179.000    3.5742    3.5742    3.5742    3.5742   1.000
  1143.000   1179.000    4.0509    4.0509    4.0509    4.0509   1.000
  1097.000   1180.000    3.8361    3.8361    3.8361    3.8361   1.000
  1109.000   1180.000    2.9782    2.9782    2.9782    2.9782   1.000
  1140.000   1180.000    3.5842    3.5842    3.5842    3.5842   1.000
  1107.000   1181.000    3.9210    3.9210    3.9210    3.9210   1.000
  1101.000   1182.000    3.4855    3.4855    3.4855    3.4855   1.000
  1113.000   1182.000    2.6495    2.6495    2.6495    2.6495   1.000
  1117.000   1182.000   -0.3320   -0.3320   -0.3320   -0.3320   1.000
  1120.000   1182.000    2.6737    2.6737    2.6737    2.6737   1.000
  1122.000   1182.000    3.8026    3.8026    3.8026    3.8026   1.000
  1132.000   1182.000    1.7571    1.7571    1.7571    1.7571   1.000
  1136.000   1182.000    1.7020    1.7020    1.7020    1.7020   1.000
  1145.000   1183.000    3.6690    3.6690    3.6690    3.6690   1.000
  1131.000   1184.000    3.8915    3.8915    3.8915    3.8915   1.000
  1137.000   1184.000    3.5063    3.5063    3.5063    3.5063   1.000
  1141.000   1184.000    3.9823    3.9823    3.9823    3.9823   1.000
  1096.000   1185.000    3.9704    3.9704    3.9704    3.9704   1.000
  1102.000   1185.000    3.8698    3.8698    3.8698    3.8698   1.000
  1114.000   1185.000    3.1956    3.1956    3.1956    3.1956   1.000
  1125.000   1185.000    3.2356    3.2356    3.2356    3.2356   1.000
  1092.000   1186.000    2.1683    2.1683    2.1683    2.1683   1.000
  1118.000   1186.000    3.7744    3.7744    3.7744    3.7744   1.000
  1121.000   1186.000    3.6170    3.6170    3.6170    3.6170   1.000
  1135.000   1186.000    3.4150    3.4150    3.4150    3.4150   1.000
  1145.000   1186.000    5.3669    5.3669    5.3669    5.3669   1.000
  1094.000   1187.000    4.6908    4.6908    4.6908    4.6908   1.000
  1106.000   1188.000    2.0382    2.0382    2.0382    2.0382   1.000
  1118.000   1188.000    4.6066    4.6066    4.6066    4.6066   1.000
  1121.000   1188.000    3.7817    3.7817    3.7817    3.7817   1.000
  1129.000   1188.000    3.7450    3.7450    3.7450    3.7450   1.000
  1138.000   1188.000    2.6386    2.6386    2.6386    2.6386   1.000
  1109.000   1189.000    3.1094    3.1094    3.1094    3.1094   1.000
  1132.000   1189.000    3.8794    3.8794    3.8794    3.8794   1.000
  1141.000   1189.000    3.2638    3.2638    3.2638    3.2638   1.000
  1095.000   1190.000    3.1185    3.1185    3.1185    3.1185   1.000
  1104.000   1190.000    3.8062    3.8062    3.8062    3.8062   1.000
  1126.000   1190.000    4.3048    4.3048    4.3048    4.3048   1.000
  1128.000   1190.000    3.8220    3.8220    3.8220    3.8220   1.000
  1106.000   1191.000    3.4847    3.4847    3.4847    3.4847   1.000
  1110.000   1191.000    2.5783    2.5783    2.5783    2.5783   1.000
  1096.000   1192.000    2.1313    2.1313    2.1313    2.1313   1.000
  1118.000   1192.000    4.3749    4.3749    4.3749    4.3749   1.000
  1139.000   1192.000    1.0487    1.0487    1.0487    1.0487   1.000
  1101.000   1193.000    4.0103    4.0103    4.0103    4.0103   1.000
  1107.000   1193.000    4.9303    4.9303    4.9303    4.9303   1.000
  1127.000   1193.000    2.9026    2.9026    2.9026    2.9026   1.000
  1135.000   1193.000    3.1854    3.1854    3.1854    3.1854   1.000
  1143.000   1193.000    3.8800    3.8800    3.8800    3.8800   1.000
  1116.000   1194.000    3.8090    3.8090    3.8090    3.8090   1.000
  1130.000   1194.000    3.2565    3.2565    3.2565    3.2565   1.000
  1145.000   1194.000    4.0896    4.0896    4.0896    4.0896   1.000
  1105.000   1195.000    3.4988    3.4988    3.4988    3.4988   1.000
  1122.000   1195.000    3.3106    3.3106    3.3106    3.3106   1.000
  1133.000   1195.000    2.2496    2.2496    2.2496    2.2496   1.000
  1135.000   1195.000    2.0142    2.0142    2.0142    2.0142   1.000
  1137.000   1196.000    0.8226    0.8226    0.8226    0.8226   1.000
  1127.000   1197.000    3.0381    3.0381    3.0381    3.0381   1.000
  1144.000   1197.000    2.7613    2.7613    2.7613    2.7613   1.000
  1093.000   1198.000    3.6016    3.6016    3.6016    3.6016   1.000
  1098.000   1198.000    3.7718    3.7718    3.7718    3.7718   1.000
  1100.000   1198.000    3.6632    3.6632    3.6632    3.6632   1.000
  1108.000   1198.000    3.1079    3.1079    3.1079    3.1079   1.000
  1110.000   1198.000    5.0016    5.0016    5.0016    5.0016   1.000
  1113.000   1198.000    1.6517    1.6517    1.6517    1.6517   1.000
  1139.000   1198.000    2.6779    2.6779    2.6779    2.6779   1.000
  1141.000   1198.000    3.9552    3.9552    3.9552    3.9552   1.000
  1127.000   1199.000    3.6936    3.6936    3.6936    3.6936   1.000
  1102.000   1200.000    3.5764    3.5764    3.5764    3.5764   1.000
  1118.000   1200.000    3.9507    3.9507    3.9507    3.9507   1.000
  1136.000   1200.000    3.2074    3.2074    3.2074    3.2074   1.000
  1106.000   1201.000    3.4970    3.4970    3.4970    3.4970   1.000
  1109.000   1201.000    2.7299    2.7299    2.7299    2.7299   1.000
  1114.000   1201.000    3.0989    3.0989    3.0989    3.0989   1.000
  1129.000   1201.000    2.3856    2.3856    2.3856    2.3856   1.000
  1098.000   1202.000    2.9105    2.9105    2.9105    2.9105   1.000
  1145.000   1202.000    3.1377    3.1377    3.1377    3.1377   1.000
  1107.000   1203.000    3.8312    3.8312    3.8312    3.8312   1.000
  1113.000   1203.000    4.3361    4.3361    4.3361    4.3361   1.000
  1129.000   1203.000    3.5597    3.5597    3.5597    3.5597   1.000
  1135.000   1203.000    1.0238    1.0238    1.0238    1.0238   1.000
  1137.000   1203.000    2.1434    2.1434    2.1434    2.1434   1.000
  1094.000   1204.000    3.5612    3.5612    3.5612    3.5612   1.000
  1124.000   1204.000    3.5134    3.5134    3.5134    3.5134   1.000
  1129.000   1205.000    3.4405    3.4405    3.4405    3.4405   1.000
  1132.000   1205.000    3.6489    3.6489    3.6489    3.6489   1.000
  1117.000   1206.000    1.6598    1.6598    1.6598    1.6598   1.000
  1134.000   1206.000    3.3736    3.3736    3.3736    3.3736   1.000
  1114.000   1207.000    3.9682    3.9682    3.9682    3.9682   1.000
  1139.000   1207.000    3.6027    3.6027    3.6027    3.6027   1.000
  1146.000   1207.000    3.8726    3.8726    3.8726    3.8726   1.000
  1106.000   1208.000    1.6879    1.6879    1.6879    1.6879   1.000
  1119.000   1208.000    1.6205    1.6205    1.6205    1.6205   1.000
  1137.000   1209.000    4.6608    4.6608    4.6608    4.6608   1.000
  1098.000   1210.000    4.6182    4.6182    4.6182    4.6182   1.000
  1134.000   1210.000    3.5362    3.5362    3.5362    3.5362   1.000
  1142.000   1210.000    3.4272    3.4272    3.4272    3.4272   1.000
  1113.000   1211.000    3.7142    3.7142    3.7142    3.7142   1.000
  1158.000   1156.000    2.4221    2.4221    2.4221    2.4221   1.000
  1165.000   1156.000    3.4222    3.4222    3.4222    3.4222   1.000
  1184.000   1156.000    2.5697    2.5697    2.5697    2.5697   1.000
  1195.000   1156.000    3.3758    3.3758    3.3758    3.3758   1.000
  1162.000   1157.000    3.7554    3.7554    3.7554    3.7554   1.000
  1167.000   1158.000    4.3494    4.3494    4.3494    4.3494   1.000
  1203.000   1158.000    3.7896    3.7896    3.7896    3.7896   1.000
  1210.000   1158.000    3.3602    3.3602    3.3602    3.3602   1.000
  1164.000   1159.000    3.7130    3.7130    3.7130    3.7130   1.000
  1178.000   1159.000    1.2954    1.2954    1.2954    1.2954   1.000
  1183.000   1159.000    3.9781    3.9781    3.9781    3.9781   1.000
  1193.000   1160.000    3.6264    3.6264    3.6264    3.6264   1.000
  1174.000   1161.000    2.6595    2.6595    2.6595    2.6595   1.000
  1187.000   1161.000    3.4304    3.4304    3.4304    3.4304   1.000
  1190.000   1161.000    2.9173    2.9173    2.9173    2.9173   1.000
  1176.000   1162.000    2.5261    2.5261    2.5261    2.5261   1.000
  1180.000   1162.000    3.7296    3.7296    3.7296    3.7296   1.000
  1202.000   1162.000    3.4133    3.4133    3.4133    3.4133   1.000
  1184.000   1163.000    3.7594    3.7594    3.7594    3.7594   1.000
  1188.000   1163.000    3.3474    3.3474    3.3474    3.3474   1.000
  1158.000   1164.000    3.7245    3.7245    3.7245    3.7245   1.000
  1196.000   1164.000    3.4543    3.4543    3.4543    3.4543   1.000
  1209.000   1164.000    3.2717    3.2717    3.2717    3.2717   1.000
  1162.000   1165.000    4.0177    4.0177    4.0177    4.0177   1.000
  1192.000   1165.000    3.5028    3.5028    3.5028    3.5028   1.000
  1168.000   1166.000    3.2503    3.2503    3.2503    3.2503   1.000
  1187.000   1166.000    3.0818    3.0818    3.0818    3.0818   1.000
  1210.000   1166.000    4.3922    4.3922    4.3922    4.3922   1.000
  1164.000   1167.000    3.6264    3.6264    3.6264    3.6264   1.000
  1173.000   1167.000   -0.4174   -0.4174   -0.4174   -0.4174   1.000
  1176.000   1167.000    2.6871    2.6871    2.6871    2.6871   1.000
  1169.000   1168.000    3.1446    3.1446    3.1446    3.1446   1.000
  1171.000   1168.000    2.2498    2.2498    2.2498    2.2498   1.000
  1190.000   1168.000    3.5970    3.5970    3.5970    3.5970   1.000
  1159.000   1169.000    4.2881    4.2881    4.2881    4.2881   1.000
  1176.000   1169.000    2.3782    2.3782    2.3782    2.3782   1.000
  1180.000   1169.000    3.0302    3.0302    3.0302    3.0302   1.000
  1182.000   1169.000    3.8211    3.8211    3.8211    3.8211   1.000
  1161.000   1170.000    4.6637    4.6637    4.6637    4.6637   1.000
  1163.000   1170.000    2.9181    2.9181    2.9181    2.9181   1.000
  1170.000   1170.000    2.7265    2.7265    2.7265    2.7265   1.000
  1195.000   1170.000    2.8683    2.8683    2.8683    2.8683   1.000
  1198.000   1170.000    2.9540    2.9540    2.9540    2.9540   1.000
  1203.000   1170.000    3.3916    3.3916    3.3916    3.3916   1.000
  1168.000   1171.000    3.3068    3.3068    3.3068    3.3068   1.000
  1176.000   1171.000    3.1562    3.1562    3.1562    3.1562   1.000
  1171.000   1172.000    2.6071    2.6071    2.6071    2.6071   1.000
  1211.000   1172.000    2.8460    2.8460    2.8460    2.8460   1.000
  1175.000   1173.000    2.6209    2.6209    2.6209    2.6209   1.000
  1182.000   1173.000    2.3013    2.3013    2.3013    2.3013   1.000
  1193.000   1173.000    3.3630    3.3630    3.3630    3.3630   1.000
  1205.000   1173.000    3.2014    3.2014    3.2014    3.2014   1.000
  1162.000   1174.000    4.7926    4.7926    4.7926    4.7926   1.000
  1164.000   1174.000    3.0851    3.0851    3.0851    3.0851   1.000
  1166.000   1174.000    2.3879    2.3879    2.3879    2.3879   1.000
  1168.000   1174.000    1.5713    1.5713    1.5713    1.5713   1.000
  1173.000   1174.000    4.3510    4.3510    4.3510    4.3510   1.000
  1179.000   1174.000   -0.1574   -0.1574   -0.1574   -0.1574   1.000
  1211.000   1174.000    3.9132    3.9132    3.9132    3.9132   1.000
  1182.000   1175.000    2.4114    2.4114    2.4114    2.4114   1.000
  1196.000   1175.000   -0.5616   -0.5616   -0.5616   -0.5616   1.000
  1199.000   1175.000    2.4723    2.4723    2.4723    2.4723   1.000
  1167.000   1176.000    0.6600    0.6600    0.6600    0.6600   1.000
  1173.000   1176.000    3.6905    3.6905    3.6905    3.6905   1.000
  1185.000   1176.000    3.0780    3.0780    3.0780    3.0780   1.000
  1201.000   1176.000    3.5237    3.5237    3.5237    3.5237   1.000
  1208.000   1176.000    3.0994    3.0994    3.0994    3.0994   1.000
  1163.000   1177.000    3.5455    3.5455    3.5455    3.5455   1.000
  1170.000   1177.000    3.8887    3.8887    3.8887    3.8887   1.000
  1178.000   1177.000    3.0275    3.0275    3.0275    3.0275   1.000
  1199.000   1177.000    2.6078    2.6078    2.6078    2.6078   1.000
  1176.000   1178.000    2.8793    2.8793    2.8793    2.8793   1.000
  1181.000   1178.000    0.4719    0.4719    0.4719    0.4719   1.000
  1195.000   1178.000    2.2592    2.2592    2.2592    2.2592   1.000
  1164.000   1179.000    3.2958    3.2958    3.2958    3.2958   1.000
  1171.000   1179.000    3.4051    3.4051    3.4051    3.4051   1.000
  1208.000   1179.000    1.6908    1.6908    1.6908    1.6908   1.000
  1176.000   1180.000    2.4549    2.4549    2.4549    2.4549   1.000
  1185.000   1180.000    1.7216    1.7216    1.7216    1.7216   1.000
  1187.000   1180.000    3.8717    3.8717    3.8717    3.8717   1.000
  1191.000   1180.000    2.2270    2.2270    2.2270    2.2270   1.000
  1199.000   1180.000    2.6878    2.6878    2.6878    2.6878   1.000
  1169.000   1181.000    3.8607    3.8607    3.8607    3.8607   1.000
  1174.000   1181.000    2.8650    2.8650    2.8650    2.8650   1.000
  1183.000   1181.000    1.7960    1.7960    1.7960    1.7960   1.000
  1196.000   1181.000    3.4273    3.4273    3.4273    3.4273   1.000
  1210.000   1181.000    2.2059    2.2059    2.2059    2.2059   1.000
  1161.000   1182.000    3.1392    3.1392    3.1392    3.1392   1.000
  1180.000   1182.000    2.6335    2.6335    2.6335    2.6335   1.000
  1187.000   1182.000    4.0542    4.0542    4.0542    4.0542   1.000
  1201.000   1182.000    3.8022    3.8022    3.8022    3.8022   1.000
  1173.000   1183.000    2.6511    2.6511    2.6511    2.6511   1.000
  1196.000   1183.000    3.9860    3.9860    3.9860    3.9860   1.000
  1207.000   1183.000    4.2882    4.2882    4.2882    4.2882   1.000
  1186.000   1184.000    4.2135    4.2135    4.2135    4.2135   1.000
  1190.000   1184.000    3.5645    3.5645    3.5645    3.5645   1.000
  1210.000   1184.000    3.6626    3.6626    3.6626    3.6626   1.000
  1159.000   1186.000    3.4922    3.4922    3.4922    3.4922   1.000
  1168.000   1186.000    3.7952    3.7952    3.7952    3.7952   1.000
  1173.000   1186.000    2.0788    2.0788    2.0788    2.0788   1.000
  1181.000   1186.000    3.9925    3.9925    3.9925    3.9925   1.000
  1183.000   1186.000    3.9203    3.9203    3.9203    3.9203   1.000
  1198.000   1186.000    0.1089    0.1089    0.1089    0.1089   1.000
  1187.000   1187.000    3.8177    3.8177    3.8177    3.8177   1.000
  1202.000   1187.000    3.6698    3.6698    3.6698    3.6698   1.000
  1159.000   1188.000    3.5733    3.5733    3.5733    3.5733   1.000
  1182.000   1188.000    2.8200    2.8200    2.8200    2.8200   1.000
  1168.000   1189.000    4.8663    4.8663    4.8663    4.8663   1.000
  1189.000   1189.000    3.6712    3.6712    3.6712    3.6712   1.000
  1211.000   1189.000    2.5391    2.5391    2.5391    2.5391   1.000
  1158.000   1190.000    2.5876    2.5876    2.5876    2.5876   1.000
  1160.000   1190.000    3.7521    3.7521    3.7521    3.7521   1.000
  1162.000   1190.000    3.8157    3.8157    3.8157    3.8157   1.000
  1183.000   1190.000    0.1787    0.1787    0.1787    0.1787   1.000
  1199.000   1190.000    3.4007    3.4007    3.4007    3.4007   1.000
  1206.000   1190.000    3.4205    3.4205    3.4205    3.4205   1.000
  1168.000   1191.000    3.1931    3.1931    3.1931    3.1931   1.000
  1172.000   1191.000    3.7746    3.7746    3.7746    3.7746   1.000
  1181.000   1191.000    2.5256    2.5256    2.5256    2.5256   1.000
  1188.000   1192.000    2.4882    2.4882    2.4882    2.4882   1.000
  1197.000   1192.000    2.8387    2.8387    2.8387    2.8387   1.000
  1199.000   1192.000    3.6139    3.6139    3.6139    3.6139   1.000
  1183.000   1193.000    0.9952    0.9952    0.9952    0.9952   1.000
  1186.000   1193.000    3.6470    3.6470    3.6470    3.6470   1.000
  1194.000   1193.000    3.2722    3.2722    3.2722    3.2722   1.000
  1157.000   1194.000    0.9740    0.9740    0.9740    0.9740   1.000
  1159.000   1194.000    0.8977    0.8977    0.8977    0.8977   1.000
  1169.000   1194.000    2.0760    2.0760    2.0760    2.0760   1.000
  1208.000   1194.000    2.9947    2.9947    2.9947    2.9947   1.000
  1211.000   1195.000    2.3426    2.3426    2.3426    2.3426   1.000
  1158.000   1196.000    0.0660    0.0660    0.0660    0.0660   1.000
  1162.000   1196.000    5.5663    5.5663    5.5663    5.5663   1.000
  1171.000   1196.000    3.2138    3.2138    3.2138    3.2138   1.000
  1174.000   1196.000    1.9493    1.9493    1.9493    1.9493   1.000
  1186.000   1196.000    2.6148    2.6148    2.6148    2.6148   1.000
  1209.000   1196.000    0.9961    0.9961    0.9961    0.9961   1.000
  1162.000   1198.000    2.6382    2.6382    2.6382    2.6382   1.000
  1164.000   1198.000    3.8409    3.8409    3.8409    3.8409   1.000
  1167.000   1198.000    0.2911    0.2911    0.2911    0.2911   1.000
  1202.000   1198.000    4.1339    4.1339    4.1339    4.1339   1.000
  1207.000   1198.000    3.7024    3.7024    3.7024    3.7024   1.000
  1173.000   1199.000    3.0324    3.0324    3.0324    3.0324   1.000
  1195.000   1199.000    3.1089    3.1089    3.1089    3.1089   1.000
  1156.000   1200.000   -0.8785   -0.8785   -0.8785   -0.8785   1.000
  1160.000   1200.000    2.1482    2.1482    2.1482    2.1482   1.000
  1164.000   1200.000    2.3793    2.3793    2.3793    2.3793   1.000
  1171.000   1200.000    0.8878    0.8878    0.8878    0.8878   1.000
  1181.000   1200.000    3.8766    3.8766    3.8766    3.8766   1.000
  1190.000   1200.000    3.4811    3.4811    3.4811    3.4811   1.000
  1206.000   1200.000    3.0976    3.0976    3.0976    3.0976   1.000
  1208.000   1200.000    3.5225    3.5225    3.5225    3.5225   1.000
  1201.000   1201.000    3.9053    3.9053    3.9053    3.9053   1.000
  1159.000   1202.000    2.4282    2.4282    2.4282    2.4282   1.000
  1170.000   1202.000    1.5042    1.5042    1.5042    1.5042   1.000
  1188.000   1202.000    3.5062    3.5062    3.5062    3.5062   1.000
  1199.000   1202.000    3.8846    3.8846    3.8846    3.8846   1.000
  1206.000   1202.000    2.9797    2.9797    2.9797    2.9797   1.000
  1173.000   1203.000    3.0608    3.0608    3.0608    3.0608   1.000
  1182.000   1203.000    2.2858    2.2858    2.2858    2.2858   1.000
  1202.000   1203.000    3.8149    3.8149    3.8149    3.8149   1.000
  1209.000   1203.000    3.8428    3.8428    3.8428    3.8428   1.000
  1157.000   1204.000    1.9340    1.9340    1.9340    1.9340   1.000
  1160.000   1204.000    3.6679    3.6679    3.6679    3.6679   1.000
  1162.000   1204.000    3.4086    3.4086    3.4086    3.4086   1.000
  1166.000   1204.000    1.8565    1.8565    1.8565    1.8565   1.000
  1169.000   1204.000   -0.1322   -0.1322   -0.1322   -0.1322   1.000
  1179.000   1204.000    2.4736    2.4736    2.4736    2.4736   1.000
  1190.000   1204.000    5.0599    5.0599    5.0599    5.0599   1.000
  1173.000   1205.000    3.4154    3.4154    3.4154    3.4154   1.000
  1182.000   1205.000    3.5555    3.5555    3.5555    3.5555   1.000
  1184.000   1205.000    3.3085    3.3085    3.3085    3.3085   1.000
  1195.000   1205.000    3.1111    3.1111    3.1111    3.1111   1.000
  1200.000   1205.000    3.5181    3.5181    3.5181    3.5181   1.000
  1204.000   1205.000    3.8470    3.8470    3.8470    3.8470   1.000
  1158.000   1206.000    3.3283    3.3283    3.3283    3.3283   1.000
  1188.000   1206.000    3.7787    3.7787    3.7787    3.7787   1.000
  1178.000   1207.000    3.3736    3.3736    3.3736    3.3736   1.000
  1180.000   1207.000    3.5805    3.5805    3.5805    3.5805   1.000
  1169.000   1208.000    3.0136    3.0136    3.0136    3.0136   1.000
  1171.000   1208.000    2.8317    2.8317    2.8317    2.8317   1.000
  1206.000   1208.000    3.5716    3.5716    3.5716    3.5716   1.000
  1208.000   1208.000    2.8489    2.8489    2.8489    2.8489   1.000
  1188.000   1209.000    2.9232    2.9232    2.9232    2.9232   1.000
  1200.000   1209.000    3.2441    3.2441    3.2441    3.2441   1.000
  1169.000   1210.000    3.6682    3.6682    3.6682    3.6682   1.000
  1173.000   1210.000    4.6260    4.6260    4.6260    4.6260   1.000
  1185.000   1210.000    3.1937    3.1937    3.1937    3.1937   1.000
  1196.000   1210.000    3.3954    3.3954    3.3954    3.3954   1.000
  1161.000   1211.000    3.2777    3.2777    3.2777    3.2777   1.000
  1187.000   1211.000    3.3645    3.3645    3.3645    3.3645   1.000
  1222.000   1156.000    0.6964    0.6964    0.6964    0.6964   1.000
  1228.000   1156.000    4.4472    4.4472    4.4472    4.4472   1.000
  1230.000   1156.000    4.2695    4.2695    4.2695    4.2695   1.000
  1245.000   1156.000    3.9201    3.9201    3.9201    3.9201   1.000
  1251.000   1156.000    3.6100    3.6100    3.6100    3.6100   1.000
  1272.000   1156.000    4.2206    4.2206    4.2206    4.2206   1.000
  1247.000   1157.000    4.2269    4.2269    4.2269    4.2269   1.000
  1258.000   1157.000    3.8264    3.8264    3.8264    3.8264   1.000
  1261.000   1157.000    3.9523    3.9523    3.9523    3.9523   1.000
  1269.000   1157.000    3.7157    3.7157    3.7157    3.7157   1.000
  1224.000   1158.000    4.0194    4.0194    4.0194    4.0194   1.000
  1233.000   1158.000    4.0681    4.0681    4.0681    4.0681   1.000
  1243.000   1158.000    4.0789    4.0789    4.0789    4.0789   1.000
  1256.000   1158.000    4.6851    4.6851    4.6851    4.6851   1.000
  1265.000   1158.000    3.2566    3.2566    3.2566    3.2566   1.000
  1220.000   1159.000    3.4952    3.4952    3.4952    3.4952   1.000
  1238.000   1159.000    2.9137    2.9137    2.9137    2.9137   1.000
  1258.000   1159.000    4.6327    4.6327    4.6327    4.6327   1.000
  1275.000   1159.000    3.2032    3.2032    3.2032    3.2032   1.000
  1225.000   1160.000    3.6164    3.6164    3.6164    3.6164   1.000
  1243.000   1160.000    3.5540    3.5540    3.5540    3.5540   1.000
  1253.000   1160.000    3.9641    3.9641    3.9641    3.9641   1.000
  1262.000   1160.000    1.7209    1.7209    1.7209    1.7209   1.000
  1266.000   1160.000    4.5304    4.5304    4.5304    4.5304   1.000
  1233.000   1161.000    2.7611    2.7611    2.7611    2.7611   1.000
  1245.000   1161.000    4.1339    4.1339    4.1339    4.1339   1.000
  1256.000   1161.000    3.5949    3.5949    3.5949    3.5949   1.000
  1271.000   1161.000    2.9258    2.9258    2.9258    2.9258   1.000
  1222.000   1162.000    1.8911    1.8911    1.8911    1.8911   1.000
  1228.000   1162.000    2.8282    2.8282    2.8282    2.8282   1.000
  1235.000   1162.000    2.4935    2.4935    2.4935    2.4935   1.000
  1240.000   1162.000    3.8165    3.8165    3.8165    3.8165   1.000
  1248.000   1162.000    3.5821    3.5821    3.5821    3.5821   1.000
  1252.000   1162.000    3.4011    3.4011    3.4011    3.4011   1.000
  1231.000   1163.000    3.2863    3.2863    3.2863    3.2863   1.000
  1256.000   1163.000    3.7106    3.7106    3.7106    3.7106   1.000
  1220.000   1164.000    2.8299    2.8299    2.8299    2.8299   1.000
  1236.000   1164.000    3.8497    3.8497    3.8497    3.8497   1.000
  1248.000   1164.000    3.5755    3.5755    3.5755    3.5755   1.000
  1263.000   1164.000    3.3028    3.3028    3.3028    3.3028   1.000
  1268.000   1164.000    2.6673    2.6673    2.6673    2.6673   1.000
  1231.000   1165.000    3.6303    3.6303    3.6303    3.6303   1.000
  1246.000   1165.000    4.9400    4.9400    4.9400    4.9400   1.000
  1254.000   1165.000    2.8447    2.8447    2.8447    2.8447   1.000
  1257.000   1165.000    4.9628    4.9628    4.9628    4.9628   1.000
  1274.000   1165.000    4.1058    4.1058    4.1058    4.1058   1.000
  1244.000   1166.000    2.9024    2.9024    2.9024    2.9024   1.000
  1251.000   1166.000    3.5817    3.5817    3.5817    3.5817   1.000
  1259.000   1166.000    1.9098    1.9098    1.9098    1.9098   1.000
  1268.000   1166.000    3.4942    3.4942    3.4942    3.4942   1.000
  1222.000   1167.000    4.2213    4.2213    4.2213    4.2213   1.000
  1225.000   1167.000    3.7283    3.7283    3.7283    3.7283   1.000
  1235.000   1167.000    1.6275    1.6275    1.6275    1.6275   1.000
  1265.000   1167.000    1.9415    1.9415    1.9415    1.9415   1.000
  1230.000   1168.000    3.9465    3.9465    3.9465    3.9465   1.000
  1249.000   1168.000    3.8398    3.8398    3.8398    3.8398   1.000
  1251.000   1168.000    3.8737    3.8737    3.8737    3.8737   1.000
  1260.000   1168.000    3.6010    3.6010    3.6010    3.6010   1.000
  1274.000   1168.000    3.7903    3.7903    3.7903    3.7903   1.000
  1220.000   1169.000    3.5343    3.5343    3.5343    3.5343   1.000
  1225.000   1169.000    3.9391    3.9391    3.9391    3.9391   1.000
  1253.000   1169.000    2.6896    2.6896    2.6896    2.6896   1.000
  1234.000   1170.000    1.7972    1.7972    1.7972    1.7972   1.000
  1243.000   1170.000    1.0324    1.0324    1.0324    1.0324   1.000
  1261.000   1170.000    3.5667    3.5667    3.5667    3.5667   1.000
  1264.000   1170.000    3.8181    3.8181    3.8181    3.8181   1.000
  1266.000   1170.000    3.8813    3.8813    3.8813    3.8813   1.000
  1268.000   1170.000    3.3740    3.3740    3.3740    3.3740   1.000
  1270.000   1170.000    4.2297    4.2297    4.2297    4.2297   1.000
  1272.000   1170.000    3.6060    3.6060    3.6060    3.6060   1.000
  1223.000   1172.000    4.0857    4.0857    4.0857    4.0857   1.000
  1230.000   1172.000    2.8728    2.8728    2.8728    2.8728   1.000
  1236.000   1172.000    2.8011    2.8011    2.8011    2.8011   1.000
  1239.000   1172.000    0.2834    0.2834    0.2834    0.2834   1.000
  1248.000   1172.000    3.3751    3.3751    3.3751    3.3751   1.000
  1255.000   1172.000    3.4528    3.4528    3.4528    3.4528   1.000
  1263.000   1172.000    3.4224    3.4224    3.4224    3.4224   1.000
  1266.000   1172.000    4.5429    4.5429    4.5429    4.5429   1.000
  1275.000   1173.000    4.4804    4.4804    4.4804    4.4804   1.000
  1234.000   1174.000    2.8301    2.8301    2.8301    2.8301   1.000
  1238.000   1174.000    4.1342    4.1342    4.1342    4.1342   1.000
  1244.000   1174.000    1.4426    1.4426    1.4426    1.4426   1.000
  1221.000   1175.000    5.1105    5.1105    5.1105    5.1105   1.000
  1230.000   1175.000    3.1013    3.1013    3.1013    3.1013   1.000
  1240.000   1175.000    2.6193    2.6193    2.6193    2.6193   1.000
  1234.000   1176.000    4.2628    4.2628    4.2628    4.2628   1.000
  1236.000   1176.000    5.2128    5.2128    5.2128    5.2128   1.000
  1238.000   1176.000    2.8846    2.8846    2.8846    2.8846   1.000
  1246.000   1176.000    3.2934    3.2934    3.2934    3.2934   1.000
  1222.000   1177.000    2.8280    2.8280    2.8280    2.8280   1.000
  1230.000   1177.000    2.8189    2.8189    2.8189    2.8189   1.000
  1227.000   1178.000    3.4319    3.4319    3.4319    3.4319   1.000
  1234.000   1178.000    2.5510    2.5510    2.5510    2.5510   1.000
  1256.000   1178.000    3.9784    3.9784    3.9784    3.9784   1.000
  1259.000   1178.000    3.7917    3.7917    3.7917    3.7917   1.000
  1269.000   1178.000    3.9787    3.9787    3.9787    3.9787   1.000
  1271.000   1178.000    3.8939    3.8939    3.8939    3.8939   1.000
  1274.000   1178.000    4.1926    4.1926    4.1926    4.1926   1.000
  1231.000   1179.000    2.4155    2.4155    2.4155    2.4155   1.000
  1243.000   1179.000    2.5534    2.5534    2.5534    2.5534   1.000
  1253.000   1179.000    4.3106    4.3106    4.3106    4.3106   1.000
  1225.000   1180.000    1.8239    1.8239    1.8239    1.8239   1.000
  1238.000   1180.000    3.9654    3.9654    3.9654    3.9654   1.000
  1240.000   1180.000    3.4181    3.4181    3.4181    3.4181   1.000
  1260.000   1180.000    4.6444    4.6444    4.6444    4.6444   1.000
  1264.000   1180.000    3.0547    3.0547    3.0547    3.0547   1.000
  1268.000   1180.000    3.7865    3.7865    3.7865    3.7865   1.000
  1274.000   1180.000    4.1294    4.1294    4.1294    4.1294   1.000
  1222.000   1181.000    2.3160    2.3160    2.3160    2.3160   1.000
  1231.000   1181.000    3.4838    3.4838    3.4838    3.4838   1.000
  1233.000   1181.000    2.8544    2.8544    2.8544    2.8544   1.000
  1242.000   1181.000    2.2684    2.2684    2.2684    2.2684   1.000
  1258.000   1181.000    3.2857    3.2857    3.2857    3.2857   1.000
  1263.000   1182.000    2.6758    2.6758    2.6758    2.6758   1.000
  1265.000   1182.000    3.5062    3.5062    3.5062    3.5062   1.000
  1268.000   1182.000    4.6280    4.6280    4.6280    4.6280   1.000
  1229.000   1183.000    2.4332    2.4332    2.4332    2.4332   1.000
  1242.000   1183.000    3.5641    3.5641    3.5641    3.5641   1.000
  1245.000   1183.000    2.7629    2.7629    2.7629    2.7629   1.000
  1221.000   1184.000    3.2220    3.2220    3.2220    3.2220   1.000
  1223.000   1184.000    4.0038    4.0038    4.0038    4.0038   1.000
  1233.000   1184.000    2.8594    2.8594    2.8594    2.8594   1.000
  1227.000   1185.000    3.1407    3.1407    3.1407    3.1407   1.000
  1245.000   1185.000    3.5573    3.5573    3.5573    3.5573   1.000
  1266.000   1185.000    3.1120    3.1120    3.1120    3.1120   1.000
  1229.000   1186.000    3.2704    3.2704    3.2704    3.2704   1.000
  1241.000   1186.000    2.8993    2.8993    2.8993    2.8993   1.000
  1249.000   1186.000    4.6834    4.6834    4.6834    4.6834   1.000
  1268.000   1186.000    3.8778    3.8778    3.8778    3.8778   1.000
  1251.000   1187.000    4.2067    4.2067    4.2067    4.2067   1.000
  1260.000   1187.000    4.2941    4.2941    4.2941    4.2941   1.000
  1262.000   1187.000    3.5371    3.5371    3.5371    3.5371   1.000
  1273.000   1187.000    4.0757    4.0757    4.0757    4.0757   1.000
  1222.000   1188.000    4.1342    4.1342    4.1342    4.1342   1.000
  1229.000   1188.000    3.3764    3.3764    3.3764    3.3764   1.000
  1244.000   1188.000    2.9893    2.9893    2.9893    2.9893   1.000
  1249.000   1188.000    2.8646    2.8646    2.8646    2.8646   1.000
  1269.000   1188.000    3.7628    3.7628    3.7628    3.7628   1.000
  1259.000   1189.000    3.5047    3.5047    3.5047    3.5047   1.000
  1232.000   1190.000    3.3966    3.3966    3.3966    3.3966   1.000
  1234.000   1190.000    3.6114    3.6114    3.6114    3.6114   1.000
  1249.000   1190.000    4.3291    4.3291    4.3291    4.3291   1.000
  1261.000   1190.000    3.2891    3.2891    3.2891    3.2891   1.000
  1274.000   1190.000    4.2039    4.2039    4.2039    4.2039   1.000
  1242.000   1191.000    3.2685    3.2685    3.2685    3.2685   1.000
  1268.000   1191.000    3.9063    3.9063    3.9063    3.9063   1.000
  1248.000   1192.000    2.6488    2.6488    2.6488    2.6488   1.000
  1264.000   1193.000    3.2095    3.2095    3.2095    3.2095   1.000
  1226.000   1194.000    4.4893    4.4893    4.4893    4.4893   1.000
  1231.000   1194.000    3.6716    3.6716    3.6716    3.6716   1.000
  1233.000   1194.000    4.0928    4.0928    4.0928    4.0928   1.000
  1242.000   1194.000    3.7665    3.7665    3.7665    3.7665   1.000
  1244.000   1194.000    3.8483    3.8483    3.8483    3.8483   1.000
  1250.000   1194.000    1.8684    1.8684    1.8684    1.8684   1.000
  1260.000   1194.000    4.9627    4.9627    4.9627    4.9627   1.000
  1224.000   1196.000    3.7742    3.7742    3.7742    3.7742   1.000
  1242.000   1196.000    3.4933    3.4933    3.4933    3.4933   1.000
  1253.000   1196.000    3.5042    3.5042    3.5042    3.5042   1.000
  1255.000   1196.000    3.3214    3.3214    3.3214    3.3214   1.000
  1267.000   1196.000    3.8296    3.8296    3.8296    3.8296   1.000
  1269.000   1196.000    4.0503    4.0503    4.0503    4.0503   1.000
  1258.000   1197.000    1.0917    1.0917    1.0917    1.0917   1.000
  1230.000   1198.000    2.9715    2.9715    2.9715    2.9715   1.000
  1235.000   1198.000    3.6164    3.6164    3.6164    3.6164   1.000
  1247.000   1198.000    3.7205    3.7205    3.7205    3.7205   1.000
  1251.000   1198.000    3.4302    3.4302    3.4302    3.4302   1.000
  1273.000   1198.000    4.5054    4.5054    4.5054    4.5054   1.000
  1225.000   1199.000    4.1861    4.1861    4.1861    4.1861   1.000
  1227.000   1199.000    3.4437    3.4437    3.4437    3.4437   1.000
  1239.000   1199.000    3.3512    3.3512    3.3512    3.3512   1.000
  1242.000   1199.000    3.3442    3.3442    3.3442    3.3442   1.000
  1254.000   1199.000    4.1597    4.1597    4.1597    4.1597   1.000
  1263.000   1199.000    2.8225    2.8225    2.8225    2.8225   1.000
  1222.000   1200.000    3.6266    3.6266    3.6266    3.6266   1.000
  1230.000   1200.000    3.5129    3.5129    3.5129    3.5129   1.000
  1244.000   1200.000    2.7103    2.7103    2.7103    2.7103   1.000
  1250.000   1200.000    3.3556    3.3556    3.3556    3.3556   1.000
  1273.000   1200.000    4.2500    4.2500    4.2500    4.2500   1.000
  1242.000   1201.000    3.6069    3.6069    3.6069    3.6069   1.000
  1263.000   1201.000    3.0477    3.0477    3.0477    3.0477   1.000
  1222.000   1202.000    3.7255    3.7255    3.7255    3.7255   1.000
  1225.000   1202.000    3.3257    3.3257    3.3257    3.3257   1.000
  1235.000   1202.000    3.7420    3.7420    3.7420    3.7420   1.000
  1247.000   1202.000    3.9747    3.9747    3.9747    3.9747   1.000
  1254.000   1202.000    3.1808    3.1808    3.1808    3.1808   1.000
  1258.000   1202.000    5.1702    5.1702    5.1702    5.1702   1.000
  1267.000   1202.000    4.2780    4.2780    4.2780    4.2780   1.000
  1233.000   1203.000    4.2516    4.2516    4.2516    4.2516   1.000
  1229.000   1204.000    0.9010    0.9010    0.9010    0.9010   1.000
  1247.000   1204.000    3.7233    3.7233    3.7233    3.7233   1.000
  1249.000   1204.000    3.7557    3.7557    3.7557    3.7557   1.000
  1253.000   1204.000    3.2143    3.2143    3.2143    3.2143   1.000
  1257.000   1204.000    3.7448    3.7448    3.7448    3.7448   1.000
  1259.000   1204.000    2.8824    2.8824    2.8824    2.8824   1.000
  1271.000   1204.000    3.9071    3.9071    3.9071    3.9071   1.000
  1222.000   1205.000    2.9436    2.9436    2.9436    2.9436   1.000
  1238.000   1205.000    3.9053    3.9053    3.9053    3.9053   1.000
  1242.000   1205.000    2.4643    2.4643    2.4643    2.4643   1.000
  1269.000   1205.000    3.3842    3.3842    3.3842    3.3842   1.000
  1227.000   1206.000    2.9893    2.9893    2.9893    2.9893   1.000
  1248.000   1206.000    4.1442    4.1442    4.1442    4.1442   1.000
  1257.000   1206.000    2.6651    2.6651    2.6651    2.6651   1.000
  1229.000   1207.000    4.8132    4.8132    4.8132    4.8132   1.000
  1246.000   1207.000    4.1623    4.1623    4.1623    4.1623   1.000
  1260.000   1207.000    3.7771    3.7771    3.7771    3.7771   1.000
  1225.000   1208.000    3.4280    3.4280    3.4280    3.4280   1.000
  1235.000   1208.000    3.6945    3.6945    3.6945    3.6945   1.000
  1242.000   1208.000    3.0213    3.0213    3.0213    3.0213   1.000
  1251.000   1208.000    3.4383    3.4383    3.4383    3.4383   1.000
  1230.000   1209.000    3.6671    3.6671    3.6671    3.6671   1.000
  1238.000   1209.000    3.7788    3.7788    3.7788    3.7788   1.000
  1257.000   1209.000    4.0518    4.0518    4.0518    4.0518   1.000
  1259.000   1209.000    3.5381    3.5381    3.5381    3.5381   1.000
  1271.000   1209.000    3.5472    3.5472    3.5472    3.5472   1.000
  1228.000   1210.000    2.9483    2.9483    2.9483    2.9483   1.000
  1243.000   1210.000    2.9325    2.9325    2.9325    2.9325   1.000
  1248.000   1210.000    3.4091    3.4091    3.4091    3.4091   1.000
  1261.000   1210.000    3.9792    3.9792    3.9792    3.9792   1.000
  1263.000   1210.000    4.2337    4.2337    4.2337    4.2337   1.000
  1268.000   1210.000    4.2280    4.2280    4.2280    4.2280   1.000
  1266.000   1211.000    4.9522    4.9522    4.9522    4.9522   1.000
   790.000   1220.000    3.5665    3.5665    3.5665    3.5665   1.000
   823.000   1220.000    4.4924    4.4924    4.4924    4.4924   1.000
   788.000   1221.000    2.8213    2.8213    2.8213    2.8213   1.000
   816.000   1221.000    3.6558    3.6558    3.6558    3.6558   1.000
   772.000   1222.000    4.0203    4.0203    4.0203    4.0203   1.000
   781.000   1222.000    3.2114    3.2114    3.2114    3.2114   1.000
   790.000   1222.000    3.6991    3.6991    3.6991    3.6991   1.000
   775.000   1223.000    3.7439    3.7439    3.7439    3.7439   1.000
   788.000   1223.000    2.5502    2.5502    2.5502    2.5502   1.000
   814.000   1223.000    4.1975    4.1975    4.1975    4.1975   1.000
   772.000   1224.000    3.2408    3.2408    3.2408    3.2408   1.000
   784.000   1224.000    2.9946    2.9946    2.9946    2.9946   1.000
   805.000   1224.000    4.1120    4.1120    4.1120    4.1120   1.000
   817.000   1224.000    3.9773    3.9773    3.9773    3.9773   1.000
   789.000   1225.000    3.7137    3.7137    3.7137    3.7137   1.000
   822.000   1225.000    3.3168    3.3168    3.3168    3.3168   1.000
   827.000   1225.000    3.5405    3.5405    3.5405    3.5405   1.000
   787.000   1226.000    2.8292    2.8292    2.8292    2.8292   1.000
   797.000   1226.000    3.6122    3.6122    3.6122    3.6122   1.000
   817.000   1226.000    3.7430    3.7430    3.7430    3.7430   1.000
   784.000   1227.000    3.3931    3.3931    3.3931    3.3931   1.000
   819.000   1227.000    3.2862    3.2862    3.2862    3.2862   1.000
   780.000   1228.000    3.3801    3.3801    3.3801    3.3801   1.000
   787.000   1228.000    2.6104    2.6104    2.6104    2.6104   1.000
   806.000   1228.000    4.3690    4.3690    4.3690    4.3690   1.000
   811.000   1228.000    3.3613    3.3613    3.3613    3.3613   1.000
   815.000   1228.000    3.6329    3.6329    3.6329    3.6329   1.000
   817.000   1228.000    3.3202    3.3202    3.3202    3.3202   1.000
   772.000   1229.000    3.3396    3.3396    3.3396    3.3396   1.000
   783.000   1229.000    2.5051    2.5051    2.5051    2.5051   1.000
   808.000   1229.000    3.8860    3.8860    3.8860    3.8860   1.000
   793.000   1230.000    4.3554    4.3554    4.3554    4.3554   1.000
   774.000   1231.000    2.7530    2.7530    2.7530    2.7530   1.000
   785.000   1231.000    0.1597    0.1597    0.1597    0.1597   1.000
   791.000   1231.000    3.0973    3.0973    3.0973    3.0973   1.000
   801.000   1231.000    3.1594    3.1594    3.1594    3.1594   1.000
   810.000   1231.000    2.8831    2.8831    2.8831    2.8831   1.000
   817.000   1231.000    2.9855    2.9855    2.9855    2.9855   1.000
   819.000   1231.000    3.6028    3.6028    3.6028    3.6028   1.000
   787.000   1232.000    2.8373    2.8373    2.8373    2.8373   1.000
   799.000   1232.000    3.2456    3.2456    3.2456    3.2456   1.000
   789.000   1233.000    3.0040    3.0040    3.0040    3.0040   1.000
   810.000   1233.000    3.2474    3.2474    3.2474    3.2474   1.000
   814.000   1233.000    3.4348    3.4348    3.4348    3.4348   1.000
   816.000   1233.000    3.0135    3.0135    3.0135    3.0135   1.000
   773.000   1234.000    3.1301    3.1301    3.1301    3.1301   1.000
   775.000   1234.000    3.6654    3.6654    3.6654    3.6654   1.000
   780.000   1234.000    2.9914    2.9914    2.9914    2.9914   1.000
   782.000   1234.000    2.4261    2.4261    2.4261    2.4261   1.000
   784.000   1234.000    1.8092    1.8092    1.8092    1.8092   1.000
   819.000   1234.000    4.0939    4.0939    4.0939    4.0939   1.000
   792.000   1235.000    2.0396    2.0396    2.0396    2.0396   1.000
   799.000   1235.000    4.1653    4.1653    4.1653    4.1653   1.000
   809.000   1235.000    3.3935    3.3935    3.3935    3.3935   1.000
   773.000   1236.000    3.0366    3.0366    3.0366    3.0366   1.000
   825.000   1236.000    2.2309    2.2309    2.2309    2.2309   1.000
   777.000   1237.000    3.9092    3.9092    3.9092    3.9092   1.000
   783.000   1237.000    0.7170    0.7170    0.7170    0.7170   1.000
   790.000   1237.000    3.1223    3.1223    3.1223    3.1223   1.000
   792.000   1237.000    3.2645    3.2645    3.2645    3.2645   1.000
   813.000   1237.000    3.7906    3.7906    3.7906    3.7906   1.000
   775.000   1238.000    1.0335    1.0335    1.0335    1.0335   1.000
   786.000   1238.000    2.2847    2.2847    2.2847    2.2847   1.000
   782.000   1239.000    2.2274    2.2274    2.2274    2.2274   1.000
   788.000   1239.000    3.3197    3.3197    3.3197    3.3197   1.000
   790.000   1239.000    2.3061    2.3061    2.3061    2.3061   1.000
   826.000   1239.000    3.4615    3.4615    3.4615    3.4615   1.000
   780.000   1240.000    3.8266    3.8266    3.8266    3.8266   1.000
   807.000   1240.000    4.3840    4.3840    4.3840    4.3840   1.000
   809.000   1240.000    3.4994    3.4994    3.4994    3.4994   1.000
   782.000   1241.000    1.9300    1.9300    1.9300    1.9300   1.000
   791.000   1241.000    2.0293    2.0293    2.0293    2.0293   1.000
   824.000   1241.000    2.2622    2.2622    2.2622    2.2622   1.000
   777.000   1242.000    3.1648    3.1648    3.1648    3.1648   1.000
   779.000   1242.000    3.4574    3.4574    3.4574    3.4574   1.000
   793.000   1242.000    3.3853    3.3853    3.3853    3.3853   1.000
   806.000   1242.000    3.5698    3.5698    3.5698    3.5698   1.000
   810.000   1242.000    2.6868    2.6868    2.6868    2.6868   1.000
   813.000   1242.000    3.8141    3.8141    3.8141    3.8141   1.000
   818.000   1242.000    3.0286    3.0286    3.0286    3.0286   1.000
   786.000   1243.000    0.0563    0.0563    0.0563    0.0563   1.000
   790.000   1243.000    2.4011    2.4011    2.4011    2.4011   1.000
   772.000   1244.000    3.4343    3.4343    3.4343    3.4343   1.000
   801.000   1244.000    4.2133    4.2133    4.2133    4.2133   1.000
   792.000   1245.000    2.3497    2.3497    2.3497    2.3497   1.000
   797.000   1245.000    4.0547    4.0547    4.0547    4.0547   1.000
   773.000   1246.000    1.3526    1.3526    1.3526    1.3526   1.000
   779.000   1246.000    0.4024    0.4024    0.4024    0.4024   1.000
   785.000   1246.000    2.3595    2.3595    2.3595    2.3595   1.000
   807.000   1246.000    0.0718    0.0718    0.0718    0.0718   1.000
   811.000   1246.000    3.1351    3.1351    3.1351    3.1351   1.000
   816.000   1246.000    3.9631    3.9631    3.9631    3.9631   1.000
   821.000   1246.000    3.9306    3.9306    3.9306    3.9306   1.000
   799.000   1247.000    3.8075    3.8075    3.8075    3.8075   1.000
   818.000   1247.000    2.9063    2.9063    2.9063    2.9063   1.000
   774.000   1248.000    3.2772    3.2772    3.2772    3.2772   1.000
   778.000   1248.000    1.7595    1.7595    1.7595    1.7595   1.000
   780.000   1248.000    1.3236    1.3236    1.3236    1.3236   1.000
   801.000   1248.000    2.7604    2.7604    2.7604    2.7604   1.000
   820.000   1248.000    2.4894    2.4894    2.4894    2.4894   1.000
   776.000   1249.000    2.2667    2.2667    2.2667    2.2667   1.000
   788.000   1249.000    3.6030    3.6030    3.6030    3.6030   1.000
   792.000   1249.000    3.2587    3.2587    3.2587    3.2587   1.000
   805.000   1249.000    3.2971    3.2971    3.2971    3.2971   1.000
   773.000   1250.000    2.7485    2.7485    2.7485    2.7485   1.000
   801.000   1250.000    1.9700    1.9700    1.9700    1.9700   1.000
   807.000   1250.000    3.7170    3.7170    3.7170    3.7170   1.000
   809.000   1250.000    3.2258    3.2258    3.2258    3.2258   1.000
   775.000   1251.000    3.7089    3.7089    3.7089    3.7089   1.000
   816.000   1251.000    3.8183    3.8183    3.8183    3.8183   1.000
   818.000   1251.000    3.3966    3.3966    3.3966    3.3966   1.000
   827.000   1251.000    4.2226    4.2226    4.2226    4.2226   1.000
   789.000   1252.000    4.1222    4.1222    4.1222    4.1222   1.000
   802.000   1252.000    2.5333    2.5333    2.5333    2.5333   1.000
   804.000   1252.000    3.4064    3.4064    3.4064    3.4064   1.000
   809.000   1252.000    4.3894    4.3894    4.3894    4.3894   1.000
   825.000   1252.000    4.3110    4.3110    4.3110    4.3110   1.000
   775.000   1253.000    3.7910    3.7910    3.7910    3.7910   1.000
   816.000   1253.000    3.3964    3.3964    3.3964    3.3964   1.000
   772.000   1254.000    2.3293    2.3293    2.3293    2.3293   1.000
   821.000   1254.000    2.6092    2.6092    2.6092    2.6092   1.000
   800.000   1255.000    3.3260    3.3260    3.3260    3.3260   1.000
   807.000   1255.000    3.8311    3.8311    3.8311    3.8311   1.000
   812.000   1255.000    3.8357    3.8357    3.8357    3.8357   1.000
   816.000   1255.000    4.0148    4.0148    4.0148    4.0148   1.000
   823.000   1255.000    1.2161    1.2161    1.2161    1.2161   1.000
   774.000   1256.000    3.2129    3.2129    3.2129    3.2129   1.000
   785.000   1256.000    3.3414    3.3414    3.3414    3.3414   1.000
   794.000   1256.000    4.1789    4.1789    4.1789    4.1789   1.000
   803.000   1256.000    2.5095    2.5095    2.5095    2.5095   1.000
   805.000   1256.000    3.5528    3.5528    3.5528    3.5528   1.000
   819.000   1256.000    3.1025    3.1025    3.1025    3.1025   1.000
   783.000   1257.000    2.4570    2.4570    2.4570    2.4570   1.000
   814.000   1257.000    3.5911    3.5911    3.5911    3.5911   1.000
   823.000   1257.000    1.7004    1.7004    1.7004    1.7004   1.000
   790.000   1258.000    2.9996    2.9996    2.9996    2.9996   1.000
   798.000   1258.000    2.9857    2.9857    2.9857    2.9857   1.000
   805.000   1258.000    3.1877    3.1877    3.1877    3.1877   1.000
   819.000   1258.000    2.9521    2.9521    2.9521    2.9521   1.000
   826.000   1258.000    3.5345    3.5345    3.5345    3.5345   1.000
   775.000   1259.000    3.5165    3.5165    3.5165    3.5165   1.000
   784.000   1259.000    3.3689    3.3689    3.3689    3.3689   1.000
   779.000   1260.000    3.3988    3.3988    3.3988    3.3988   1.000
   793.000   1260.000    2.9637    2.9637    2.9637    2.9637   1.000
   802.000   1260.000    2.8445    2.8445    2.8445    2.8445   1.000
   808.000   1260.000    4.6445    4.6445    4.6445    4.6445   1.000
   817.000   1260.000    4.0150    4.0150    4.0150    4.0150   1.000
   788.000   1261.000    2.3654    2.3654    2.3654    2.3654   1.000
   775.000   1262.000    3.1083    3.1083    3.1083    3.1083   1.000
   790.000   1262.000    4.5194    4.5194    4.5194    4.5194   1.000
   794.000   1262.000    3.2935    3.2935    3.2935    3.2935   1.000
   819.000   1262.000    3.6401    3.6401    3.6401    3.6401   1.000
   822.000   1262.000    3.3432    3.3432    3.3432    3.3432   1.000
   777.000   1263.000    3.4107    3.4107    3.4107    3.4107   1.000
   805.000   1263.000    3.5915    3.5915    3.5915    3.5915   1.000
   782.000   1264.000    3.1786    3.1786    3.1786    3.1786   1.000
   810.000   1264.000    2.9085    2.9085    2.9085    2.9085   1.000
   823.000   1264.000    2.8900    2.8900    2.8900    2.8900   1.000
   819.000   1265.000    4.0117    4.0117    4.0117    4.0117   1.000
   821.000   1265.000    3.6993    3.6993    3.6993    3.6993   1.000
   772.000   1266.000    0.1257    0.1257    0.1257    0.1257   1.000
   804.000   1266.000    3.8172    3.8172    3.8172    3.8172   1.000
   810.000   1266.000    2.3513    2.3513    2.3513    2.3513   1.000
   776.000   1267.000    4.2196    4.2196    4.2196    4.2196   1.000
   812.000   1267.000    2.9211    2.9211    2.9211    2.9211   1.000
   816.000   1267.000    2.3160    2.3160    2.3160    2.3160   1.000
   822.000   1267.000    3.7546    3.7546    3.7546    3.7546   1.000
   824.000   1267.000    3.7409    3.7409    3.7409    3.7409   1.000
   785.000   1268.000    3.7088    3.7088    3.7088    3.7088   1.000
   793.000   1268.000    3.3120    3.3120    3.3120    3.3120   1.000
   806.000   1268.000    2.7779    2.7779    2.7779    2.7779   1.000
   775.000   1269.000    3.6807    3.6807    3.6807    3.6807   1.000
   813.000   1269.000    2.4037    2.4037    2.4037    2.4037   1.000
   815.000   1269.000    2.6497    2.6497    2.6497    2.6497   1.000
   801.000   1270.000    3.5863    3.5863    3.5863    3.5863   1.000
   811.000   1270.000    2.0117    2.0117    2.0117    2.0117   1.000
   819.000   1270.000    3.5261    3.5261    3.5261    3.5261   1.000
   817.000   1271.000    3.2335    3.2335    3.2335    3.2335   1.000
   821.000   1271.000    3.6585    3.6585    3.6585    3.6585   1.000
   796.000   1272.000    3.0392    3.0392    3.0392    3.0392   1.000
   806.000   1272.000    3.5165    3.5165    3.5165    3.5165   1.000
   814.000   1272.000    2.8946    2.8946    2.8946    2.8946   1.000
   779.000   1273.000    3.4730    3.4730    3.4730    3.4730   1.000
   784.000   1273.000    3.7807    3.7807    3.7807    3.7807   1.000
   790.000   1273.000    3.9551    3.9551    3.9551    3.9551   1.000
   793.000   1273.000    3.9399    3.9399    3.9399    3.9399   1.000
   774.000   1274.000    3.2282    3.2282    3.2282    3.2282   1.000
   807.000   1274.000    3.1583    3.1583    3.1583    3.1583   1.000
   809.000   1274.000    2.7128    2.7128    2.7128    2.7128   1.000
   820.000   1274.000    3.7241    3.7241    3.7241    3.7241   1.000
   793.000   1275.000    3.1113    3.1113    3.1113    3.1113   1.000
   850.000   1220.000    3.9053    3.9053    3.9053    3.9053   1.000
   855.000   1220.000    3.4103    3.4103    3.4103    3.4103   1.000
   860.000   1220.000    3.7655    3.7655    3.7655    3.7655   1.000
   878.000   1220.000    3.8951    3.8951    3.8951    3.8951   1.000
   857.000   1221.000    2.9949    2.9949    2.9949    2.9949   1.000
   875.000   1221.000    2.7766    2.7766    2.7766    2.7766   1.000
   860.000   1222.000    4.2595    4.2595    4.2595    4.2595   1.000
   866.000   1222.000    3.2607    3.2607    3.2607    3.2607   1.000
   868.000   1222.000    2.7323    2.7323    2.7323    2.7323   1.000
   870.000   1222.000    2.3992    2.3992    2.3992    2.3992   1.000
   873.000   1222.000    2.2317    2.2317    2.2317    2.2317   1.000
   879.000   1222.000    2.6318    2.6318    2.6318    2.6318   1.000
   891.000   1222.000    2.5169    2.5169    2.5169    2.5169   1.000
   884.000   1223.000    1.6497    1.6497    1.6497    1.6497   1.000
   847.000   1224.000    3.1320    3.1320    3.1320    3.1320   1.000
   867.000   1224.000    3.5810    3.5810    3.5810    3.5810   1.000
   872.000   1224.000    3.4289    3.4289    3.4289    3.4289   1.000
   874.000   1224.000    3.0951    3.0951    3.0951    3.0951   1.000
   878.000   1224.000    3.2764    3.2764    3.2764    3.2764   1.000
   837.000   1225.000    4.2158    4.2158    4.2158    4.2158   1.000
   880.000   1225.000    3.5442    3.5442    3.5442    3.5442   1.000
   882.000   1225.000    1.5341    1.5341    1.5341    1.5341   1.000
   874.000   1226.000    4.3393    4.3393    4.3393    4.3393   1.000
   840.000   1227.000    3.8508    3.8508    3.8508    3.8508   1.000
   854.000   1228.000    3.9481    3.9481    3.9481    3.9481   1.000
   881.000   1228.000    3.0003    3.0003    3.0003    3.0003   1.000
   844.000   1229.000    3.6460    3.6460    3.6460    3.6460   1.000
   858.000   1229.000    3.7355    3.7355    3.7355    3.7355   1.000
   874.000   1229.000    2.1366    2.1366    2.1366    2.1366   1.000
   851.000   1230.000    4.0559    4.0559    4.0559    4.0559   1.000
   886.000   1230.000    3.4331    3.4331    3.4331    3.4331   1.000
   861.000   1231.000    3.2072    3.2072    3.2072    3.2072   1.000
   865.000   1231.000    2.9486    2.9486    2.9486    2.9486   1.000
   837.000   1232.000    3.5069    3.5069    3.5069    3.5069   1.000
   841.000   1232.000    3.5933    3.5933    3.5933    3.5933   1.000
   850.000   1232.000    2.5105    2.5105    2.5105    2.5105   1.000
   856.000   1232.000    3.7998    3.7998    3.7998    3.7998   1.000
   867.000   1232.000    3.5458    3.5458    3.5458    3.5458   1.000
   888.000   1232.000    2.7264    2.7264    2.7264    2.7264   1.000
   890.000   1232.000    3.1469    3.1469    3.1469    3.1469   1.000
   848.000   1233.000    2.3658    2.3658    2.3658    2.3658   1.000
   885.000   1233.000    3.0911    3.0911    3.0911    3.0911   1.000
   843.000   1234.000    2.2310    2.2310    2.2310    2.2310   1.000
   845.000   1234.000    1.7614    1.7614    1.7614    1.7614   1.000
   854.000   1234.000    4.7785    4.7785    4.7785    4.7785   1.000
   861.000   1234.000    1.6397    1.6397    1.6397    1.6397   1.000
   867.000   1234.000    3.7514    3.7514    3.7514    3.7514   1.000
   879.000   1234.000    3.0454    3.0454    3.0454    3.0454   1.000
   842.000   1236.000    3.7681    3.7681    3.7681    3.7681   1.000
   851.000   1236.000    1.2415    1.2415    1.2415    1.2415   1.000
   864.000   1236.000    3.0656    3.0656    3.0656    3.0656   1.000
   890.000   1236.000    4.1215    4.1215    4.1215    4.1215   1.000
   866.000   1237.000    2.7496    2.7496    2.7496    2.7496   1.000
   878.000   1237.000    3.8630    3.8630    3.8630    3.8630   1.000
   837.000   1238.000    3.6612    3.6612    3.6612    3.6612   1.000
   839.000   1238.000    3.9482    3.9482    3.9482    3.9482   1.000
   849.000   1238.000    1.9506    1.9506    1.9506    1.9506   1.000
   861.000   1238.000    3.0518    3.0518    3.0518    3.0518   1.000
   881.000   1238.000    4.4461    4.4461    4.4461    4.4461   1.000
   845.000   1239.000   -0.6624   -0.6624   -0.6624   -0.6624   1.000
   851.000   1239.000    3.1147    3.1147    3.1147    3.1147   1.000
   865.000   1239.000    3.2278    3.2278    3.2278    3.2278   1.000
   840.000   1240.000    3.6845    3.6845    3.6845    3.6845   1.000
   863.000   1240.000    3.4299    3.4299    3.4299    3.4299   1.000
   875.000   1240.000    3.2202    3.2202    3.2202    3.2202   1.000
   852.000   1241.000    3.4449    3.4449    3.4449    3.4449   1.000
   858.000   1241.000    1.5968    1.5968    1.5968    1.5968   1.000
   865.000   1242.000    3.6797    3.6797    3.6797    3.6797   1.000
   846.000   1243.000    2.7698    2.7698    2.7698    2.7698   1.000
   849.000   1243.000    2.7937    2.7937    2.7937    2.7937   1.000
   877.000   1243.000    3.8990    3.8990    3.8990    3.8990   1.000
   858.000   1244.000    3.1342    3.1342    3.1342    3.1342   1.000
   872.000   1244.000    4.4625    4.4625    4.4625    4.4625   1.000
   883.000   1244.000    3.5119    3.5119    3.5119    3.5119   1.000
   847.000   1245.000    2.6206    2.6206    2.6206    2.6206   1.000
   862.000   1245.000    0.1183    0.1183    0.1183    0.1183   1.000
   886.000   1245.000    3.4959    3.4959    3.4959    3.4959   1.000
   891.000   1245.000    4.9909    4.9909    4.9909    4.9909   1.000
   888.000   1246.000    2.8268    2.8268    2.8268    2.8268   1.000
   841.000   1247.000    3.9019    3.9019    3.9019    3.9019   1.000
   872.000   1247.000    3.0585    3.0585    3.0585    3.0585   1.000
   878.000   1247.000    3.6392    3.6392    3.6392    3.6392   1.000
   882.000   1247.000    4.0602    4.0602    4.0602    4.0602   1.000
   891.000   1247.000    4.2464    4.2464    4.2464    4.2464   1.000
   845.000   1248.000    2.3505    2.3505    2.3505    2.3505   1.000
   849.000   1248.000    2.7982    2.7982    2.7982    2.7982   1.000
   863.000   1248.000    5.3786    5.3786    5.3786    5.3786   1.000
   847.000   1249.000    3.2865    3.2865    3.2865    3.2865   1.000
   844.000   1250.000    3.7639    3.7639    3.7639    3.7639   1.000
   855.000   1250.000    4.2557    4.2557    4.2557    4.2557   1.000
   865.000   1250.000    2.6178    2.6178    2.6178    2.6178   1.000
   882.000   1250.000    3.3955    3.3955    3.3955    3.3955   1.000
   888.000   1250.000    3.0134    3.0134    3.0134    3.0134   1.000
   880.000   1251.000    3.1823    3.1823    3.1823    3.1823   1.000
   846.000   1252.000    2.2611    2.2611    2.2611    2.2611   1.000
   868.000   1252.000    3.2186    3.2186    3.2186    3.2186   1.000
   870.000   1252.000    3.4831    3.4831    3.4831    3.4831   1.000
   873.000   1252.000    3.3989    3.3989    3.3989    3.3989   1.000
   891.000   1252.000    2.1735    2.1735    2.1735    2.1735   1.000
   882.000   1253.000    3.0580    3.0580    3.0580    3.0580   1.000
   842.000   1254.000    2.9145    2.9145    2.9145    2.9145   1.000
   844.000   1254.000    3.4140    3.4140    3.4140    3.4140   1.000
   863.000   1254.000    4.4334    4.4334    4.4334    4.4334   1.000
   852.000   1255.000    3.9862    3.9862    3.9862    3.9862   1.000
   856.000   1255.000    2.9501    2.9501    2.9501    2.9501   1.000
   870.000   1255.000    3.8710    3.8710    3.8710    3.8710   1.000
   890.000   1255.000    4.7334    4.7334    4.7334    4.7334   1.000
   840.000   1256.000    3.5809    3.5809    3.5809    3.5809   1.000
   849.000   1256.000    3.6687    3.6687    3.6687    3.6687   1.000
   858.000   1256.000    3.4677    3.4677    3.4677    3.4677   1.000
   860.000   1256.000    3.2701    3.2701    3.2701    3.2701   1.000
   880.000   1256.000    3.6367    3.6367    3.6367    3.6367   1.000
   856.000   1257.000    3.5049    3.5049    3.5049    3.5049   1.000
   877.000   1257.000    3.5455    3.5455    3.5455    3.5455   1.000
   884.000   1257.000    4.4417    4.4417    4.4417    4.4417   1.000
   853.000   1258.000    3.5596    3.5596    3.5596    3.5596   1.000
   872.000   1258.000    2.6919    2.6919    2.6919    2.6919   1.000
   874.000   1258.000    3.8909    3.8909    3.8909    3.8909   1.000
   846.000   1259.000    3.6049    3.6049    3.6049    3.6049   1.000
   883.000   1259.000    3.1332    3.1332    3.1332    3.1332   1.000
   836.000   1260.000    3.0222    3.0222    3.0222    3.0222   1.000
   848.000   1260.000    4.0409    4.0409    4.0409    4.0409   1.000
   874.000   1260.000    3.6155    3.6155    3.6155    3.6155   1.000
   876.000   1260.000    3.3454    3.3454    3.3454    3.3454   1.000
   841.000   1261.000    4.3873    4.3873    4.3873    4.3873   1.000
   836.000   1262.000    4.1587    4.1587    4.1587    4.1587   1.000
   866.000   1262.000    2.8861    2.8861    2.8861    2.8861   1.000
   845.000   1263.000    4.4539    4.4539    4.4539    4.4539   1.000
   858.000   1263.000    3.9084    3.9084    3.9084    3.9084   1.000
   871.000   1263.000    4.5400    4.5400    4.5400    4.5400   1.000
   837.000   1264.000    2.3071    2.3071    2.3071    2.3071   1.000
   842.000   1264.000    2.1058    2.1058    2.1058    2.1058   1.000
   864.000   1264.000    1.2068    1.2068    1.2068    1.2068   1.000
   884.000   1264.000    0.7730    0.7730    0.7730    0.7730   1.000
   888.000   1264.000    3.5229    3.5229    3.5229    3.5229   1.000
   840.000   1265.000    3.5671    3.5671    3.5671    3.5671   1.000
   848.000   1266.000    0.8112    0.8112    0.8112    0.8112   1.000
   858.000   1266.000    4.6775    4.6775    4.6775    4.6775   1.000
   860.000   1266.000    2.4907    2.4907    2.4907    2.4907   1.000
   862.000   1266.000    2.9323    2.9323    2.9323    2.9323   1.000
   874.000   1266.000    3.3928    3.3928    3.3928    3.3928   1.000
   891.000   1267.000    3.4069    3.4069    3.4069    3.4069   1.000
   836.000   1268.000    3.6257    3.6257    3.6257    3.6257   1.000
   843.000   1268.000    3.6733    3.6733    3.6733    3.6733   1.000
   848.000   1268.000    3.3585    3.3585    3.3585    3.3585   1.000
   851.000   1268.000    3.5156    3.5156    3.5156    3.5156   1.000
   853.000   1268.000    3.8581    3.8581    3.8581    3.8581   1.000
   855.000   1268.000    3.2580    3.2580    3.2580    3.2580   1.000
   868.000   1268.000    4.1561    4.1561    4.1561    4.1561   1.000
   870.000   1268.000    3.4757    3.4757    3.4757    3.4757   1.000
   876.000   1268.000    3.9382    3.9382    3.9382    3.9382   1.000
   883.000   1268.000    3.1512    3.1512    3.1512    3.1512   1.000
   887.000   1268.000    3.3489    3.3489    3.3489    3.3489   1.000
   840.000   1269.000    3.6685    3.6685    3.6685    3.6685   1.000
   845.000   1269.000    3.8985    3.8985    3.8985    3.8985   1.000
   861.000   1269.000    3.7745    3.7745    3.7745    3.7745   1.000
   878.000   1269.000    3.8683    3.8683    3.8683    3.8683   1.000
   850.000   1270.000    2.7674    2.7674    2.7674    2.7674   1.000
   888.000   1270.000    3.3432    3.3432    3.3432    3.3432   1.000
   884.000   1271.000    2.4900    2.4900    2.4900    2.4900   1.000
   843.000   1272.000    4.3797    4.3797    4.3797    4.3797   1.000
   846.000   1272.000    4.5752    4.5752    4.5752    4.5752   1.000
   869.000   1272.000    5.1440    5.1440    5.1440    5.1440   1.000
   872.000   1272.000   -0.0002   -0.0002   -0.0002   -0.0002   1.000
   857.000   1273.000    3.9488    3.9488    3.9488    3.9488   1.000
   885.000   1273.000    3.1757    3.1757    3.1757    3.1757   1.000
   887.000   1273.000    2.4999    2.4999    2.4999    2.4999   1.000
   889.000   1273.000    2.9116    2.9116    2.9116    2.9116   1.000
   847.000   1274.000    4.0336    4.0336    4.0336    4.0336   1.000
   853.000   1274.000    3.7516    3.7516    3.7516    3.7516   1.000
   883.000   1274.000    2.6285    2.6285    2.6285    2.6285   1.000
   872.000   1275.000    2.7353    2.7353    2.7353    2.7353   1.000
   880.000   1275.000    3.8789    3.8789    3.8789    3.8789   1.000
   889.000   1275.000    3.6270    3.6270    3.6270    3.6270   1.000
   891.000   1275.000    4.1385    4.1385    4.1385    4.1385   1.000
   936.000   1220.000    1.2521    1.2521    1.2521    1.2521   1.000
   953.000   1220.000    4.2893    4.2893    4.2893    4.2893   1.000
   917.000   1221.000    3.5962    3.5962    3.5962    3.5962   1.000
   932.000   1221.000    2.7623    2.7623    2.7623    2.7623   1.000
   934.000   1221.000    3.7743    3.7743    3.7743    3.7743   1.000
   947.000   1221.000    3.5866    3.5866    3.5866    3.5866   1.000
   949.000   1221.000    3.5294    3.5294    3.5294    3.5294   1.000
   909.000   1222.000    3.6701    3.6701    3.6701    3.6701   1.000
   913.000   1222.000    3.2288    3.2288    3.2288    3.2288   1.000
   915.000   1222.000    1.9424    1.9424    1.9424    1.9424   1.000
   919.000   1222.000    4.0733    4.0733    4.0733    4.0733   1.000
   940.000   1222.000    3.3045    3.3045    3.3045    3.3045   1.000
   945.000   1222.000    3.8336    3.8336    3.8336    3.8336   1.000
   954.000   1222.000    4.1783    4.1783    4.1783    4.1783   1.000
   900.000   1223.000    2.4190    2.4190    2.4190    2.4190   1.000
   902.000   1223.000    1.5822    1.5822    1.5822    1.5822   1.000
   934.000   1223.000    2.8674    2.8674    2.8674    2.8674   1.000
   914.000   1224.000    2.5613    2.5613    2.5613    2.5613   1.000
   919.000   1224.000    3.8806    3.8806    3.8806    3.8806   1.000
   931.000   1224.000    4.7980    4.7980    4.7980    4.7980   1.000
   938.000   1224.000    4.6240    4.6240    4.6240    4.6240   1.000
   940.000   1224.000    3.9889    3.9889    3.9889    3.9889   1.000
   946.000   1224.000    2.9139    2.9139    2.9139    2.9139   1.000
   904.000   1225.000    2.8253    2.8253    2.8253    2.8253   1.000
   906.000   1225.000    3.0648    3.0648    3.0648    3.0648   1.000
   950.000   1225.000    3.5394    3.5394    3.5394    3.5394   1.000
   921.000   1226.000    3.1796    3.1796    3.1796    3.1796   1.000
   929.000   1226.000    3.4447    3.4447    3.4447    3.4447   1.000
   938.000   1226.000    3.3554    3.3554    3.3554    3.3554   1.000
   940.000   1226.000    3.7454    3.7454    3.7454    3.7454   1.000
   900.000   1227.000    0.1250    0.1250    0.1250    0.1250   1.000
   911.000   1227.000    3.9684    3.9684    3.9684    3.9684   1.000
   916.000   1227.000    2.7791    2.7791    2.7791    2.7791   1.000
   918.000   1227.000    2.5933    2.5933    2.5933    2.5933   1.000
   925.000   1227.000    3.2250    3.2250    3.2250    3.2250   1.000
   945.000   1227.000    2.5386    2.5386    2.5386    2.5386   1.000
   947.000   1227.000    4.0083    4.0083    4.0083    4.0083   1.000
   950.000   1227.000    3.7623    3.7623    3.7623    3.7623   1.000
   906.000   1228.000    1.9006    1.9006    1.9006    1.9006   1.000
   936.000   1228.000    3.3327    3.3327    3.3327    3.3327   1.000
   903.000   1229.000    0.3314    0.3314    0.3314    0.3314   1.000
   943.000   1229.000    3.8565    3.8565    3.8565    3.8565   1.000
   945.000   1229.000    4.0639    4.0639    4.0639    4.0639   1.000
   908.000   1230.000    3.8249    3.8249    3.8249    3.8249   1.000
   910.000   1230.000    3.1713    3.1713    3.1713    3.1713   1.000
   931.000   1230.000    4.0332    4.0332    4.0332    4.0332   1.000
   934.000   1230.000    3.6434    3.6434    3.6434    3.6434   1.000
   947.000   1231.000    3.8534    3.8534    3.8534    3.8534   1.000
   900.000   1232.000    2.5316    2.5316    2.5316    2.5316   1.000
   905.000   1232.000    2.5592    2.5592    2.5592    2.5592   1.000
   925.000   1232.000    3.3005    3.3005    3.3005    3.3005   1.000
   928.000   1232.000    3.8967    3.8967    3.8967    3.8967   1.000
   943.000   1232.000    3.1353    3.1353    3.1353    3.1353   1.000
   908.000   1233.000    2.4540    2.4540    2.4540    2.4540   1.000
   910.000   1234.000    3.0615    3.0615    3.0615    3.0615   1.000
   912.000   1234.000    4.0244    4.0244    4.0244    4.0244   1.000
   921.000   1234.000    3.8070    3.8070    3.8070    3.8070   1.000
   923.000   1234.000    3.5756    3.5756    3.5756    3.5756   1.000
   925.000   1234.000    3.8280    3.8280    3.8280    3.8280   1.000
   943.000   1234.000    3.5673    3.5673    3.5673    3.5673   1.000
   955.000   1234.000    4.3445    4.3445    4.3445    4.3445   1.000
   916.000   1235.000    4.0707    4.0707    4.0707    4.0707   1.000
   939.000   1235.000    1.8540    1.8540    1.8540    1.8540   1.000
   949.000   1235.000    3.6279    3.6279    3.6279    3.6279   1.000
   911.000   1236.000    3.5667    3.5667    3.5667    3.5667   1.000
   926.000   1236.000    3.7012    3.7012    3.7012    3.7012   1.000
   946.000   1237.000    3.4949    3.4949    3.4949    3.4949   1.000
   905.000   1238.000    4.7779    4.7779    4.7779    4.7779   1.000
   916.000   1238.000    5.1440    5.1440    5.1440    5.1440   1.000
   923.000   1238.000    2.9513    2.9513    2.9513    2.9513   1.000
   955.000   1238.000    4.6779    4.6779    4.6779    4.6779   1.000
   942.000   1239.000    4.4275    4.4275    4.4275    4.4275   1.000
   948.000   1239.000    4.3006    4.3006    4.3006    4.3006   1.000
   952.000   1239.000    4.2226    4.2226    4.2226    4.2226   1.000
   916.000   1240.000    4.4039    4.4039    4.4039    4.4039   1.000
   934.000   1240.000    4.0341    4.0341    4.0341    4.0341   1.000
   909.000   1241.000    3.0498    3.0498    3.0498    3.0498   1.000
   921.000   1241.000    3.9883    3.9883    3.9883    3.9883   1.000
   949.000   1241.000    3.7831    3.7831    3.7831    3.7831   1.000
   906.000   1242.000    3.0462    3.0462    3.0462    3.0462   1.000
   912.000   1242.000    2.9465    2.9465    2.9465    2.9465   1.000
   916.000   1242.000    4.3173    4.3173    4.3173    4.3173   1.000
   919.000   1242.000    3.6367    3.6367    3.6367    3.6367   1.000
   902.000   1243.000    4.0651    4.0651    4.0651    4.0651   1.000
   946.000   1243.000    0.7758    0.7758    0.7758    0.7758   1.000
   950.000   1243.000    3.7670    3.7670    3.7670    3.7670   1.000
   908.000   1244.000    3.8850    3.8850    3.8850    3.8850   1.000
   912.000   1244.000    3.6434    3.6434    3.6434    3.6434   1.000
   931.000   1244.000    3.8303    3.8303    3.8303    3.8303   1.000
   952.000   1244.000    4.0682    4.0682    4.0682    4.0682   1.000
   905.000   1245.000    5.0318    5.0318    5.0318    5.0318   1.000
   920.000   1245.000    1.7476    1.7476    1.7476    1.7476   1.000
   924.000   1245.000    3.7864    3.7864    3.7864    3.7864   1.000
   908.000   1246.000    3.0119    3.0119    3.0119    3.0119   1.000
   945.000   1246.000    3.0432    3.0432    3.0432    3.0432   1.000
   949.000   1246.000    3.4110    3.4110    3.4110    3.4110   1.000
   911.000   1247.000    3.7959    3.7959    3.7959    3.7959   1.000
   913.000   1247.000    4.3341    4.3341    4.3341    4.3341   1.000
   943.000   1247.000    4.2695    4.2695    4.2695    4.2695   1.000
   901.000   1248.000    1.3186    1.3186    1.3186    1.3186   1.000
   933.000   1248.000    2.2170    2.2170    2.2170    2.2170   1.000
   950.000   1248.000    3.6298    3.6298    3.6298    3.6298   1.000
   953.000   1248.000    2.6629    2.6629    2.6629    2.6629   1.000
   920.000   1249.000    2.8346    2.8346    2.8346    2.8346   1.000
   946.000   1249.000    1.5040    1.5040    1.5040    1.5040   1.000
   905.000   1250.000    3.8248    3.8248    3.8248    3.8248   1.000
   955.000   1250.000    3.3401    3.3401    3.3401    3.3401   1.000
   903.000   1251.000    2.0291    2.0291    2.0291    2.0291   1.000
   905.000   1252.000    2.2295    2.2295    2.2295    2.2295   1.000
   911.000   1252.000    3.1997    3.1997    3.1997    3.1997   1.000
   920.000   1252.000    3.5623    3.5623    3.5623    3.5623   1.000
   932.000   1252.000    0.0186    0.0186    0.0186    0.0186   1.000
   900.000   1253.000   -1.5121   -1.5121   -1.5121   -1.5121   1.000
   909.000   1253.000    3.0405    3.0405    3.0405    3.0405   1.000
   917.000   1253.000    2.3007    2.3007    2.3007    2.3007   1.000
   905.000   1254.000    1.8311    1.8311    1.8311    1.8311   1.000
   911.000   1254.000    3.3142    3.3142    3.3142    3.3142   1.000
   913.000   1254.000    3.5241    3.5241    3.5241    3.5241   1.000
   921.000   1254.000    3.4488    3.4488    3.4488    3.4488   1.000
   923.000   1254.000    3.6202    3.6202    3.6202    3.6202   1.000
   925.000   1254.000    4.9049    4.9049    4.9049    4.9049   1.000
   927.000   1254.000    3.6273    3.6273    3.6273    3.6273   1.000
   947.000   1254.000    3.9232    3.9232    3.9232    3.9232   1.000
   954.000   1254.000    3.9520    3.9520    3.9520    3.9520   1.000
   916.000   1255.000    2.4208    2.4208    2.4208    2.4208   1.000
   935.000   1255.000    2.0946    2.0946    2.0946    2.0946   1.000
   944.000   1255.000    1.9493    1.9493    1.9493    1.9493   1.000
   902.000   1256.000    2.0901    2.0901    2.0901    2.0901   1.000
   905.000   1256.000    0.8044    0.8044    0.8044    0.8044   1.000
   911.000   1256.000    4.1777    4.1777    4.1777    4.1777   1.000
   939.000   1256.000    3.6339    3.6339    3.6339    3.6339   1.000
   947.000   1256.000    2.4933    2.4933    2.4933    2.4933   1.000
   916.000   1257.000    4.7758    4.7758    4.7758    4.7758   1.000
   930.000   1257.000    3.7174    3.7174    3.7174    3.7174   1.000
   935.000   1257.000    2.9005    2.9005    2.9005    2.9005   1.000
   937.000   1257.000    2.8593    2.8593    2.8593    2.8593   1.000
   900.000   1258.000    1.7400    1.7400    1.7400    1.7400   1.000
   902.000   1258.000    2.0440    2.0440    2.0440    2.0440   1.000
   905.000   1258.000    0.2117    0.2117    0.2117    0.2117   1.000
   909.000   1258.000    3.1844    3.1844    3.1844    3.1844   1.000
   912.000   1258.000    3.1197    3.1197    3.1197    3.1197   1.000
   928.000   1258.000    3.4672    3.4672    3.4672    3.4672   1.000
   932.000   1258.000    3.9580    3.9580    3.9580    3.9580   1.000
   955.000   1258.000    2.9063    2.9063    2.9063    2.9063   1.000
   951.000   1259.000    2.4782    2.4782    2.4782    2.4782   1.000
   909.000   1260.000    2.7770    2.7770    2.7770    2.7770   1.000
   934.000   1260.000    3.5311    3.5311    3.5311    3.5311   1.000
   942.000   1260.000    3.4781    3.4781    3.4781    3.4781   1.000
   946.000   1260.000   -0.6862   -0.6862   -0.6862   -0.6862   1.000
   953.000   1260.000    4.7917    4.7917    4.7917    4.7917   1.000
   904.000   1261.000    1.8176    1.8176    1.8176    1.8176   1.000
   932.000   1261.000    3.3651    3.3651    3.3651    3.3651   1.000
   948.000   1261.000    1.8290    1.8290    1.8290    1.8290   1.000
   902.000   1262.000    2.9729    2.9729    2.9729    2.9729   1.000
   909.000   1262.000    4.2742    4.2742    4.2742    4.2742   1.000
   913.000   1262.000    2.4510    2.4510    2.4510    2.4510   1.000
   917.000   1262.000    2.4929    2.4929    2.4929    2.4929   1.000
   927.000   1262.000    3.4926    3.4926    3.4926    3.4926   1.000
   940.000   1262.000    2.9371    2.9371    2.9371    2.9371   1.000
   922.000   1263.000    3.8311    3.8311    3.8311    3.8311   1.000
   901.000   1264.000    2.3926    2.3926    2.3926    2.3926   1.000
   908.000   1264.000    2.4419    2.4419    2.4419    2.4419   1.000
   912.000   1264.000    3.0552    3.0552    3.0552    3.0552   1.000
   916.000   1264.000    2.1666    2.1666    2.1666    2.1666   1.000
   926.000   1264.000    2.2610    2.2610    2.2610    2.2610   1.000
   931.000   1264.000    3.1996    3.1996    3.1996    3.1996   1.000
   949.000   1264.000    2.3001    2.3001    2.3001    2.3001   1.000
   906.000   1265.000    3.0260    3.0260    3.0260    3.0260   1.000
   940.000   1265.000    4.0699    4.0699    4.0699    4.0699   1.000
   942.000   1265.000    3.8857    3.8857    3.8857    3.8857   1.000
   903.000   1266.000    3.1453    3.1453    3.1453    3.1453   1.000
   925.000   1266.000    2.5077    2.5077    2.5077    2.5077   1.000
   945.000   1266.000    2.0136    2.0136    2.0136    2.0136   1.000
   954.000   1266.000    3.7816    3.7816    3.7816    3.7816   1.000
   900.000   1267.000    0.3441    0.3441    0.3441    0.3441   1.000
   914.000   1267.000   -0.2792   -0.2792   -0.2792   -0.2792   1.000
   909.000   1268.000    2.6170    2.6170    2.6170    2.6170   1.000
   923.000   1268.000    3.4516    3.4516    3.4516    3.4516   1.000
   943.000   1268.000    3.1025    3.1025    3.1025    3.1025   1.000
   917.000   1269.000    2.6472    2.6472    2.6472    2.6472   1.000
   926.000   1269.000    2.8424    2.8424    2.8424    2.8424   1.000
   928.000   1269.000    3.5938    3.5938    3.5938    3.5938   1.000
   938.000   1269.000    2.7248    2.7248    2.7248    2.7248   1.000
   906.000   1270.000    3.2054    3.2054    3.2054    3.2054   1.000
   911.000   1270.000    3.7234    3.7234    3.7234    3.7234   1.000
   913.000   1270.000    2.1972    2.1972    2.1972    2.1972   1.000
   943.000   1270.000    3.6700    3.6700    3.6700    3.6700   1.000
   951.000   1270.000    3.5552    3.5552    3.5552    3.5552   1.000
   916.000   1271.000    2.9052    2.9052    2.9052    2.9052   1.000
   924.000   1271.000    3.0142    3.0142    3.0142    3.0142   1.000
   936.000   1271.000    2.7750    2.7750    2.7750    2.7750   1.000
   939.000   1271.000    3.0626    3.0626    3.0626    3.0626   1.000
   910.000   1272.000    3.1508    3.1508    3.1508    3.1508   1.000
   914.000   1272.000    2.1590    2.1590    2.1590    2.1590   1.000
   952.000   1272.000    3.8092    3.8092    3.8092    3.8092   1.000
   900.000   1273.000    3.9878    3.9878    3.9878    3.9878   1.000
   916.000   1273.000    3.3741    3.3741    3.3741    3.3741   1.000
   930.000   1273.000    3.2691    3.2691    3.2691    3.2691   1.000
   936.000   1273.000    0.0211    0.0211    0.0211    0.0211   1.000
   944.000   1273.000    4.3893    4.3893    4.3893    4.3893   1.000
   952.000   1274.000    5.6702    5.6702    5.6702    5.6702   1.000
   905.000   1275.000    3.9921    3.9921    3.9921    3.9921   1.000
   912.000   1275.000    3.7953    3.7953    3.7953    3.7953   1.000
   917.000   1275.000    3.8519    3.8519    3.8519    3.8519   1.000
   929.000   1275.000    3.5322    3.5322    3.5322    3.5322   1.000
   940.000   1275.000    2.1634    2.1634    2.1634    2.1634   1.000
   943.000   1275.000    2.3466    2.3466    2.3466    2.3466   1.000
   982.000   1220.000    3.7619    3.7619    3.7619    3.7619   1.000
   996.000   1220.000    4.3755    4.3755    4.3755    4.3755   1.000
  1013.000   1220.000    3.5622    3.5622    3.5622    3.5622   1.000
   976.000   1221.000    3.4762    3.4762    3.4762    3.4762   1.000
   984.000   1221.000    3.7710    3.7710    3.7710    3.7710   1.000
  1019.000   1221.000    3.2408    3.2408    3.2408    3.2408   1.000
   969.000   1222.000    3.8380    3.8380    3.8380    3.8380   1.000
   971.000   1222.000    3.3263    3.3263    3.3263    3.3263   1.000
   974.000   1222.000    3.0418    3.0418    3.0418    3.0418   1.000
   979.000   1222.000    3.0849    3.0849    3.0849    3.0849   1.000
   999.000   1222.000    3.4579    3.4579    3.4579    3.4579   1.000
  1003.000   1222.000   -0.7919   -0.7919   -0.7919   -0.7919   1.000
  1006.000   1222.000    2.8403    2.8403    2.8403    2.8403   1.000
  1014.000   1222.000    4.0167    4.0167    4.0167    4.0167   1.000
  1016.000   1222.000    3.5404    3.5404    3.5404    3.5404   1.000
   967.000   1223.000    4.2559    4.2559    4.2559    4.2559   1.000
   976.000   1223.000    3.6301    3.6301    3.6301    3.6301   1.000
   981.000   1223.000    3.4967    3.4967    3.4967    3.4967   1.000
   989.000   1223.000    2.3726    2.3726    2.3726    2.3726   1.000
   997.000   1223.000    3.7357    3.7357    3.7357    3.7357   1.000
   965.000   1224.000    2.5912    2.5912    2.5912    2.5912   1.000
   973.000   1224.000    3.8238    3.8238    3.8238    3.8238   1.000
   999.000   1224.000    3.0029    3.0029    3.0029    3.0029   1.000
  1006.000   1224.000    3.4246    3.4246    3.4246    3.4246   1.000
  1016.000   1224.000    2.9291    2.9291    2.9291    2.9291   1.000
  1018.000   1224.000    4.7084    4.7084    4.7084    4.7084   1.000
   984.000   1225.000    3.4610    3.4610    3.4610    3.4610   1.000
   986.000   1225.000    4.7559    4.7559    4.7559    4.7559   1.000
  1001.000   1225.000    2.1364    2.1364    2.1364    2.1364   1.000
  1003.000   1225.000    1.6571    1.6571    1.6571    1.6571   1.000
  1013.000   1225.000    4.2858    4.2858    4.2858    4.2858   1.000
   973.000   1226.000    1.9186    1.9186    1.9186    1.9186   1.000
   992.000   1226.000    2.9437    2.9437    2.9437    2.9437   1.000
   995.000   1226.000    2.4813    2.4813    2.4813    2.4813   1.000
   999.000   1226.000    3.8849    3.8849    3.8849    3.8849   1.000
  1006.000   1226.000    2.6333    2.6333    2.6333    2.6333   1.000
   970.000   1227.000    3.2111    3.2111    3.2111    3.2111   1.000
  1011.000   1227.000    4.3105    4.3105    4.3105    4.3105   1.000
  1014.000   1227.000    5.6239    5.6239    5.6239    5.6239   1.000
  1019.000   1227.000    3.6652    3.6652    3.6652    3.6652   1.000
   989.000   1228.000    2.9275    2.9275    2.9275    2.9275   1.000
   992.000   1228.000    4.6664    4.6664    4.6664    4.6664   1.000
   996.000   1228.000    3.6620    3.6620    3.6620    3.6620   1.000
   998.000   1228.000    2.6890    2.6890    2.6890    2.6890   1.000
  1017.000   1228.000    3.5383    3.5383    3.5383    3.5383   1.000
   974.000   1229.000    3.4391    3.4391    3.4391    3.4391   1.000
   979.000   1229.000    3.7492    3.7492    3.7492    3.7492   1.000
  1011.000   1230.000    4.7625    4.7625    4.7625    4.7625   1.000
   976.000   1231.000    4.0708    4.0708    4.0708    4.0708   1.000
  1000.000   1231.000   -0.3430   -0.3430   -0.3430   -0.3430   1.000
  1008.000   1231.000    3.7966    3.7966    3.7966    3.7966   1.000
   965.000   1232.000    2.3317    2.3317    2.3317    2.3317   1.000
   969.000   1232.000    3.4577    3.4577    3.4577    3.4577   1.000
   984.000   1232.000    3.0893    3.0893    3.0893    3.0893   1.000
  1006.000   1232.000    2.9145    2.9145    2.9145    2.9145   1.000
   967.000   1233.000    2.7009    2.7009    2.7009    2.7009   1.000
   988.000   1233.000    4.0133    4.0133    4.0133    4.0133   1.000
   997.000   1233.000    2.1504    2.1504    2.1504    2.1504   1.000
  1008.000   1233.000    3.5453    3.5453    3.5453    3.5453   1.000
  1018.000   1233.000    1.6319    1.6319    1.6319    1.6319   1.000
  1000.000   1234.000    3.5851    3.5851    3.5851    3.5851   1.000
  1013.000   1234.000    3.7583    3.7583    3.7583    3.7583   1.000
   981.000   1235.000    3.8631    3.8631    3.8631    3.8631   1.000
  1002.000   1235.000    3.3904    3.3904    3.3904    3.3904   1.000
  1004.000   1235.000    3.5882    3.5882    3.5882    3.5882   1.000
  1010.000   1235.000    4.8777    4.8777    4.8777    4.8777   1.000
   964.000   1236.000    4.3561    4.3561    4.3561    4.3561   1.000
   970.000   1236.000    3.7590    3.7590    3.7590    3.7590   1.000
   992.000   1236.000    4.3700    4.3700    4.3700    4.3700   1.000
  1000.000   1236.000    3.5197    3.5197    3.5197    3.5197   1.000
  1007.000   1236.000    3.7026    3.7026    3.7026    3.7026   1.000
   972.000   1237.000    4.0478    4.0478    4.0478    4.0478   1.000
   974.000   1237.000    3.7927    3.7927    3.7927    3.7927   1.000
   987.000   1237.000    3.5673    3.5673    3.5673    3.5673   1.000
   995.000   1237.000    4.0596    4.0596    4.0596    4.0596   1.000
   998.000   1237.000    3.1173    3.1173    3.1173    3.1173   1.000
   976.000   1238.000    3.7774    3.7774    3.7774    3.7774   1.000
  1016.000   1238.000    3.4379    3.4379    3.4379    3.4379   1.000
   964.000   1239.000    3.9194    3.9194    3.9194    3.9194   1.000
   986.000   1239.000    2.3641    2.3641    2.3641    2.3641   1.000
  1019.000   1239.000    1.9448    1.9448    1.9448    1.9448   1.000
  1007.000   1240.000    4.7024    4.7024    4.7024    4.7024   1.000
  1012.000   1240.000    2.2206    2.2206    2.2206    2.2206   1.000
  1014.000   1240.000    3.4752    3.4752    3.4752    3.4752   1.000
   995.000   1241.000    3.6185    3.6185    3.6185    3.6185   1.000
   997.000   1241.000    4.8223    4.8223    4.8223    4.8223   1.000
   999.000   1241.000    3.5705    3.5705    3.5705    3.5705   1.000
  1003.000   1241.000    4.3358    4.3358    4.3358    4.3358   1.000
   965.000   1242.000    2.8051    2.8051    2.8051    2.8051   1.000
   971.000   1242.000    3.5400    3.5400    3.5400    3.5400   1.000
   974.000   1242.000    0.8692    0.8692    0.8692    0.8692   1.000
   985.000   1242.000    2.7198    2.7198    2.7198    2.7198   1.000
   990.000   1242.000    3.2952    3.2952    3.2952    3.2952   1.000
  1007.000   1242.000    4.4650    4.4650    4.4650    4.4650   1.000
  1018.000   1242.000    3.3403    3.3403    3.3403    3.3403   1.000
   980.000   1243.000    3.4832    3.4832    3.4832    3.4832   1.000
   995.000   1243.000    3.2781    3.2781    3.2781    3.2781   1.000
  1012.000   1243.000    1.5536    1.5536    1.5536    1.5536   1.000
   964.000   1244.000    3.1517    3.1517    3.1517    3.1517   1.000
   968.000   1244.000    1.7553    1.7553    1.7553    1.7553   1.000
   970.000   1244.000    3.2300    3.2300    3.2300    3.2300   1.000
   982.000   1244.000    2.6226    2.6226    2.6226    2.6226   1.000
   986.000   1244.000    2.4384    2.4384    2.4384    2.4384   1.000
   997.000   1244.000    3.4004    3.4004    3.4004    3.4004   1.000
   980.000   1245.000    2.9770    2.9770    2.9770    2.9770   1.000
  1003.000   1245.000    3.3074    3.3074    3.3074    3.3074   1.000
  1013.000   1245.000    3.7007    3.7007    3.7007    3.7007   1.000
   966.000   1246.000    3.7388    3.7388    3.7388    3.7388   1.000
   996.000   1246.000    4.2044    4.2044    4.2044    4.2044   1.000
  1016.000   1246.000    3.6505    3.6505    3.6505    3.6505   1.000
   970.000   1247.000    1.6357    1.6357    1.6357    1.6357   1.000
   979.000   1247.000    4.3125    4.3125    4.3125    4.3125   1.000
  1002.000   1247.000    3.5022    3.5022    3.5022    3.5022   1.000
  1006.000   1247.000    2.6560    2.6560    2.6560    2.6560   1.000
   967.000   1248.000    2.8599    2.8599    2.8599    2.8599   1.000
   987.000   1248.000    2.5837    2.5837    2.5837    2.5837   1.000
   998.000   1248.000    3.4695    3.4695    3.4695    3.4695   1.000
  1000.000   1248.000    3.4985    3.4985    3.4985    3.4985   1.000
  1013.000   1248.000    2.9385    2.9385    2.9385    2.9385   1.000
  1018.000   1248.000    3.7072    3.7072    3.7072    3.7072   1.000
  1004.000   1249.000    3.4346    3.4346    3.4346    3.4346   1.000
  1010.000   1249.000    2.9462    2.9462    2.9462    2.9462   1.000
   966.000   1250.000    2.8304    2.8304    2.8304    2.8304   1.000
   968.000   1250.000    3.3915    3.3915    3.3915    3.3915   1.000
  1001.000   1250.000    3.6945    3.6945    3.6945    3.6945   1.000
   992.000   1251.000    4.9642    4.9642    4.9642    4.9642   1.000
   996.000   1251.000    3.9428    3.9428    3.9428    3.9428   1.000
  1019.000   1251.000    3.9827    3.9827    3.9827    3.9827   1.000
   964.000   1252.000    2.2525    2.2525    2.2525    2.2525   1.000
   973.000   1252.000    4.0492    4.0492    4.0492    4.0492   1.000
  1005.000   1252.000    2.5334    2.5334    2.5334    2.5334   1.000
  1007.000   1252.000    2.4632    2.4632    2.4632    2.4632   1.000
  1012.000   1252.000    3.5057    3.5057    3.5057    3.5057   1.000
  1014.000   1252.000    3.3848    3.3848    3.3848    3.3848   1.000
   991.000   1253.000    4.0539    4.0539    4.0539    4.0539   1.000
   994.000   1253.000    4.2691    4.2691    4.2691    4.2691   1.000
  1001.000   1253.000    3.4065    3.4065    3.4065    3.4065   1.000
  1004.000   1254.000    2.7847    2.7847    2.7847    2.7847   1.000
  1009.000   1254.000    2.5192    2.5192    2.5192    2.5192   1.000
   981.000   1255.000    3.8854    3.8854    3.8854    3.8854   1.000
   979.000   1256.000    3.9316    3.9316    3.9316    3.9316   1.000
   986.000   1256.000    3.5713    3.5713    3.5713    3.5713   1.000
   988.000   1256.000    3.9944    3.9944    3.9944    3.9944   1.000
   991.000   1256.000    1.8533    1.8533    1.8533    1.8533   1.000
  1000.000   1256.000    3.1886    3.1886    3.1886    3.1886   1.000
  1019.000   1256.000    3.6422    3.6422    3.6422    3.6422   1.000
   967.000   1257.000    1.8531    1.8531    1.8531    1.8531   1.000
   972.000   1257.000    3.2532    3.2532    3.2532    3.2532   1.000
   983.000   1258.000    3.1276    3.1276    3.1276    3.1276   1.000
   991.000   1258.000    2.9550    2.9550    2.9550    2.9550   1.000
  1000.000   1258.000    3.0429    3.0429    3.0429    3.0429   1.000
  1019.000   1258.000    1.9858    1.9858    1.9858    1.9858   1.000
   975.000   1259.000    3.7204    3.7204    3.7204    3.7204   1.000
   995.000   1259.000    4.8623    4.8623    4.8623    4.8623   1.000
  1016.000   1259.000    4.0539    4.0539    4.0539    4.0539   1.000
   978.000   1260.000    3.8673    3.8673    3.8673    3.8673   1.000
   983.000   1260.000    3.3646    3.3646    3.3646    3.3646   1.000
   987.000   1260.000    3.3028    3.3028    3.3028    3.3028   1.000
   990.000   1260.000    3.5521    3.5521    3.5521    3.5521   1.000
   999.000   1260.000    3.9962    3.9962    3.9962    3.9962   1.000
  1003.000   1260.000    4.4262    4.4262    4.4262    4.4262   1.000
   981.000   1261.000    4.0273    4.0273    4.0273    4.0273   1.000
   992.000   1261.000    4.2963    4.2963    4.2963    4.2963   1.000
  1008.000   1261.000    4.0372    4.0372    4.0372    4.0372   1.000
   964.000   1262.000    2.2859    2.2859    2.2859    2.2859   1.000
   984.000   1262.000    2.4232    2.4232    2.4232    2.4232   1.000
   988.000   1262.000    2.9329    2.9329    2.9329    2.9329   1.000
  1010.000   1262.000    3.9587    3.9587    3.9587    3.9587   1.000
  1014.000   1262.000    4.2110    4.2110    4.2110    4.2110   1.000
   995.000   1263.000    4.2611    4.2611    4.2611    4.2611   1.000
   997.000   1263.000    3.6357    3.6357    3.6357    3.6357   1.000
  1005.000   1263.000    3.6619    3.6619    3.6619    3.6619   1.000
  1007.000   1263.000    3.8705    3.8705    3.8705    3.8705   1.000
  1000.000   1264.000    3.9760    3.9760    3.9760    3.9760   1.000
  1011.000   1264.000    2.9678    2.9678    2.9678    2.9678   1.000
  1013.000   1264.000    4.7212    4.7212    4.7212    4.7212   1.000
  1015.000   1264.000    3.7098    3.7098    3.7098    3.7098   1.000
   965.000   1265.000    3.4466    3.4466    3.4466    3.4466   1.000
   982.000   1265.000    3.5337    3.5337    3.5337    3.5337   1.000
   990.000   1265.000    2.7217    2.7217    2.7217    2.7217   1.000
  1019.000   1265.000    3.5140    3.5140    3.5140    3.5140   1.000
   969.000   1267.000    3.1396    3.1396    3.1396    3.1396   1.000
   982.000   1267.000    2.0909    2.0909    2.0909    2.0909   1.000
   984.000   1267.000    2.1888    2.1888    2.1888    2.1888   1.000
   990.000   1267.000    2.6164    2.6164    2.6164    2.6164   1.000
  1012.000   1267.000    3.0048    3.0048    3.0048    3.0048   1.000
   964.000   1268.000    4.2655    4.2655    4.2655    4.2655   1.000
   992.000   1268.000    2.7606    2.7606    2.7606    2.7606   1.000
  1001.000   1268.000    3.0218    3.0218    3.0218    3.0218   1.000
  1018.000   1268.000    3.8593    3.8593    3.8593    3.8593   1.000
   977.000   1269.000    3.2593    3.2593    3.2593    3.2593   1.000
   984.000   1269.000    2.3330    2.3330    2.3330    2.3330   1.000
  1009.000   1269.000    0.2999    0.2999    0.2999    0.2999   1.000
  1013.000   1269.000    1.9972    1.9972    1.9972    1.9972   1.000
   974.000   1270.000    3.9099    3.9099    3.9099    3.9099   1.000
   979.000   1270.000    3.4500    3.4500    3.4500    3.4500   1.000
  1004.000   1270.000    2.2977    2.2977    2.2977    2.2977   1.000
   971.000   1271.000    3.3402    3.3402    3.3402    3.3402   1.000
   995.000   1271.000    4.4863    4.4863    4.4863    4.4863   1.000
  1013.000   1271.000    1.8075    1.8075    1.8075    1.8075   1.000
   981.000   1272.000    3.6917    3.6917    3.6917    3.6917   1.000
   983.000   1272.000    3.5374    3.5374    3.5374    3.5374   1.000
   988.000   1272.000    4.0895    4.0895    4.0895    4.0895   1.000
  1000.000   1272.000    3.2054    3.2054    3.2054    3.2054   1.000
  1005.000   1272.000    2.2846    2.2846    2.2846    2.2846   1.000
  1008.000   1272.000    2.8420    2.8420    2.8420    2.8420   1.000
  1016.000   1272.000    3.9430    3.9430    3.9430    3.9430   1.000
   968.000   1273.000    2.9284    2.9284    2.9284    2.9284   1.000
   964.000   1274.000    4.0007    4.0007    4.0007    4.0007   1.000
   992.000   1274.000    4.2122    4.2122    4.2122    4.2122   1.000
  1039.000   1220.000    2.6570    2.6570    2.6570    2.6570   1.000
  1054.000   1220.000    2.2246    2.2246    2.2246    2.2246   1.000
  1065.000   1220.000    3.4415    3.4415    3.4415    3.4415   1.000
  1036.000   1221.000    3.8661    3.8661    3.8661    3.8661   1.000
  1045.000   1221.000   -0.5108   -0.5108   -0.5108   -0.5108   1.000
  1069.000   1221.000    3.0326    3.0326    3.0326    3.0326   1.000
  1074.000   1221.000    2.0271    2.0271    2.0271    2.0271   1.000
  1028.000   1222.000    2.6458    2.6458    2.6458    2.6458   1.000
  1032.000   1222.000    1.9092    1.9092    1.9092    1.9092   1.000
  1040.000   1222.000    2.7644    2.7644    2.7644    2.7644   1.000
  1050.000   1222.000    2.2938    2.2938    2.2938    2.2938   1.000
  1052.000   1222.000    2.7308    2.7308    2.7308    2.7308   1.000
  1066.000   1222.000    3.5174    3.5174    3.5174    3.5174   1.000
  1080.000   1222.000    3.4221    3.4221    3.4221    3.4221   1.000
  1036.000   1223.000    2.7250    2.7250    2.7250    2.7250   1.000
  1042.000   1223.000    2.4222    2.4222    2.4222    2.4222   1.000
  1048.000   1224.000    3.2151    3.2151    3.2151    3.2151   1.000
  1055.000   1224.000    3.1757    3.1757    3.1757    3.1757   1.000
  1060.000   1224.000    3.4238    3.4238    3.4238    3.4238   1.000
  1063.000   1224.000    3.7996    3.7996    3.7996    3.7996   1.000
  1051.000   1225.000    0.8460    0.8460    0.8460    0.8460   1.000
  1081.000   1225.000    3.6789    3.6789    3.6789    3.6789   1.000
  1028.000   1226.000    3.3693    3.3693    3.3693    3.3693   1.000
  1036.000   1226.000    2.8834    2.8834    2.8834    2.8834   1.000
  1040.000   1226.000    3.0152    3.0152    3.0152    3.0152   1.000
  1045.000   1226.000    3.0847    3.0847    3.0847    3.0847   1.000
  1053.000   1226.000    1.7942    1.7942    1.7942    1.7942   1.000
  1062.000   1226.000    3.9879    3.9879    3.9879    3.9879   1.000
  1070.000   1226.000    3.1028    3.1028    3.1028    3.1028   1.000
  1079.000   1226.000    3.2658    3.2658    3.2658    3.2658   1.000
  1047.000   1227.000    2.4011    2.4011    2.4011    2.4011   1.000
  1074.000   1227.000    2.2560    2.2560    2.2560    2.2560   1.000
  1040.000   1228.000    2.6771    2.6771    2.6771    2.6771   1.000
  1059.000   1228.000    3.5048    3.5048    3.5048    3.5048   1.000
  1078.000   1228.000    2.6914    2.6914    2.6914    2.6914   1.000
  1031.000   1229.000    3.7872    3.7872    3.7872    3.7872   1.000
  1033.000   1229.000    2.9300    2.9300    2.9300    2.9300   1.000
  1036.000   1229.000    4.5026    4.5026    4.5026    4.5026   1.000
  1052.000   1229.000    2.2920    2.2920    2.2920    2.2920   1.000
  1066.000   1229.000    3.6298    3.6298    3.6298    3.6298   1.000
  1058.000   1230.000    4.7511    4.7511    4.7511    4.7511   1.000
  1029.000   1231.000    2.5023    2.5023    2.5023    2.5023   1.000
  1048.000   1231.000    2.0993    2.0993    2.0993    2.0993   1.000
  1076.000   1231.000    3.9145    3.9145    3.9145    3.9145   1.000
  1083.000   1231.000    3.0248    3.0248    3.0248    3.0248   1.000
  1032.000   1232.000    3.1431    3.1431    3.1431    3.1431   1.000
  1036.000   1233.000    3.9889    3.9889    3.9889    3.9889   1.000
  1059.000   1233.000    0.1552    0.1552    0.1552    0.1552   1.000
  1074.000   1233.000    2.2575    2.2575    2.2575    2.2575   1.000
  1080.000   1233.000    3.9451    3.9451    3.9451    3.9451   1.000
  1045.000   1234.000    3.4380    3.4380    3.4380    3.4380   1.000
  1053.000   1234.000    3.7721    3.7721    3.7721    3.7721   1.000
  1061.000   1234.000    4.1296    4.1296    4.1296    4.1296   1.000
  1072.000   1234.000    2.7132    2.7132    2.7132    2.7132   1.000
  1039.000   1235.000    2.6540    2.6540    2.6540    2.6540   1.000
  1076.000   1235.000    3.1423    3.1423    3.1423    3.1423   1.000
  1028.000   1236.000    5.0102    5.0102    5.0102    5.0102   1.000
  1034.000   1236.000    4.1994    4.1994    4.1994    4.1994   1.000
  1055.000   1236.000    3.2849    3.2849    3.2849    3.2849   1.000
  1067.000   1236.000    3.5901    3.5901    3.5901    3.5901   1.000
  1048.000   1237.000    2.7063    2.7063    2.7063    2.7063   1.000
  1076.000   1237.000    3.7791    3.7791    3.7791    3.7791   1.000
  1037.000   1238.000    3.2421    3.2421    3.2421    3.2421   1.000
  1041.000   1238.000    3.7220    3.7220    3.7220    3.7220   1.000
  1046.000   1238.000    4.1101    4.1101    4.1101    4.1101   1.000
  1061.000   1238.000    3.4508    3.4508    3.4508    3.4508   1.000
  1065.000   1238.000    3.6500    3.6500    3.6500    3.6500   1.000
  1082.000   1238.000    4.5032    4.5032    4.5032    4.5032   1.000
  1078.000   1240.000    2.4429    2.4429    2.4429    2.4429   1.000
  1031.000   1241.000    3.6623    3.6623    3.6623    3.6623   1.000
  1066.000   1241.000    3.5032    3.5032    3.5032    3.5032   1.000
  1028.000   1242.000    4.5752    4.5752    4.5752    4.5752   1.000
  1040.000   1242.000    3.6293    3.6293    3.6293    3.6293   1.000
  1044.000   1242.000    2.9514    2.9514    2.9514    2.9514   1.000
  1075.000   1242.000    1.3645    1.3645    1.3645    1.3645   1.000
  1037.000   1243.000    2.3809    2.3809    2.3809    2.3809   1.000
  1048.000   1243.000    3.4071    3.4071    3.4071    3.4071   1.000
  1059.000   1243.000    3.5005    3.5005    3.5005    3.5005   1.000
  1070.000   1243.000    3.7715    3.7715    3.7715    3.7715   1.000
  1083.000   1243.000    3.3661    3.3661    3.3661    3.3661   1.000
  1046.000   1244.000    3.4467    3.4467    3.4467    3.4467   1.000
  1075.000   1244.000    2.5283    2.5283    2.5283    2.5283   1.000
  1070.000   1245.000    2.9066    2.9066    2.9066    2.9066   1.000
  1072.000   1245.000    3.2649    3.2649    3.2649    3.2649   1.000
  1037.000   1246.000    3.0411    3.0411    3.0411    3.0411   1.000
  1043.000   1246.000    1.2542    1.2542    1.2542    1.2542   1.000
  1034.000   1247.000    3.4973    3.4973    3.4973    3.4973   1.000
  1036.000   1248.000    2.1182    2.1182    2.1182    2.1182   1.000
  1048.000   1248.000    3.1569    3.1569    3.1569    3.1569   1.000
  1056.000   1248.000    3.6578    3.6578    3.6578    3.6578   1.000
  1066.000   1248.000    2.2713    2.2713    2.2713    2.2713   1.000
  1069.000   1248.000    2.7572    2.7572    2.7572    2.7572   1.000
  1073.000   1248.000    3.3792    3.3792    3.3792    3.3792   1.000
  1078.000   1248.000    3.4635    3.4635    3.4635    3.4635   1.000
  1028.000   1249.000    3.8051    3.8051    3.8051    3.8051   1.000
  1034.000   1249.000    3.0273    3.0273    3.0273    3.0273   1.000
  1037.000   1250.000    3.4026    3.4026    3.4026    3.4026   1.000
  1055.000   1250.000    3.5245    3.5245    3.5245    3.5245   1.000
  1067.000   1250.000    3.7259    3.7259    3.7259    3.7259   1.000
  1080.000   1250.000    4.3505    4.3505    4.3505    4.3505   1.000
  1043.000   1251.000    2.7611    2.7611    2.7611    2.7611   1.000
  1062.000   1251.000    3.2124    3.2124    3.2124    3.2124   1.000
  1070.000   1251.000    0.9078    0.9078    0.9078    0.9078   1.000
  1032.000   1252.000    2.4189    2.4189    2.4189    2.4189   1.000
  1034.000   1252.000    2.7433    2.7433    2.7433    2.7433   1.000
  1051.000   1252.000    3.4185    3.4185    3.4185    3.4185   1.000
  1059.000   1252.000    3.6937    3.6937    3.6937    3.6937   1.000
  1073.000   1252.000    4.1356    4.1356    4.1356    4.1356   1.000
  1075.000   1252.000    3.1831    3.1831    3.1831    3.1831   1.000
  1034.000   1254.000    3.0602    3.0602    3.0602    3.0602   1.000
  1036.000   1254.000    3.1738    3.1738    3.1738    3.1738   1.000
  1040.000   1254.000    3.6292    3.6292    3.6292    3.6292   1.000
  1055.000   1254.000    3.7206    3.7206    3.7206    3.7206   1.000
  1082.000   1254.000    2.7935    2.7935    2.7935    2.7935   1.000
  1030.000   1255.000    3.0689    3.0689    3.0689    3.0689   1.000
  1072.000   1255.000    2.3252    2.3252    2.3252    2.3252   1.000
  1080.000   1255.000    3.1136    3.1136    3.1136    3.1136   1.000
  1034.000   1256.000    3.2602    3.2602    3.2602    3.2602   1.000
  1041.000   1256.000    3.6082    3.6082    3.6082    3.6082   1.000
  1057.000   1256.000    3.3213    3.3213    3.3213    3.3213   1.000
  1070.000   1256.000    3.5609    3.5609    3.5609    3.5609   1.000
  1074.000   1256.000    4.0147    4.0147    4.0147    4.0147   1.000
  1037.000   1257.000    3.2588    3.2588    3.2588    3.2588   1.000
  1081.000   1257.000    2.8401    2.8401    2.8401    2.8401   1.000
  1056.000   1258.000    2.8864    2.8864    2.8864    2.8864   1.000
  1074.000   1258.000    2.9250    2.9250    2.9250    2.9250   1.000
  1083.000   1258.000    1.4520    1.4520    1.4520    1.4520   1.000
  1046.000   1259.000    2.6682    2.6682    2.6682    2.6682   1.000
  1061.000   1259.000    3.4560    3.4560    3.4560    3.4560   1.000
  1064.000   1259.000    3.0262    3.0262    3.0262    3.0262   1.000
  1071.000   1259.000    4.2383    4.2383    4.2383    4.2383   1.000
  1077.000   1259.000    3.8849    3.8849    3.8849    3.8849   1.000
  1036.000   1260.000    1.6937    1.6937    1.6937    1.6937   1.000
  1048.000   1260.000    3.6521    3.6521    3.6521    3.6521   1.000
  1066.000   1260.000    2.7367    2.7367    2.7367    2.7367   1.000
  1028.000   1261.000    4.5432    4.5432    4.5432    4.5432   1.000
  1044.000   1261.000    3.2064    3.2064    3.2064    3.2064   1.000
  1052.000   1261.000    2.6932    2.6932    2.6932    2.6932   1.000
  1060.000   1261.000    1.4888    1.4888    1.4888    1.4888   1.000
  1077.000   1261.000    3.8219    3.8219    3.8219    3.8219   1.000
  1032.000   1262.000    1.3567    1.3567    1.3567    1.3567   1.000
  1035.000   1262.000    2.9861    2.9861    2.9861    2.9861   1.000
  1040.000   1262.000    3.3808    3.3808    3.3808    3.3808   1.000
  1068.000   1262.000    3.2881    3.2881    3.2881    3.2881   1.000
  1079.000   1262.000    3.0510    3.0510    3.0510    3.0510   1.000
  1052.000   1263.000    2.3744    2.3744    2.3744    2.3744   1.000
  1077.000   1263.000    2.7774    2.7774    2.7774    2.7774   1.000
  1031.000   1264.000    2.8399    2.8399    2.8399    2.8399   1.000
  1058.000   1264.000    3.3906    3.3906    3.3906    3.3906   1.000
  1060.000   1264.000    2.9387    2.9387    2.9387    2.9387   1.000
  1069.000   1264.000    3.3955    3.3955    3.3955    3.3955   1.000
  1063.000   1265.000   -0.4188   -0.4188   -0.4188   -0.4188   1.000
  1065.000   1265.000    3.0711    3.0711    3.0711    3.0711   1.000
  1037.000   1266.000    3.3130    3.3130    3.3130    3.3130   1.000
  1053.000   1266.000    2.9529    2.9529    2.9529    2.9529   1.000
  1073.000   1266.000    3.1588    3.1588    3.1588    3.1588   1.000
  1079.000   1266.000    3.0008    3.0008    3.0008    3.0008   1.000
  1081.000   1266.000    2.7199    2.7199    2.7199    2.7199   1.000
  1058.000   1267.000    3.1641    3.1641    3.1641    3.1641   1.000
  1051.000   1268.000    3.8421    3.8421    3.8421    3.8421   1.000
  1064.000   1268.000    4.0113    4.0113    4.0113    4.0113   1.000
  1068.000   1268.000    3.7989    3.7989    3.7989    3.7989   1.000
  1040.000   1269.000    4.2558    4.2558    4.2558    4.2558   1.000
  1048.000   1269.000    3.0177    3.0177    3.0177    3.0177   1.000
  1056.000   1269.000    4.0795    4.0795    4.0795    4.0795   1.000
  1066.000   1269.000    2.2637    2.2637    2.2637    2.2637   1.000
  1081.000   1269.000    3.4754    3.4754    3.4754    3.4754   1.000
  1083.000   1269.000    2.1729    2.1729    2.1729    2.1729   1.000
  1051.000   1270.000    2.8238    2.8238    2.8238    2.8238   1.000
  1043.000   1271.000    4.1655    4.1655    4.1655    4.1655   1.000
  1058.000   1271.000    3.2320    3.2320    3.2320    3.2320   1.000
  1065.000   1271.000    4.0023    4.0023    4.0023    4.0023   1.000
  1074.000   1271.000    3.1142    3.1142    3.1142    3.1142   1.000
  1038.000   1272.000    3.7704    3.7704    3.7704    3.7704   1.000
  1056.000   1272.000    3.6361    3.6361    3.6361    3.6361   1.000
  1063.000   1272.000    3.1976    3.1976    3.1976    3.1976   1.000
  1070.000   1272.000    0.4253    0.4253    0.4253    0.4253   1.000
  1078.000   1272.000    0.0485    0.0485    0.0485    0.0485   1.000
  1067.000   1273.000    3.9576    3.9576    3.9576    3.9576   1.000
  1082.000   1273.000    1.9662    1.9662    1.9662    1.9662   1.000
  1043.000   1274.000    4.1066    4.1066    4.1066    4.1066   1.000
  1048.000   1274.000    2.2493    2.2493    2.2493    2.2493   1.000
  1080.000   1274.000    4.6030    4.6030    4.6030    4.6030   1.000
  1035.000   1275.000    3.2242    3.2242    3.2242    3.2242   1.000
  1046.000   1275.000    3.5501    3.5501    3.5501    3.5501   1.000
  1050.000   1275.000    3.0607    3.0607    3.0607    3.0607   1.000
  1067.000   1275.000    4.1185    4.1185    4.1185    4.1185   1.000
  1094.000   1220.000    3.2871    3.2871    3.2871    3.2871   1.000
  1100.000   1220.000    3.3024    3.3024    3.3024    3.3024   1.000
  1110.000   1220.000    2.7359    2.7359    2.7359    2.7359   1.000
  1121.000   1220.000    3.4617    3.4617    3.4617    3.4617   1.000
  1130.000   1220.000    2.7995    2.7995    2.7995    2.7995   1.000
  1143.000   1220.000    4.1750    4.1750    4.1750    4.1750   1.000
  1105.000   1221.000    4.8477    4.8477    4.8477    4.8477   1.000
  1108.000   1221.000    2.2257    2.2257    2.2257    2.2257   1.000
  1127.000   1221.000    3.1591    3.1591    3.1591    3.1591   1.000
  1094.000   1222.000    4.8755    4.8755    4.8755    4.8755   1.000
  1117.000   1222.000    2.9351    2.9351    2.9351    2.9351   1.000
  1098.000   1223.000    3.7251    3.7251    3.7251    3.7251   1.000
  1111.000   1223.000    3.9095    3.9095    3.9095    3.9095   1.000
  1119.000   1223.000    0.5880    0.5880    0.5880    0.5880   1.000
  1133.000   1223.000    2.4767    2.4767    2.4767    2.4767   1.000
  1144.000   1223.000    3.3500    3.3500    3.3500    3.3500   1.000
  1146.000   1223.000    2.7355    2.7355    2.7355    2.7355   1.000
  1107.000   1224.000    2.8367    2.8367    2.8367    2.8367   1.000
  1122.000   1224.000    4.2560    4.2560    4.2560    4.2560   1.000
  1094.000   1225.000    3.5155    3.5155    3.5155    3.5155   1.000
  1104.000   1225.000    4.1089    4.1089    4.1089    4.1089   1.000
  1130.000   1225.000    0.8032    0.8032    0.8032    0.8032   1.000
  1102.000   1226.000    3.8342    3.8342    3.8342    3.8342   1.000
  1108.000   1226.000    2.9326    2.9326    2.9326    2.9326   1.000
  1116.000   1226.000    3.8866    3.8866    3.8866    3.8866   1.000
  1118.000   1226.000    4.2900    4.2900    4.2900    4.2900   1.000
  1120.000   1226.000    4.4510    4.4510    4.4510    4.4510   1.000
  1125.000   1226.000    4.8947    4.8947    4.8947    4.8947   1.000
  1134.000   1226.000    3.3900    3.3900    3.3900    3.3900   1.000
  1093.000   1227.000    4.1174    4.1174    4.1174    4.1174   1.000
  1130.000   1227.000    4.7514    4.7514    4.7514    4.7514   1.000
  1101.000   1228.000    3.8802    3.8802    3.8802    3.8802   1.000
  1109.000   1228.000    2.7424    2.7424    2.7424    2.7424   1.000
  1132.000   1228.000    2.6573    2.6573    2.6573    2.6573   1.000
  1094.000   1229.000    3.2178    3.2178    3.2178    3.2178   1.000
  1106.000   1229.000    3.1714    3.1714    3.1714    3.1714   1.000
  1123.000   1229.000    3.6181    3.6181    3.6181    3.6181   1.000
  1147.000   1229.000    3.7769    3.7769    3.7769    3.7769   1.000
  1102.000   1230.000    2.9133    2.9133    2.9133    2.9133   1.000
  1128.000   1230.000    4.5073    4.5073    4.5073    4.5073   1.000
  1139.000   1230.000    3.2902    3.2902    3.2902    3.2902   1.000
  1144.000   1230.000    2.6946    2.6946    2.6946    2.6946   1.000
  1112.000   1231.000    4.1492    4.1492    4.1492    4.1492   1.000
  1135.000   1231.000    3.0628    3.0628    3.0628    3.0628   1.000
  1095.000   1232.000    3.2663    3.2663    3.2663    3.2663   1.000
  1102.000   1232.000    2.7645    2.7645    2.7645    2.7645   1.000
  1123.000   1232.000    3.6954    3.6954    3.6954    3.6954   1.000
  1142.000   1232.000    2.8964    2.8964    2.8964    2.8964   1.000
  1146.000   1232.000    3.4573    3.4573    3.4573    3.4573   1.000
  1099.000   1233.000    3.5038    3.5038    3.5038    3.5038   1.000
  1114.000   1233.000    3.2093    3.2093    3.2093    3.2093   1.000
  1136.000   1234.000    5.2117    5.2117    5.2117    5.2117   1.000
  1117.000   1235.000    4.1015    4.1015    4.1015    4.1015   1.000
  1131.000   1235.000    3.6711    3.6711    3.6711    3.6711   1.000
  1092.000   1236.000    3.7406    3.7406    3.7406    3.7406   1.000
  1095.000   1236.000    4.1322    4.1322    4.1322    4.1322   1.000
  1098.000   1236.000    4.4991    4.4991    4.4991    4.4991   1.000
  1134.000   1236.000    4.6657    4.6657    4.6657    4.6657   1.000
  1140.000   1236.000    3.4455    3.4455    3.4455    3.4455   1.000
  1109.000   1237.000    3.2590    3.2590    3.2590    3.2590   1.000
  1126.000   1237.000    3.6840    3.6840    3.6840    3.6840   1.000
  1146.000   1237.000    4.2293    4.2293    4.2293    4.2293   1.000
  1101.000   1238.000    3.8957    3.8957    3.8957    3.8957   1.000
  1111.000   1238.000    3.3380    3.3380    3.3380    3.3380   1.000
  1122.000   1238.000    4.8127    4.8127    4.8127    4.8127   1.000
  1128.000   1238.000    4.1696    4.1696    4.1696    4.1696   1.000
  1133.000   1238.000    3.7113    3.7113    3.7113    3.7113   1.000
  1096.000   1239.000    3.1818    3.1818    3.1818    3.1818   1.000
  1113.000   1239.000    4.0147    4.0147    4.0147    4.0147   1.000
  1115.000   1239.000    3.4329    3.4329    3.4329    3.4329   1.000
  1131.000   1239.000    3.8486    3.8486    3.8486    3.8486   1.000
  1092.000   1240.000    3.2685    3.2685    3.2685    3.2685   1.000
  1133.000   1240.000    3.6180    3.6180    3.6180    3.6180   1.000
  1100.000   1241.000    4.2355    4.2355    4.2355    4.2355   1.000
  1108.000   1241.000    3.2970    3.2970    3.2970    3.2970   1.000
  1130.000   1241.000    1.5829    1.5829    1.5829    1.5829   1.000
  1136.000   1241.000    4.8207    4.8207    4.8207    4.8207   1.000
  1138.000   1241.000    4.1413    4.1413    4.1413    4.1413   1.000
  1147.000   1241.000    4.5327    4.5327    4.5327    4.5327   1.000
  1097.000   1242.000    3.5802    3.5802    3.5802    3.5802   1.000
  1114.000   1242.000    3.4653    3.4653    3.4653    3.4653   1.000
  1116.000   1242.000    3.5750    3.5750    3.5750    3.5750   1.000
  1127.000   1242.000    2.1119    2.1119    2.1119    2.1119   1.000
  1104.000   1243.000    2.6804    2.6804    2.6804    2.6804   1.000
  1120.000   1243.000    2.4409    2.4409    2.4409    2.4409   1.000
  1130.000   1243.000    1.8558    1.8558    1.8558    1.8558   1.000
  1137.000   1243.000    3.9518    3.9518    3.9518    3.9518   1.000
  1115.000   1244.000    5.1568    5.1568    5.1568    5.1568   1.000
  1118.000   1244.000    2.2412    2.2412    2.2412    2.2412   1.000
  1125.000   1244.000    2.6175    2.6175    2.6175    2.6175   1.000
  1127.000   1244.000    1.6783    1.6783    1.6783    1.6783   1.000
  1134.000   1244.000    4.5348    4.5348    4.5348    4.5348   1.000
  1139.000   1244.000    3.6394    3.6394    3.6394    3.6394   1.000
  1142.000   1244.000    1.9415    1.9415    1.9415    1.9415   1.000
  1144.000   1244.000    3.2178    3.2178    3.2178    3.2178   1.000
  1104.000   1245.000    3.0137    3.0137    3.0137    3.0137   1.000
  1092.000   1246.000    3.2967    3.2967    3.2967    3.2967   1.000
  1108.000   1246.000    4.3810    4.3810    4.3810    4.3810   1.000
  1112.000   1246.000    4.6590    4.6590    4.6590    4.6590   1.000
  1128.000   1246.000    3.2068    3.2068    3.2068    3.2068   1.000
  1141.000   1246.000    2.9890    2.9890    2.9890    2.9890   1.000
  1099.000   1247.000    3.5579    3.5579    3.5579    3.5579   1.000
  1117.000   1247.000    3.8448    3.8448    3.8448    3.8448   1.000
  1133.000   1247.000    3.7305    3.7305    3.7305    3.7305   1.000
  1136.000   1247.000    3.7902    3.7902    3.7902    3.7902   1.000
  1093.000   1248.000    2.0245    2.0245    2.0245    2.0245   1.000
  1097.000   1248.000    3.6648    3.6648    3.6648    3.6648   1.000
  1103.000   1248.000    4.3720    4.3720    4.3720    4.3720   1.000
  1105.000   1248.000    3.6432    3.6432    3.6432    3.6432   1.000
  1126.000   1248.000    4.7352    4.7352    4.7352    4.7352   1.000
  1128.000   1248.000    2.6977    2.6977    2.6977    2.6977   1.000
  1092.000   1250.000    3.1820    3.1820    3.1820    3.1820   1.000
  1116.000   1250.000    2.6042    2.6042    2.6042    2.6042   1.000
  1129.000   1250.000    0.7535    0.7535    0.7535    0.7535   1.000
  1138.000   1250.000    4.4176    4.4176    4.4176    4.4176   1.000
  1141.000   1250.000    3.8850    3.8850    3.8850    3.8850   1.000
  1108.000   1251.000    4.2284    4.2284    4.2284    4.2284   1.000
  1144.000   1251.000    3.3530    3.3530    3.3530    3.3530   1.000
  1146.000   1251.000    4.0942    4.0942    4.0942    4.0942   1.000
  1094.000   1252.000    3.5166    3.5166    3.5166    3.5166   1.000
  1111.000   1252.000    3.7649    3.7649    3.7649    3.7649   1.000
  1115.000   1252.000    3.7212    3.7212    3.7212    3.7212   1.000
  1123.000   1252.000    3.6717    3.6717    3.6717    3.6717   1.000
  1118.000   1253.000    3.7613    3.7613    3.7613    3.7613   1.000
  1127.000   1253.000    1.1807    1.1807    1.1807    1.1807   1.000
  1140.000   1253.000    3.3680    3.3680    3.3680    3.3680   1.000
  1093.000   1254.000    3.7681    3.7681    3.7681    3.7681   1.000
  1097.000   1254.000    3.6349    3.6349    3.6349    3.6349   1.000
  1122.000   1254.000    3.7140    3.7140    3.7140    3.7140   1.000
  1104.000   1255.000    3.3559    3.3559    3.3559    3.3559   1.000
  1114.000   1255.000    3.5198    3.5198    3.5198    3.5198   1.000
  1125.000   1255.000    1.7894    1.7894    1.7894    1.7894   1.000
  1131.000   1255.000    2.8043    2.8043    2.8043    2.8043   1.000
  1140.000   1255.000    4.2784    4.2784    4.2784    4.2784   1.000
  1107.000   1256.000    3.6242    3.6242    3.6242    3.6242   1.000
  1122.000   1256.000    2.4346    2.4346    2.4346    2.4346   1.000
  1128.000   1256.000    3.1312    3.1312    3.1312    3.1312   1.000
  1143.000   1256.000    3.3488    3.3488    3.3488    3.3488   1.000
  1093.000   1257.000    2.3385    2.3385    2.3385    2.3385   1.000
  1101.000   1257.000    1.2963    1.2963    1.2963    1.2963   1.000
  1114.000   1257.000    2.9875    2.9875    2.9875    2.9875   1.000
  1119.000   1257.000    3.1488    3.1488    3.1488    3.1488   1.000
  1125.000   1257.000    2.4895    2.4895    2.4895    2.4895   1.000
  1136.000   1257.000    3.0370    3.0370    3.0370    3.0370   1.000
  1138.000   1257.000    3.3355    3.3355    3.3355    3.3355   1.000
  1140.000   1257.000    4.1301    4.1301    4.1301    4.1301   1.000
  1112.000   1258.000    3.0596    3.0596    3.0596    3.0596   1.000
  1143.000   1258.000    3.8850    3.8850    3.8850    3.8850   1.000
  1099.000   1259.000    2.6765    2.6765    2.6765    2.6765   1.000
  1102.000   1259.000    0.0295    0.0295    0.0295    0.0295   1.000
  1106.000   1259.000    2.8678    2.8678    2.8678    2.8678   1.000
  1108.000   1259.000    3.3911    3.3911    3.3911    3.3911   1.000
  1122.000   1259.000    0.5673    0.5673    0.5673    0.5673   1.000
  1124.000   1259.000    1.3585    1.3585    1.3585    1.3585   1.000
  1092.000   1260.000    1.2339    1.2339    1.2339    1.2339   1.000
  1111.000   1260.000    3.8633    3.8633    3.8633    3.8633   1.000
  1132.000   1260.000    4.0070    4.0070    4.0070    4.0070   1.000
  1137.000   1260.000    3.9511    3.9511    3.9511    3.9511   1.000
  1141.000   1260.000    4.1880    4.1880    4.1880    4.1880   1.000
  1107.000   1261.000    3.9936    3.9936    3.9936    3.9936   1.000
  1124.000   1261.000    3.5666    3.5666    3.5666    3.5666   1.000
  1126.000   1261.000    3.6311    3.6311    3.6311    3.6311   1.000
  1144.000   1261.000    3.3879    3.3879    3.3879    3.3879   1.000
  1101.000   1262.000    3.3437    3.3437    3.3437    3.3437   1.000
  1105.000   1262.000    2.7677    2.7677    2.7677    2.7677   1.000
  1111.000   1262.000    4.3399    4.3399    4.3399    4.3399   1.000
  1121.000   1262.000    1.5160    1.5160    1.5160    1.5160   1.000
  1113.000   1263.000    3.5586    3.5586    3.5586    3.5586   1.000
  1134.000   1263.000    4.0317    4.0317    4.0317    4.0317   1.000
  1104.000   1264.000    2.8077    2.8077    2.8077    2.8077   1.000
  1119.000   1264.000    3.1730    3.1730    3.1730    3.1730   1.000
  1141.000   1264.000    3.6519    3.6519    3.6519    3.6519   1.000
  1136.000   1265.000    4.5977    4.5977    4.5977    4.5977   1.000
  1138.000   1265.000    3.5026    3.5026    3.5026    3.5026   1.000
  1109.000   1266.000    4.7053    4.7053    4.7053    4.7053   1.000
  1123.000   1266.000    3.1791    3.1791    3.1791    3.1791   1.000
  1092.000   1267.000    3.0767    3.0767    3.0767    3.0767   1.000
  1094.000   1267.000    3.7236    3.7236    3.7236    3.7236   1.000
  1129.000   1267.000    3.5538    3.5538    3.5538    3.5538   1.000
  1105.000   1268.000    4.1568    4.1568    4.1568    4.1568   1.000
  1107.000   1268.000    4.3608    4.3608    4.3608    4.3608   1.000
  1125.000   1268.000    2.9977    2.9977    2.9977    2.9977   1.000
  1135.000   1268.000    3.5546    3.5546    3.5546    3.5546   1.000
  1127.000   1269.000    4.1360    4.1360    4.1360    4.1360   1.000
  1094.000   1270.000    3.7687    3.7687    3.7687    3.7687   1.000
  1101.000   1270.000    3.6562    3.6562    3.6562    3.6562   1.000
  1121.000   1270.000    3.8030    3.8030    3.8030    3.8030   1.000
  1130.000   1270.000    3.0668    3.0668    3.0668    3.0668   1.000
  1133.000   1270.000    2.7518    2.7518    2.7518    2.7518   1.000
  1116.000   1271.000    2.8734    2.8734    2.8734    2.8734   1.000
  1105.000   1272.000    3.0449    3.0449    3.0449    3.0449   1.000
  1130.000   1272.000    2.8677    2.8677    2.8677    2.8677   1.000
  1136.000   1272.000    3.9665    3.9665    3.9665    3.9665   1.000
  1099.000   1273.000    3.9479    3.9479    3.9479    3.9479   1.000
  1109.000   1273.000    2.7607    2.7607    2.7607    2.7607   1.000
  1113.000   1273.000    2.2618    2.2618    2.2618    2.2618   1.000
  1133.000   1273.000    4.3234    4.3234    4.3234    4.3234   1.000
  1096.000   1274.000    4.1625    4.1625    4.1625    4.1625   1.000
  1128.000   1274.000    4.3799    4.3799    4.3799    4.3799   1.000
  1137.000   1274.000    3.6989    3.6989    3.6989    3.6989   1.000
  1105.000   1275.000    2.3845    2.3845    2.3845    2.3845   1.000
  1124.000   1275.000    3.5683    3.5683    3.5683    3.5683   1.000
  1126.000   1275.000    5.2417    5.2417    5.2417    5.2417   1.000
  1156.000   1220.000    3.7960    3.7960    3.7960    3.7960   1.000
  1161.000   1220.000    3.1642    3.1642    3.1642    3.1642   1.000
  1163.000   1220.000    2.9431    2.9431    2.9431    2.9431   1.000
  1165.000   1220.000    3.0758    3.0758    3.0758    3.0758   1.000
  1168.000   1220.000    3.7465    3.7465    3.7465    3.7465   1.000
  1183.000   1220.000    3.3669    3.3669    3.3669    3.3669   1.000
  1188.000   1220.000    2.1965    2.1965    2.1965    2.1965   1.000
  1197.000   1220.000    3.2695    3.2695    3.2695    3.2695   1.000
  1201.000   1220.000    4.2785    4.2785    4.2785    4.2785   1.000
  1178.000   1222.000    2.8461    2.8461    2.8461    2.8461   1.000
  1169.000   1223.000    3.8908    3.8908    3.8908    3.8908   1.000
  1171.000   1223.000    4.1650    4.1650    4.1650    4.1650   1.000
  1175.000   1223.000    3.9821    3.9821    3.9821    3.9821   1.000
  1188.000   1223.000    3.0671    3.0671    3.0671    3.0671   1.000
  1165.000   1224.000    3.0623    3.0623    3.0623    3.0623   1.000
  1191.000   1224.000    3.7108    3.7108    3.7108    3.7108   1.000
  1197.000   1224.000    1.6829    1.6829    1.6829    1.6829   1.000
  1208.000   1224.000    3.5957    3.5957    3.5957    3.5957   1.000
  1211.000   1224.000    2.6567    2.6567    2.6567    2.6567   1.000
  1156.000   1225.000    3.7132    3.7132    3.7132    3.7132   1.000
  1167.000   1225.000    2.9857    2.9857    2.9857    2.9857   1.000
  1175.000   1225.000    3.7588    3.7588    3.7588    3.7588   1.000
  1185.000   1225.000    3.3626    3.3626    3.3626    3.3626   1.000
  1187.000   1225.000    2.8750    2.8750    2.8750    2.8750   1.000
  1183.000   1226.000    3.8707    3.8707    3.8707    3.8707   1.000
  1198.000   1226.000    3.4635    3.4635    3.4635    3.4635   1.000
  1208.000   1226.000    3.9110    3.9110    3.9110    3.9110   1.000
  1165.000   1227.000    3.2709    3.2709    3.2709    3.2709   1.000
  1178.000   1227.000    3.9302    3.9302    3.9302    3.9302   1.000
  1188.000   1227.000    2.5467    2.5467    2.5467    2.5467   1.000
  1202.000   1227.000    3.3294    3.3294    3.3294    3.3294   1.000
  1157.000   1228.000    3.1451    3.1451    3.1451    3.1451   1.000
  1161.000   1228.000    2.5136    2.5136    2.5136    2.5136   1.000
  1169.000   1228.000    3.4426    3.4426    3.4426    3.4426   1.000
  1186.000   1228.000    2.7418    2.7418    2.7418    2.7418   1.000
  1194.000   1228.000    2.0542    2.0542    2.0542    2.0542   1.000
  1197.000   1228.000    3.5540    3.5540    3.5540    3.5540   1.000
  1207.000   1228.000    3.3358    3.3358    3.3358    3.3358   1.000
  1167.000   1229.000    2.2600    2.2600    2.2600    2.2600   1.000
  1173.000   1229.000    3.9607    3.9607    3.9607    3.9607   1.000
  1178.000   1229.000    4.0488    4.0488    4.0488    4.0488   1.000
  1205.000   1229.000    3.5627    3.5627    3.5627    3.5627   1.000
  1182.000   1230.000    0.5447    0.5447    0.5447    0.5447   1.000
  1210.000   1230.000    2.4086    2.4086    2.4086    2.4086   1.000
  1156.000   1231.000    4.0705    4.0705    4.0705    4.0705   1.000
  1177.000   1231.000    3.3565    3.3565    3.3565    3.3565   1.000
  1187.000   1231.000    1.3405    1.3405    1.3405    1.3405   1.000
  1201.000   1231.000    3.1357    3.1357    3.1357    3.1357   1.000
  1161.000   1232.000    3.4671    3.4671    3.4671    3.4671   1.000
  1168.000   1232.000    2.2794    2.2794    2.2794    2.2794   1.000
  1181.000   1232.000    0.5035    0.5035    0.5035    0.5035   1.000
  1185.000   1232.000    0.0776    0.0776    0.0776    0.0776   1.000
  1165.000   1233.000    3.0840    3.0840    3.0840    3.0840   1.000
  1188.000   1233.000    3.3394    3.3394    3.3394    3.3394   1.000
  1160.000   1234.000    4.8424    4.8424    4.8424    4.8424   1.000
  1167.000   1234.000    2.2651    2.2651    2.2651    2.2651   1.000
  1184.000   1234.000    1.7484    1.7484    1.7484    1.7484   1.000
  1186.000   1234.000    1.0000    1.0000    1.0000    1.0000   1.000
  1196.000   1234.000    4.4399    4.4399    4.4399    4.4399   1.000
  1204.000   1234.000    3.1525    3.1525    3.1525    3.1525   1.000
  1208.000   1234.000    2.5050    2.5050    2.5050    2.5050   1.000
  1165.000   1235.000    2.9667    2.9667    2.9667    2.9667   1.000
  1182.000   1235.000    3.5454    3.5454    3.5454    3.5454   1.000
  1174.000   1236.000    3.2814    3.2814    3.2814    3.2814   1.000
  1180.000   1236.000    4.6469    4.6469    4.6469    4.6469   1.000
  1188.000   1236.000    3.0320    3.0320    3.0320    3.0320   1.000
  1163.000   1237.000    1.4879    1.4879    1.4879    1.4879   1.000
  1169.000   1237.000    3.0514    3.0514    3.0514    3.0514   1.000
  1200.000   1237.000    2.6509    2.6509    2.6509    2.6509   1.000
  1207.000   1237.000    1.1096    1.1096    1.1096    1.1096   1.000
  1211.000   1237.000    3.3932    3.3932    3.3932    3.3932   1.000
  1156.000   1238.000    4.1992    4.1992    4.1992    4.1992   1.000
  1160.000   1238.000    3.7038    3.7038    3.7038    3.7038   1.000
  1167.000   1238.000    4.5932    4.5932    4.5932    4.5932   1.000
  1186.000   1238.000    2.0001    2.0001    2.0001    2.0001   1.000
  1202.000   1239.000    2.5503    2.5503    2.5503    2.5503   1.000
  1156.000   1240.000    3.6693    3.6693    3.6693    3.6693   1.000
  1164.000   1240.000    2.8150    2.8150    2.8150    2.8150   1.000
  1169.000   1240.000    3.7904    3.7904    3.7904    3.7904   1.000
  1179.000   1240.000    3.8424    3.8424    3.8424    3.8424   1.000
  1190.000   1240.000    2.3919    2.3919    2.3919    2.3919   1.000
  1200.000   1240.000    1.6810    1.6810    1.6810    1.6810   1.000
  1162.000   1241.000    2.6913    2.6913    2.6913    2.6913   1.000
  1173.000   1241.000    3.3930    3.3930    3.3930    3.3930   1.000
  1187.000   1241.000    3.6856    3.6856    3.6856    3.6856   1.000
  1197.000   1241.000    3.0152    3.0152    3.0152    3.0152   1.000
  1206.000   1241.000    4.3626    4.3626    4.3626    4.3626   1.000
  1210.000   1241.000    3.5474    3.5474    3.5474    3.5474   1.000
  1159.000   1242.000    3.1679    3.1679    3.1679    3.1679   1.000
  1169.000   1242.000    3.8352    3.8352    3.8352    3.8352   1.000
  1202.000   1242.000    4.1043    4.1043    4.1043    4.1043   1.000
  1161.000   1243.000    3.3286    3.3286    3.3286    3.3286   1.000
  1176.000   1243.000    3.0263    3.0263    3.0263    3.0263   1.000
  1192.000   1243.000    3.7440    3.7440    3.7440    3.7440   1.000
  1205.000   1243.000    3.8266    3.8266    3.8266    3.8266   1.000
  1172.000   1244.000    4.0250    4.0250    4.0250    4.0250   1.000
  1179.000   1244.000    3.5155    3.5155    3.5155    3.5155   1.000
  1185.000   1244.000    3.5165    3.5165    3.5165    3.5165   1.000
  1199.000   1244.000    4.3307    4.3307    4.3307    4.3307   1.000
  1177.000   1245.000    3.6888    3.6888    3.6888    3.6888   1.000
  1182.000   1245.000    3.9668    3.9668    3.9668    3.9668   1.000
  1158.000   1246.000    1.0424    1.0424    1.0424    1.0424   1.000
  1175.000   1246.000    4.2302    4.2302    4.2302    4.2302   1.000
  1190.000   1246.000    3.0659    3.0659    3.0659    3.0659   1.000
  1198.000   1246.000    3.5967    3.5967    3.5967    3.5967   1.000
  1173.000   1247.000    2.7399    2.7399    2.7399    2.7399   1.000
  1156.000   1248.000    3.6746    3.6746    3.6746    3.6746   1.000
  1175.000   1248.000    3.3493    3.3493    3.3493    3.3493   1.000
  1184.000   1248.000    4.2834    4.2834    4.2834    4.2834   1.000
  1186.000   1248.000    1.9644    1.9644    1.9644    1.9644   1.000
  1189.000   1248.000    3.6200    3.6200    3.6200    3.6200   1.000
  1167.000   1249.000    4.5026    4.5026    4.5026    4.5026   1.000
  1171.000   1249.000    4.1005    4.1005    4.1005    4.1005   1.000
  1198.000   1249.000    3.5690    3.5690    3.5690    3.5690   1.000
  1206.000   1249.000    3.6439    3.6439    3.6439    3.6439   1.000
  1162.000   1250.000    3.8875    3.8875    3.8875    3.8875   1.000
  1169.000   1250.000    1.8907    1.8907    1.8907    1.8907   1.000
  1175.000   1250.000    3.1773    3.1773    3.1773    3.1773   1.000
  1202.000   1250.000    4.1690    4.1690    4.1690    4.1690   1.000
  1158.000   1251.000    3.1170    3.1170    3.1170    3.1170   1.000
  1172.000   1251.000    3.0167    3.0167    3.0167    3.0167   1.000
  1177.000   1251.000    3.8529    3.8529    3.8529    3.8529   1.000
  1180.000   1251.000    2.9217    2.9217    2.9217    2.9217   1.000
  1191.000   1251.000    4.2231    4.2231    4.2231    4.2231   1.000
  1162.000   1252.000    2.4895    2.4895    2.4895    2.4895   1.000
  1165.000   1252.000    3.4040    3.4040    3.4040    3.4040   1.000
  1168.000   1252.000    3.4937    3.4937    3.4937    3.4937   1.000
  1170.000   1252.000    3.8222    3.8222    3.8222    3.8222   1.000
  1188.000   1252.000    4.0525    4.0525    4.0525    4.0525   1.000
  1194.000   1252.000    3.3581    3.3581    3.3581    3.3581   1.000
  1208.000   1252.000    2.7612    2.7612    2.7612    2.7612   1.000
  1177.000   1253.000    4.6340    4.6340    4.6340    4.6340   1.000
  1160.000   1254.000    4.1684    4.1684    4.1684    4.1684   1.000
  1162.000   1254.000    4.3526    4.3526    4.3526    4.3526   1.000
  1164.000   1254.000    3.0899    3.0899    3.0899    3.0899   1.000
  1171.000   1254.000    3.9782    3.9782    3.9782    3.9782   1.000
  1192.000   1254.000    2.4885    2.4885    2.4885    2.4885   1.000
  1194.000   1255.000    2.9543    2.9543    2.9543    2.9543   1.000
  1209.000   1255.000    2.5666    2.5666    2.5666    2.5666   1.000
  1211.000   1255.000    4.4012    4.4012    4.4012    4.4012   1.000
  1174.000   1256.000    2.8104    2.8104    2.8104    2.8104   1.000
  1190.000   1256.000    3.2596    3.2596    3.2596    3.2596   1.000
  1202.000   1256.000    3.4931    3.4931    3.4931    3.4931   1.000
  1165.000   1257.000    3.0203    3.0203    3.0203    3.0203   1.000
  1186.000   1257.000    3.6735    3.6735    3.6735    3.6735   1.000
  1200.000   1257.000    3.7013    3.7013    3.7013    3.7013   1.000
  1158.000   1258.000    2.7504    2.7504    2.7504    2.7504   1.000
  1174.000   1258.000    3.2628    3.2628    3.2628    3.2628   1.000
  1178.000   1258.000    3.8838    3.8838    3.8838    3.8838   1.000
  1191.000   1258.000    3.3580    3.3580    3.3580    3.3580   1.000
  1205.000   1258.000    4.1197    4.1197    4.1197    4.1197   1.000
  1208.000   1258.000    4.1216    4.1216    4.1216    4.1216   1.000
  1210.000   1258.000    4.8939    4.8939    4.8939    4.8939   1.000
  1156.000   1259.000    3.4271    3.4271    3.4271    3.4271   1.000
  1164.000   1259.000    2.4109    2.4109    2.4109    2.4109   1.000
  1187.000   1259.000    3.2972    3.2972    3.2972    3.2972   1.000
  1195.000   1259.000    2.9205    2.9205    2.9205    2.9205   1.000
  1169.000   1260.000    2.6301    2.6301    2.6301    2.6301   1.000
  1189.000   1260.000    3.0294    3.0294    3.0294    3.0294   1.000
  1191.000   1260.000    3.5903    3.5903    3.5903    3.5903   1.000
  1193.000   1260.000    2.7734    2.7734    2.7734    2.7734   1.000
  1204.000   1260.000    4.4805    4.4805    4.4805    4.4805   1.000
  1158.000   1261.000    2.9935    2.9935    2.9935    2.9935   1.000
  1175.000   1261.000    2.4935    2.4935    2.4935    2.4935   1.000
  1177.000   1261.000    3.2548    3.2548    3.2548    3.2548   1.000
  1164.000   1262.000    4.5159    4.5159    4.5159    4.5159   1.000
  1157.000   1263.000    4.5086    4.5086    4.5086    4.5086   1.000
  1168.000   1264.000    3.6628    3.6628    3.6628    3.6628   1.000
  1177.000   1264.000    5.0361    5.0361    5.0361    5.0361   1.000
  1160.000   1265.000    4.1491    4.1491    4.1491    4.1491   1.000
  1172.000   1265.000    3.6339    3.6339    3.6339    3.6339   1.000
  1167.000   1266.000    4.0124    4.0124    4.0124    4.0124   1.000
  1174.000   1266.000    2.9630    2.9630    2.9630    2.9630   1.000
  1177.000   1266.000    3.4463    3.4463    3.4463    3.4463   1.000
  1181.000   1266.000    3.6406    3.6406    3.6406    3.6406   1.000
  1183.000   1266.000    3.2677    3.2677    3.2677    3.2677   1.000
  1198.000   1266.000    3.9404    3.9404    3.9404    3.9404   1.000
  1207.000   1268.000    3.8810    3.8810    3.8810    3.8810   1.000
  1163.000   1269.000    3.3585    3.3585    3.3585    3.3585   1.000
  1174.000   1269.000    3.1062    3.1062    3.1062    3.1062   1.000
  1178.000   1269.000    3.0040    3.0040    3.0040    3.0040   1.000
  1194.000   1270.000    3.4291    3.4291    3.4291    3.4291   1.000
  1200.000   1270.000    4.3175    4.3175    4.3175    4.3175   1.000
  1207.000   1270.000    3.5330    3.5330    3.5330    3.5330   1.000
  1159.000   1271.000    3.4092    3.4092    3.4092    3.4092   1.000
  1173.000   1272.000    3.6390    3.6390    3.6390    3.6390   1.000
  1175.000   1272.000    3.2546    3.2546    3.2546    3.2546   1.000
  1178.000   1272.000    3.3201    3.3201    3.3201    3.3201   1.000
  1197.000   1272.000    2.0906    2.0906    2.0906    2.0906   1.000
  1207.000   1272.000    4.2223    4.2223    4.2223    4.2223   1.000
  1164.000   1273.000    4.1904    4.1904    4.1904    4.1904   1.000
  1185.000   1273.000    3.9280    3.9280    3.9280    3.9280   1.000
  1195.000   1273.000    3.2581    3.2581    3.2581    3.2581   1.000
  1209.000   1273.000    3.2030    3.2030    3.2030    3.2030   1.000
  1174.000   1274.000    3.6055    3.6055    3.6055    3.6055   1.000
  1176.000   1274.000    3.8978    3.8978    3.8978    3.8978   1.000
  1178.000   1274.000    3.2299    3.2299    3.2299    3.2299   1.000
  1198.000   1274.000    3.5638    3.5638    3.5638    3.5638   1.000
  1207.000   1274.000    2.7264    2.7264    2.7264    2.7264   1.000
  1181.000   1275.000    3.0948    3.0948    3.0948    3.0948   1.000
  1225.000   1220.000    2.3215    2.3215    2.3215    2.3215   1.000
  1243.000   1220.000    3.7125    3.7125    3.7125    3.7125   1.000
  1269.000   1220.000    3.4251    3.4251    3.4251    3.4251   1.000
  1252.000   1221.000    4.1852    4.1852    4.1852    4.1852   1.000
  1227.000   1222.000    4.3137    4.3137    4.3137    4.3137   1.000
  1238.000   1222.000    3.5698    3.5698    3.5698    3.5698   1.000
  1266.000   1223.000    3.4815    3.4815    3.4815    3.4815   1.000
  1273.000   1223.000    3.2000    3.2000    3.2000    3.2000   1.000
  1232.000   1224.000    4.1679    4.1679    4.1679    4.1679   1.000
  1255.000   1224.000    3.9673    3.9673    3.9673    3.9673   1.000
  1270.000   1224.000    3.1964    3.1964    3.1964    3.1964   1.000
  1237.000   1225.000    3.7225    3.7225    3.7225    3.7225   1.000
  1244.000   1225.000    3.9077    3.9077    3.9077    3.9077   1.000
  1251.000   1225.000    3.3897    3.3897    3.3897    3.3897   1.000
  1261.000   1225.000    3.2874    3.2874    3.2874    3.2874   1.000
  1263.000   1225.000    3.9749    3.9749    3.9749    3.9749   1.000
  1267.000   1225.000    3.6444    3.6444    3.6444    3.6444   1.000
  1225.000   1226.000    4.4915    4.4915    4.4915    4.4915   1.000
  1228.000   1226.000    3.6174    3.6174    3.6174    3.6174   1.000
  1233.000   1226.000    3.6561    3.6561    3.6561    3.6561   1.000
  1249.000   1226.000    3.8529    3.8529    3.8529    3.8529   1.000
  1257.000   1226.000    3.2034    3.2034    3.2034    3.2034   1.000
  1225.000   1228.000    3.8903    3.8903    3.8903    3.8903   1.000
  1227.000   1228.000    4.0885    4.0885    4.0885    4.0885   1.000
  1234.000   1228.000    3.4698    3.4698    3.4698    3.4698   1.000
  1255.000   1228.000    3.6495    3.6495    3.6495    3.6495   1.000
  1258.000   1228.000    3.0280    3.0280    3.0280    3.0280   1.000
  1272.000   1228.000    3.0421    3.0421    3.0421    3.0421   1.000
  1230.000   1229.000    3.3146    3.3146    3.3146    3.3146   1.000
  1246.000   1229.000    3.8174    3.8174    3.8174    3.8174   1.000
  1269.000   1229.000    3.2638    3.2638    3.2638    3.2638   1.000
  1254.000   1230.000    2.3685    2.3685    2.3685    2.3685   1.000
  1260.000   1230.000    2.7837    2.7837    2.7837    2.7837   1.000
  1265.000   1230.000    2.4469    2.4469    2.4469    2.4469   1.000
  1274.000   1230.000    3.3810    3.3810    3.3810    3.3810   1.000
  1220.000   1231.000    2.8240    2.8240    2.8240    2.8240   1.000
  1226.000   1231.000    3.5526    3.5526    3.5526    3.5526   1.000
  1256.000   1231.000    4.6541    4.6541    4.6541    4.6541   1.000
  1269.000   1231.000    3.4052    3.4052    3.4052    3.4052   1.000
  1223.000   1232.000    2.7933    2.7933    2.7933    2.7933   1.000
  1261.000   1232.000    3.6806    3.6806    3.6806    3.6806   1.000
  1273.000   1232.000    4.0019    4.0019    4.0019    4.0019   1.000
  1275.000   1232.000    3.1195    3.1195    3.1195    3.1195   1.000
  1253.000   1233.000    2.9495    2.9495    2.9495    2.9495   1.000
  1259.000   1233.000    3.8144    3.8144    3.8144    3.8144   1.000
  1232.000   1234.000    2.5367    2.5367    2.5367    2.5367   1.000
  1239.000   1234.000    3.8535    3.8535    3.8535    3.8535   1.000
  1248.000   1234.000    3.7921    3.7921    3.7921    3.7921   1.000
  1255.000   1234.000    4.0068    4.0068    4.0068    4.0068   1.000
  1221.000   1235.000    4.2117    4.2117    4.2117    4.2117   1.000
  1252.000   1235.000    1.9624    1.9624    1.9624    1.9624   1.000
  1242.000   1236.000    4.2246    4.2246    4.2246    4.2246   1.000
  1259.000   1236.000    4.7263    4.7263    4.7263    4.7263   1.000
  1265.000   1236.000    0.7317    0.7317    0.7317    0.7317   1.000
  1270.000   1236.000    3.2840    3.2840    3.2840    3.2840   1.000
  1230.000   1237.000    3.5056    3.5056    3.5056    3.5056   1.000
  1250.000   1237.000    3.2665    3.2665    3.2665    3.2665   1.000
  1275.000   1237.000    0.0166    0.0166    0.0166    0.0166   1.000
  1241.000   1238.000    3.9557    3.9557    3.9557    3.9557   1.000
  1247.000   1238.000    3.1663    3.1663    3.1663    3.1663   1.000
  1255.000   1238.000    3.4751    3.4751    3.4751    3.4751   1.000
  1261.000   1238.000    3.2919    3.2919    3.2919    3.2919   1.000
  1270.000   1238.000    3.2481    3.2481    3.2481    3.2481   1.000
  1272.000   1238.000    3.4770    3.4770    3.4770    3.4770   1.000
  1222.000   1240.000    3.6421    3.6421    3.6421    3.6421   1.000
  1228.000   1240.000    3.7294    3.7294    3.7294    3.7294   1.000
  1253.000   1240.000    2.0979    2.0979    2.0979    2.0979   1.000
  1264.000   1240.000    3.8419    3.8419    3.8419    3.8419   1.000
  1239.000   1241.000    3.6837    3.6837    3.6837    3.6837   1.000
  1262.000   1241.000    3.8851    3.8851    3.8851    3.8851   1.000
  1271.000   1241.000    3.0932    3.0932    3.0932    3.0932   1.000
  1224.000   1242.000    3.8869    3.8869    3.8869    3.8869   1.000
  1248.000   1242.000    3.3031    3.3031    3.3031    3.3031   1.000
  1252.000   1242.000    1.6663    1.6663    1.6663    1.6663   1.000
  1244.000   1243.000    3.9323    3.9323    3.9323    3.9323   1.000
  1227.000   1244.000    3.8418    3.8418    3.8418    3.8418   1.000
  1239.000   1244.000    2.6627    2.6627    2.6627    2.6627   1.000
  1247.000   1244.000    3.5180    3.5180    3.5180    3.5180   1.000
  1252.000   1244.000    2.8491    2.8491    2.8491    2.8491   1.000
  1263.000   1244.000    4.0489    4.0489    4.0489    4.0489   1.000
  1270.000   1244.000    4.1651    4.1651    4.1651    4.1651   1.000
  1230.000   1245.000    4.0320    4.0320    4.0320    4.0320   1.000
  1256.000   1245.000    3.3547    3.3547    3.3547    3.3547   1.000
  1259.000   1245.000    4.3120    4.3120    4.3120    4.3120   1.000
  1274.000   1245.000    3.7902    3.7902    3.7902    3.7902   1.000
  1270.000   1246.000    2.5992    2.5992    2.5992    2.5992   1.000
  1236.000   1247.000    3.9367    3.9367    3.9367    3.9367   1.000
  1250.000   1247.000    3.3907    3.3907    3.3907    3.3907   1.000
  1255.000   1247.000    2.8669    2.8669    2.8669    2.8669   1.000
  1222.000   1248.000    3.5143    3.5143    3.5143    3.5143   1.000
  1227.000   1248.000    3.4307    3.4307    3.4307    3.4307   1.000
  1244.000   1248.000    2.2731    2.2731    2.2731    2.2731   1.000
  1247.000   1248.000    0.3494    0.3494    0.3494    0.3494   1.000
  1253.000   1248.000    2.6232    2.6232    2.6232    2.6232   1.000
  1262.000   1248.000    3.4479    3.4479    3.4479    3.4479   1.000
  1273.000   1248.000    4.2155    4.2155    4.2155    4.2155   1.000
  1275.000   1249.000    3.2559    3.2559    3.2559    3.2559   1.000
  1227.000   1250.000    2.3115    2.3115    2.3115    2.3115   1.000
  1229.000   1250.000    1.4474    1.4474    1.4474    1.4474   1.000
  1261.000   1250.000    3.8613    3.8613    3.8613    3.8613   1.000
  1242.000   1251.000    3.0178    3.0178    3.0178    3.0178   1.000
  1256.000   1251.000    4.0790    4.0790    4.0790    4.0790   1.000
  1265.000   1251.000    3.7814    3.7814    3.7814    3.7814   1.000
  1270.000   1251.000    2.9378    2.9378    2.9378    2.9378   1.000
  1222.000   1252.000    2.9253    2.9253    2.9253    2.9253   1.000
  1225.000   1252.000    2.2702    2.2702    2.2702    2.2702   1.000
  1234.000   1252.000    3.8549    3.8549    3.8549    3.8549   1.000
  1249.000   1252.000    2.8624    2.8624    2.8624    2.8624   1.000
  1251.000   1252.000    3.8153    3.8153    3.8153    3.8153   1.000
  1258.000   1253.000    3.3964    3.3964    3.3964    3.3964   1.000
  1261.000   1253.000    2.3665    2.3665    2.3665    2.3665   1.000
  1264.000   1253.000    3.5871    3.5871    3.5871    3.5871   1.000
  1269.000   1253.000    2.3205    2.3205    2.3205    2.3205   1.000
  1245.000   1254.000    4.1135    4.1135    4.1135    4.1135   1.000
  1267.000   1254.000    2.9283    2.9283    2.9283    2.9283   1.000
  1271.000   1254.000    3.8847    3.8847    3.8847    3.8847   1.000
  1273.000   1254.000    3.3435    3.3435    3.3435    3.3435   1.000
  1223.000   1255.000    3.9947    3.9947    3.9947    3.9947   1.000
  1239.000   1255.000    1.8125    1.8125    1.8125    1.8125   1.000
  1221.000   1256.000    3.8098    3.8098    3.8098    3.8098   1.000
  1245.000   1256.000    2.6552    2.6552    2.6552    2.6552   1.000
  1248.000   1256.000    3.3336    3.3336    3.3336    3.3336   1.000
  1250.000   1256.000    3.1792    3.1792    3.1792    3.1792   1.000
  1255.000   1256.000    4.2219    4.2219    4.2219    4.2219   1.000
  1264.000   1256.000    3.8361    3.8361    3.8361    3.8361   1.000
  1271.000   1256.000    4.0634    4.0634    4.0634    4.0634   1.000
  1273.000   1256.000    3.8089    3.8089    3.8089    3.8089   1.000
  1225.000   1257.000    3.9017    3.9017    3.9017    3.9017   1.000
  1240.000   1257.000    3.8874    3.8874    3.8874    3.8874   1.000
  1242.000   1257.000    4.0560    4.0560    4.0560    4.0560   1.000
  1260.000   1257.000    3.3626    3.3626    3.3626    3.3626   1.000
  1269.000   1257.000    3.0304    3.0304    3.0304    3.0304   1.000
  1233.000   1258.000    3.3375    3.3375    3.3375    3.3375   1.000
  1235.000   1258.000    4.1305    4.1305    4.1305    4.1305   1.000
  1237.000   1258.000    3.4538    3.4538    3.4538    3.4538   1.000
  1264.000   1258.000    3.4430    3.4430    3.4430    3.4430   1.000
  1244.000   1259.000    2.7185    2.7185    2.7185    2.7185   1.000
  1247.000   1259.000    3.6769    3.6769    3.6769    3.6769   1.000
  1253.000   1259.000    4.6311    4.6311    4.6311    4.6311   1.000
  1258.000   1259.000    3.0029    3.0029    3.0029    3.0029   1.000
  1260.000   1259.000    3.6769    3.6769    3.6769    3.6769   1.000
  1268.000   1259.000    3.8639    3.8639    3.8639    3.8639   1.000
  1270.000   1259.000    3.6776    3.6776    3.6776    3.6776   1.000
  1235.000   1260.000    3.5450    3.5450    3.5450    3.5450   1.000
  1242.000   1260.000    3.9014    3.9014    3.9014    3.9014   1.000
  1262.000   1260.000    3.3322    3.3322    3.3322    3.3322   1.000
  1238.000   1261.000    4.1738    4.1738    4.1738    4.1738   1.000
  1265.000   1261.000    4.6540    4.6540    4.6540    4.6540   1.000
  1275.000   1261.000    3.6451    3.6451    3.6451    3.6451   1.000
  1273.000   1262.000    3.5264    3.5264    3.5264    3.5264   1.000
  1238.000   1263.000    4.7107    4.7107    4.7107    4.7107   1.000
  1247.000   1263.000    3.4410    3.4410    3.4410    3.4410   1.000
  1220.000   1264.000    4.7089    4.7089    4.7089    4.7089   1.000
  1225.000   1264.000    4.0187    4.0187    4.0187    4.0187   1.000
  1244.000   1264.000    3.0752    3.0752    3.0752    3.0752   1.000
  1254.000   1264.000    3.9679    3.9679    3.9679    3.9679   1.000
  1258.000   1264.000    3.3276    3.3276    3.3276    3.3276   1.000
  1228.000   1265.000    3.8575    3.8575    3.8575    3.8575   1.000
  1240.000   1265.000    2.6131    2.6131    2.6131    2.6131   1.000
  1258.000   1266.000    3.5163    3.5163    3.5163    3.5163   1.000
  1262.000   1266.000    2.8845    2.8845    2.8845    2.8845   1.000
  1234.000   1267.000    1.7451    1.7451    1.7451    1.7451   1.000
  1254.000   1267.000    2.8425    2.8425    2.8425    2.8425   1.000
  1225.000   1268.000    3.5823    3.5823    3.5823    3.5823   1.000
  1246.000   1268.000    3.4138    3.4138    3.4138    3.4138   1.000
  1248.000   1268.000    3.7910    3.7910    3.7910    3.7910   1.000
  1252.000   1268.000    2.5535    2.5535    2.5535    2.5535   1.000
  1261.000   1268.000    4.1266    4.1266    4.1266    4.1266   1.000
  1266.000   1268.000    2.8577    2.8577    2.8577    2.8577   1.000
  1269.000   1268.000    3.0051    3.0051    3.0051    3.0051   1.000
  1221.000   1269.000    3.1907    3.1907    3.1907    3.1907   1.000
  1231.000   1269.000    0.7673    0.7673    0.7673    0.7673   1.000
  1239.000   1269.000    3.0253    3.0253    3.0253    3.0253   1.000
  1244.000   1269.000    3.3764    3.3764    3.3764    3.3764   1.000
  1235.000   1270.000    3.5209    3.5209    3.5209    3.5209   1.000
  1241.000   1270.000    3.6539    3.6539    3.6539    3.6539   1.000
  1268.000   1270.000    2.8443    2.8443    2.8443    2.8443   1.000
  1238.000   1271.000    3.0408    3.0408    3.0408    3.0408   1.000
  1261.000   1271.000    2.6229    2.6229    2.6229    2.6229   1.000
  1231.000   1272.000    2.8183    2.8183    2.8183    2.8183   1.000
  1236.000   1272.000    3.7408    3.7408    3.7408    3.7408   1.000
  1256.000   1272.000    4.1158    4.1158    4.1158    4.1158   1.000
  1259.000   1272.000    4.8129    4.8129    4.8129    4.8129   1.000
  1220.000   1273.000    2.9028    2.9028    2.9028    2.9028   1.000
  1222.000   1273.000    3.2941    3.2941    3.2941    3.2941   1.000
  1238.000   1273.000    4.1251    4.1251    4.1251    4.1251   1.000
  1246.000   1273.000    4.1125    4.1125    4.1125    4.1125   1.000
  1271.000   1273.000    4.3011    4.3011    4.3011    4.3011   1.000
  1224.000   1274.000    3.6123    3.6123    3.6123    3.6123   1.000
  1226.000   1274.000    4.0164    4.0164    4.0164    4.0164   1.000
  1221.000   1275.000    3.2391    3.2391    3.2391    3.2391   1.000
  1236.000   1275.000    2.4576    2.4576    2.4576    2.4576   1.000
  1245.000   1275.000    3.8824    3.8824    3.8824    3.8824   1.000
  1254.000   1275.000    2.8885    2.8885    2.8885    2.8885   1.000
  1259.000   1275.000    4.0984    4.0984    4.0984    4.0984   1.000
  1269.000   1275.000    3.6086    3.6086    3.6086    3.6086   1.000
  1271.000   1275.000    3.6985    3.6985    3.6985    3.6985   1.000
